# Blender 4.5.1 LTS
# www.blender.org
mtllib PunchingBag.mtl
o PunchingBag2
v 0.017135 1.604825 0.105376
v 0.013619 1.585949 0.111804
v 0.007102 1.579009 0.116086
v 0.078445 1.677214 -0.036424
v 0.075350 1.652072 -0.007475
v 0.077017 1.667134 -0.018111
v 0.195689 1.318536 0.025857
v 0.190005 1.315973 0.021507
v 0.197329 1.322858 0.033780
v 0.044407 0.771145 0.100259
v 0.055850 0.822054 0.098456
v 0.060987 0.769353 0.098780
v 0.058516 0.729021 0.103449
v 0.035974 0.731453 0.103824
v 0.033988 0.774802 0.099207
v 0.043360 0.821491 0.098332
v 0.055534 0.859121 0.093928
v 0.033931 0.843253 0.093335
v 0.075201 0.857298 0.090661
v 0.072064 0.817741 0.093333
v 0.074568 0.885988 0.086585
v 0.049326 0.892718 0.085893
v 0.078798 0.899334 0.084985
v 0.053306 0.934069 0.081719
v 0.040311 0.920505 0.083218
v 0.063366 0.948479 0.077942
v 0.088384 0.872399 0.085284
v 0.087569 0.923857 0.078349
v 0.034109 0.957131 0.084921
v 0.015332 0.919362 0.085092
v -0.005388 0.912270 0.084967
v -0.048931 0.943918 0.084665
v -0.016838 0.879506 0.084772
v -0.016563 0.961141 0.084607
v -0.057516 0.990885 0.083723
v -0.031950 0.982967 0.084009
v 0.045730 0.973178 0.084588
v 0.017600 0.987713 0.085197
v -0.047204 0.894066 0.084240
v -0.065837 0.867241 0.085073
v -0.038730 0.833480 0.084942
v -0.067616 0.803473 0.086261
v -0.090846 0.836892 0.084401
v -0.089619 0.794335 0.085217
v -0.078865 0.903148 0.079828
v -0.075680 0.939067 0.079399
v -0.037492 0.801745 0.084448
v -0.048293 0.791620 0.086031
v -0.080348 0.752389 0.084454
v 0.027747 0.898722 0.082145
v 0.026518 0.881300 0.082740
v -0.064034 0.751272 0.083791
v -0.026532 0.822676 0.083422
v -0.113517 0.861429 0.076107
v -0.116397 0.914033 0.071314
v -0.139095 0.854575 0.071907
v -0.142853 0.803747 0.072754
v -0.114042 0.772238 0.078181
v -0.139173 0.758496 0.073925
v -0.111996 0.741809 0.076432
v -0.136665 0.735581 0.076555
v -0.117736 0.727345 0.077238
v -0.098716 0.743919 0.077993
v -0.085156 0.959509 0.075101
v -0.069163 0.994154 0.079372
v -0.146407 0.739367 0.073979
v -0.146635 0.901351 0.065242
v 0.012272 0.869558 0.078591
v -0.140751 0.698424 0.085004
v -0.154464 0.701441 0.082284
v -0.137279 0.662201 0.092701
v -0.119286 0.687833 0.085593
v -0.133424 0.930043 0.063341
v -0.116424 0.960135 0.064456
v -0.150286 0.660699 0.093383
v -0.155863 0.920620 0.058389
v -0.123776 0.977406 0.058360
v -0.102613 0.977233 0.064093
v -0.108798 1.027137 0.054321
v -0.156500 0.843036 0.065909
v -0.162346 0.806258 0.065292
v 0.013123 0.826194 0.083450
v -0.158831 0.659241 0.090820
v -0.040567 0.745074 0.080053
v -0.022851 0.732880 0.078127
v -0.051267 0.732560 0.077567
v -0.020715 0.720162 0.081226
v 0.000424 0.726878 0.079905
v -0.047551 0.707905 0.084844
v -0.065347 0.714567 0.078197
v -0.070247 0.682887 0.079417
v -0.048169 0.674000 0.085081
v -0.006528 0.675806 0.085163
v -0.002957 0.711589 0.084873
v -0.047800 0.655914 0.083311
v -0.078299 0.650391 0.081505
v -0.085965 0.693010 0.077575
v -0.043121 0.645832 0.084217
v -0.021548 0.644285 0.083574
v -0.010935 0.657834 0.082107
v -0.077801 0.719151 0.072750
v -0.090712 0.727507 0.070252
v -0.009548 0.645320 0.084989
v -0.097483 0.693430 0.078994
v -0.090043 0.644941 0.083606
v -0.002274 0.836755 0.077320
v 0.003526 0.821127 0.078260
v -0.000382 0.744328 0.076985
v -0.008173 0.749488 0.075767
v 0.055622 0.960876 0.079999
v -0.136475 0.647589 0.097616
v -0.122709 1.009187 0.052530
v 0.003777 0.646183 0.090043
v -0.107098 0.651312 0.087011
v 0.060303 0.703913 0.112093
v 0.033122 0.699930 0.111615
v 0.021738 0.785568 0.092887
v 0.019698 0.731365 0.096215
v -0.087677 1.009169 0.066279
v 0.008160 0.688984 0.092225
v 0.009498 0.725104 0.088721
v 0.050229 0.682856 0.120074
v 0.048528 0.657473 0.126332
v 0.066014 0.683841 0.119095
v 0.064718 0.653651 0.128700
v 0.039807 0.651094 0.127544
v -0.069821 0.726990 0.072070
v -0.154006 0.960167 0.049194
v -0.155707 0.759200 0.065612
v -0.156685 0.726000 0.073023
v -0.078695 0.729201 0.068209
v 0.007783 0.752319 0.083884
v -0.142127 0.974967 0.050242
v -0.133900 0.993306 0.048958
v -0.119948 0.645915 0.091950
v -0.129633 1.034653 0.040673
v -0.007164 0.737723 0.072099
v 0.004115 0.734557 0.077461
v 0.095387 0.900840 0.079171
v 0.022662 0.690012 0.106209
v 0.035370 0.659660 0.119880
v -0.162415 0.695130 0.078783
v -0.164604 0.652513 0.089907
v -0.075408 0.735232 0.076547
v 0.069431 0.734691 0.098030
v 0.078922 0.704639 0.102431
v 0.090577 0.832525 0.083136
v 0.072861 0.958808 0.072333
v 0.063538 0.972675 0.076251
v 0.073235 0.683441 0.116140
v -0.163957 0.853662 0.058590
v 0.089491 0.956684 0.064039
v 0.015403 0.647475 0.104222
v 0.068523 0.759322 0.094713
v 0.080736 0.653129 0.120610
v 0.080474 0.972133 0.064445
v 0.103307 0.971049 0.052594
v 0.114502 0.948200 0.055079
v 0.108154 0.923768 0.065057
v 0.123358 0.925419 0.057601
v 0.111041 0.899344 0.065704
v 0.102467 0.992555 0.049019
v -0.080281 0.642154 0.086191
v 0.086301 0.793010 0.084314
v -0.165201 0.938697 0.044483
v 0.128943 0.940774 0.048532
v 0.132345 0.926502 0.053816
v 0.121013 0.908712 0.058183
v 0.100489 0.880479 0.076742
v -0.154392 0.652522 0.101132
v 0.080887 0.747750 0.086010
v 0.139316 0.981384 0.024343
v 0.094916 0.759952 0.076608
v 0.092464 0.731680 0.080164
v -0.163018 0.967766 0.033830
v -0.136861 1.039742 0.031714
v 0.129039 0.893529 0.049442
v -0.163879 0.757945 0.057066
v -0.163227 0.728675 0.064874
v -0.148184 0.998383 0.031392
v 0.092485 0.697895 0.089144
v 0.109786 0.857048 0.064875
v -0.173930 0.654007 0.079021
v -0.164278 0.900109 0.051611
v -0.150112 1.120641 -0.000023
v -0.150078 1.112199 -0.024970
v -0.150924 1.099681 -0.001607
v -0.151693 1.087017 -0.026503
v -0.151874 1.126674 -0.024527
v -0.157468 1.070385 -0.002681
v -0.156701 1.060788 -0.031423
v -0.144134 1.114563 -0.047818
v -0.171914 1.024116 -0.009825
v -0.166840 1.027598 -0.035090
v -0.175223 1.008600 -0.000155
v -0.172012 1.021217 0.009752
v -0.171796 1.015318 -0.024788
v -0.187448 0.967807 -0.000257
v -0.184487 0.968687 -0.027398
v -0.193968 0.936663 -0.003700
v -0.191637 0.927782 -0.028803
v -0.198867 0.899656 -0.004394
v -0.198989 0.880564 -0.021735
v -0.172310 0.990359 -0.050735
v -0.200961 0.856115 -0.007300
v -0.199481 0.826950 -0.022492
v -0.141923 1.089625 -0.053185
v -0.170359 0.952791 -0.077763
v -0.182323 0.910780 -0.056104
v -0.155662 1.024775 -0.063445
v -0.160969 0.989199 -0.080716
v -0.162350 0.951253 -0.111127
v -0.152490 0.984208 -0.106899
v -0.169771 0.927274 -0.100685
v -0.164593 0.922653 -0.120355
v -0.171679 0.895620 -0.105802
v -0.175283 0.909522 -0.076808
v -0.144533 1.063118 -0.058653
v -0.195041 0.858182 -0.035547
v -0.150765 0.949904 -0.134871
v -0.179339 0.882247 -0.063798
v -0.175242 0.871955 -0.073513
v -0.172380 0.873302 -0.097711
v -0.196679 0.773966 -0.027285
v -0.198730 0.745407 -0.014478
v -0.200815 0.787309 -0.006209
v -0.199279 0.700213 -0.001611
v -0.193712 0.677446 -0.013328
v -0.199745 0.720829 0.004210
v -0.199381 0.653791 0.006351
v -0.168047 0.812564 -0.077801
v -0.162054 0.795995 -0.100152
v -0.158261 0.750131 -0.093639
v -0.155668 0.750739 -0.119860
v -0.159672 0.795057 -0.109375
v -0.165196 0.849382 -0.107790
v -0.173614 0.832925 -0.068898
v -0.152747 0.698938 -0.109010
v -0.159120 0.684215 -0.084218
v -0.152532 0.679302 -0.113814
v -0.153822 0.650933 -0.104444
v -0.165997 0.722531 -0.070822
v -0.166215 0.672807 -0.060615
v -0.165069 0.885238 -0.120673
v -0.158496 0.646490 -0.074009
v -0.136576 1.111784 -0.064526
v -0.166432 0.643536 -0.046919
v -0.157548 0.916368 -0.134557
v -0.189226 0.835368 -0.046078
v -0.173796 0.758504 -0.061048
v -0.174941 0.672581 -0.041196
v -0.150132 0.780563 -0.127821
v -0.153084 0.817515 -0.119963
v -0.152889 0.850336 -0.123545
v -0.152992 0.739252 -0.133306
v -0.153226 0.709646 -0.132228
v -0.145096 0.752062 -0.144845
v -0.147849 0.703357 -0.164772
v -0.152381 0.681415 -0.163419
v -0.146680 0.670860 -0.182307
v -0.151295 0.654319 -0.174358
v -0.155174 0.657932 -0.153443
v -0.142738 0.654304 -0.189687
v -0.194470 0.646399 -0.002038
v -0.188714 0.773940 -0.041733
v -0.154070 0.647508 -0.147902
v -0.150985 0.896921 -0.143682
v -0.146202 0.883833 -0.145107
v -0.178715 0.646079 -0.024868
v -0.152791 0.642023 -0.095040
v -0.127540 1.090860 -0.076101
v -0.127865 1.119277 -0.080708
v -0.142258 0.928374 -0.153769
v -0.137780 0.736275 -0.164195
v -0.139958 0.677488 -0.189280
v -0.148187 1.130108 -0.052987
v -0.126063 1.066859 -0.082363
v -0.123196 0.778991 -0.163700
v -0.133629 0.914864 -0.165013
v -0.137950 0.979745 -0.134998
v -0.133834 1.033271 -0.090899
v -0.132233 0.789631 -0.147520
v -0.117204 0.806050 -0.164292
v -0.134402 0.806286 -0.140738
v -0.120050 0.824903 -0.161684
v -0.136996 0.846781 -0.137270
v -0.122285 0.849534 -0.165506
v -0.140347 1.008447 -0.106878
v -0.133761 0.959771 -0.151847
v -0.128473 0.887878 -0.169324
v -0.197180 0.644556 0.012060
v -0.155085 1.142131 -0.005122
v -0.149547 0.648189 -0.171283
v -0.197988 0.867012 0.010835
v -0.160613 1.149913 -0.026583
v -0.172410 1.001138 0.028427
v -0.197901 0.714304 0.016227
v -0.197081 0.813268 0.013779
v -0.193651 0.911750 0.018835
v -0.126127 0.928200 -0.169893
v -0.106887 1.095254 -0.095554
v -0.112045 1.110682 -0.093591
v -0.126222 0.741608 -0.174151
v -0.107942 1.122895 -0.100855
v -0.108948 0.822719 -0.172386
v -0.104858 0.793321 -0.175707
v -0.186957 0.944155 0.028466
v -0.106154 1.061741 -0.100632
v -0.178997 0.981943 0.027042
v -0.131046 0.655678 -0.199318
v -0.150853 1.079046 0.020645
v -0.145515 1.119490 0.018153
v -0.168392 1.020501 0.027566
v -0.126912 0.994159 -0.135854
v -0.139549 1.145982 -0.086547
v -0.114658 0.951943 -0.171044
v -0.106348 0.769776 -0.178790
v -0.158066 0.642544 -0.063323
v -0.189786 0.866072 0.039359
v -0.185325 0.892376 0.050631
v -0.185153 0.830501 0.059436
v -0.189965 0.799292 0.038428
v -0.185927 0.771496 0.056683
v -0.190946 0.729021 0.038438
v -0.192625 0.677344 0.028763
v -0.190918 0.710653 0.054030
v -0.195236 0.645638 0.026732
v -0.198379 0.653594 0.062707
v -0.193611 0.681298 0.080728
v -0.187117 0.736016 0.065066
v -0.195675 0.658728 0.087178
v -0.196179 0.646183 0.050587
v -0.194096 0.650423 0.083421
v -0.180408 0.789235 0.069158
v -0.180421 0.839849 0.072382
v -0.181382 0.738004 0.080972
v -0.180054 0.926121 0.054418
v -0.140499 1.120416 0.032144
v -0.188270 0.672445 0.100629
v -0.104708 1.037294 -0.111611
v -0.112491 1.002163 -0.139957
v -0.112897 0.974378 -0.160435
v -0.113392 0.731694 -0.186079
v -0.106795 0.862081 -0.180623
v -0.128646 0.693314 -0.191190
v -0.111377 0.923223 -0.179826
v -0.109817 0.887909 -0.181777
v -0.150613 0.641725 -0.132092
v -0.098669 0.816309 -0.177436
v -0.184508 0.654095 0.107804
v -0.118079 0.669641 -0.202896
v -0.132577 0.650590 -0.193634
v 0.106543 1.354533 0.084943
v 0.086057 1.336662 0.099693
v 0.099204 1.299016 0.107410
v 0.117714 1.296256 0.099552
v 0.082960 1.375843 0.085019
v 0.113399 1.425968 0.049740
v 0.082892 1.421415 0.064271
v 0.106948 1.450021 0.041687
v 0.117545 1.357156 0.077214
v 0.128435 1.393777 0.052968
v 0.131245 1.414873 0.041901
v 0.131358 1.330025 0.078399
v 0.102038 1.271100 0.112309
v 0.078624 1.300461 0.112741
v 0.050760 1.413430 0.075892
v 0.054945 1.353670 0.099178
v 0.123339 1.441060 0.042058
v 0.156505 1.456946 0.029260
v 0.052736 1.439873 0.060830
v 0.032494 1.388056 0.087556
v 0.028320 1.423555 0.072699
v 0.148658 1.447248 0.035810
v 0.182152 1.453052 0.022038
v 0.178486 1.424781 0.033319
v 0.219117 1.407304 0.025614
v 0.213925 1.386212 0.033268
v 0.227738 1.422964 0.014314
v 0.199884 1.374171 0.039527
v 0.206770 1.446727 0.012575
v 0.231032 1.377575 0.027252
v 0.160981 1.412999 0.038399
v 0.157571 1.399045 0.039398
v 0.219818 1.356733 0.035545
v 0.243261 1.390208 0.016112
v 0.054299 1.298154 0.115052
v 0.060851 1.272649 0.119065
v 0.123859 1.261137 0.101290
v 0.084277 1.258754 0.116120
v 0.241917 1.355118 0.022983
v 0.211856 1.335009 0.037866
v 0.140000 1.283450 0.086185
v 0.026115 1.348177 0.099979
v 0.228874 1.331419 0.031035
v 0.243115 1.422220 0.001071
v 0.041478 1.448842 0.055308
v 0.016939 1.405419 0.079535
v 0.033066 1.306014 0.111338
v 0.151600 1.311658 0.066202
v 0.223968 1.449278 -0.004459
v 0.091171 1.456133 0.038343
v 0.106933 1.251156 0.108340
v 0.149996 1.342375 0.054711
v 0.170690 1.462670 0.017107
v 0.258681 1.392490 -0.000449
v 0.254797 1.362676 0.010236
v 0.147067 1.383000 0.037134
v 0.202516 1.461466 -0.001299
v 0.156291 1.365709 0.034897
v 0.022268 1.283504 0.112935
v 0.012196 1.368163 0.090857
v 0.012790 1.435030 0.062464
v 0.060227 1.256369 0.117055
v 0.215172 1.317695 0.032920
v 0.011593 1.319402 0.103316
v 0.033391 1.263407 0.115250
v 0.259566 1.411107 -0.013191
v 0.145569 1.254773 0.079968
v 0.170440 1.340066 0.029597
v 0.160980 1.280237 0.061893
v 0.181473 1.304166 0.029407
v 0.184279 1.319735 0.022069
v 0.246663 1.334234 0.015861
v 0.193358 1.299639 0.015538
v 0.131432 1.246202 0.091476
v 0.176209 1.268553 0.036606
v 0.243704 1.436840 -0.015722
v 0.224835 1.311817 0.025697
v 0.267668 1.365298 -0.008772
v 0.113145 1.239415 0.099788
v 0.257350 1.336427 0.000314
v 0.159172 1.254673 0.061356
v 0.241229 1.319094 0.014609
v 0.192930 1.280124 0.014085
v 0.203294 1.300761 0.007858
v 0.209412 1.299621 0.001169
v 0.196066 1.305719 0.015966
v 0.271514 1.391480 -0.023927
v 0.136213 1.233233 0.080399
v 0.262367 1.420461 -0.030375
v 0.018630 1.444324 0.054795
v 0.128472 1.462473 0.025147
v 0.183279 1.467500 -0.000075
v 0.232480 1.453711 -0.028641
v 0.196791 1.264761 -0.000314
v 0.250326 1.438167 -0.034038
v 0.164710 1.241936 0.041934
v 0.217068 1.304869 -0.007878
v -0.006232 0.804802 -0.127260
v -0.020119 0.794445 -0.131958
v -0.009511 0.790765 -0.130622
v -0.012811 0.760180 -0.139374
v -0.017597 0.760008 -0.139278
v -0.017104 0.671711 -0.137228
v -0.007997 0.665786 -0.134428
v -0.006644 0.738679 -0.136281
v -0.031549 0.824609 -0.139661
v -0.033794 0.775242 -0.135145
v -0.030140 0.769477 -0.134988
v -0.011427 0.853931 -0.141469
v -0.025802 0.859397 -0.148054
v -0.020706 0.892340 -0.150485
v -0.008218 0.887296 -0.144998
v -0.035432 0.745111 -0.132156
v -0.032943 0.664633 -0.134340
v -0.032006 0.721734 -0.134424
v 0.002174 0.884472 -0.147161
v -0.000302 0.852241 -0.142507
v 0.000966 0.915407 -0.145302
v -0.009251 0.915708 -0.143860
v -0.007045 0.831396 -0.135233
v -0.002055 0.798806 -0.126027
v -0.003983 0.782923 -0.124838
v 0.002252 0.768644 -0.121840
v -0.040567 0.677013 -0.137247
v -0.028809 0.645692 -0.131060
v -0.003474 0.659243 -0.127497
v -0.007292 0.649855 -0.126966
v -0.022983 0.931997 -0.147540
v -0.047733 0.864221 -0.161023
v -0.041963 0.896559 -0.161888
v -0.065215 0.863838 -0.166352
v -0.066785 0.821860 -0.158569
v -0.078599 0.815819 -0.160170
v -0.052666 0.826117 -0.153367
v -0.055908 0.786102 -0.152992
v -0.071354 0.774493 -0.159744
v -0.062927 0.760326 -0.156467
v -0.077007 0.756276 -0.162665
v -0.068560 0.927471 -0.166761
v -0.041746 0.925676 -0.159553
v -0.004335 0.759617 -0.133757
v -0.008298 0.951873 -0.136532
v -0.000157 0.708107 -0.130404
v 0.002825 0.676273 -0.128825
v 0.006951 0.720122 -0.126182
v -0.077510 0.715034 -0.171366
v -0.049812 0.750661 -0.146113
v -0.062395 0.714193 -0.161243
v -0.050539 0.956423 -0.153061
v -0.053932 0.936480 -0.160618
v -0.038112 0.646017 -0.138091
v -0.080391 0.687129 -0.179110
v -0.097588 0.702615 -0.181689
v -0.100081 0.678773 -0.187899
v -0.092903 0.655895 -0.188694
v -0.079026 0.657189 -0.180802
v -0.036607 0.730817 -0.132515
v -0.106761 0.658231 -0.190634
v -0.055844 0.660265 -0.154682
v -0.094436 0.727419 -0.171762
v -0.054450 0.646076 -0.156831
v -0.044630 0.980401 -0.140005
v -0.003161 0.986467 -0.117403
v -0.077458 0.926799 -0.166866
v -0.086728 0.862500 -0.166340
v -0.096621 0.650730 -0.193516
v -0.076300 0.646416 -0.183157
v -0.108420 0.649495 -0.199872
v -0.061136 0.976239 -0.146328
v -0.079959 0.951466 -0.158095
v -0.095149 0.750606 -0.165072
v -0.095184 0.778502 -0.160851
v -0.093690 0.816126 -0.159288
v 0.000503 0.944607 -0.138131
v -0.003153 0.966125 -0.129550
v -0.057088 0.988271 -0.138730
v -0.113601 0.674082 -0.187603
v -0.096516 0.904011 -0.164772
v -0.040763 1.005722 -0.119739
v -0.019005 1.024411 -0.103917
v -0.000056 1.008943 -0.108126
v 0.003797 1.037304 -0.097118
v -0.026687 1.039921 -0.097865
v -0.058072 1.032804 -0.100197
v -0.061441 1.051048 -0.093323
v -0.121460 0.658385 -0.188412
v -0.127524 0.652364 -0.189991
v -0.094872 0.952266 -0.156218
v -0.115531 0.721785 -0.170079
v -0.118684 0.690693 -0.181199
v 0.001239 0.723491 -0.124160
v -0.090909 0.979574 -0.143074
v -0.061243 1.020774 -0.111159
v 0.014887 1.022857 -0.104632
v 0.046423 1.041686 -0.099422
v 0.055771 1.029720 -0.105062
v 0.077867 1.033006 -0.102197
v 0.080469 1.049059 -0.097035
v 0.099473 1.031623 -0.097321
v 0.106243 1.047208 -0.088104
v -0.104488 0.920168 -0.161178
v -0.114405 0.745339 -0.161376
v 0.002346 0.735895 -0.115607
v -0.100971 0.865762 -0.162815
v -0.062520 1.001275 -0.126876
v -0.086282 0.990377 -0.136518
v 0.105077 1.020637 -0.106172
v -0.087429 1.047202 -0.087125
v -0.075064 1.030009 -0.099252
v -0.008453 0.642813 -0.132609
v 0.000876 0.824895 -0.135803
v 0.082425 1.021097 -0.112549
v 0.082046 1.010351 -0.119955
v 0.105078 1.002284 -0.118146
v 0.046720 1.015929 -0.117027
v 0.045457 1.002348 -0.128653
v 0.006807 0.646067 -0.133428
v -0.090816 1.029076 -0.094178
v 0.027700 1.003532 -0.120470
v 0.008364 0.971429 -0.131338
v 0.093314 0.990723 -0.136004
v 0.078205 0.992618 -0.139840
v 0.072966 0.974064 -0.155994
v 0.058461 0.990194 -0.143259
v 0.048334 0.975160 -0.153280
v 0.048853 0.947831 -0.168409
v 0.078433 0.957075 -0.164198
v 0.065572 0.927548 -0.177156
v 0.050338 0.931263 -0.175018
v 0.060195 0.905008 -0.181514
v 0.042812 0.903870 -0.177143
v 0.056181 0.881744 -0.180850
v 0.067243 0.872733 -0.181098
v 0.048950 0.847808 -0.174104
v 0.072052 0.847312 -0.174842
v 0.075922 0.829565 -0.168894
v 0.045486 0.808636 -0.165310
v 0.066399 0.804310 -0.164626
v 0.058535 0.779254 -0.165996
v 0.073355 0.753952 -0.166350
v 0.054411 0.747037 -0.168936
v 0.047311 0.772959 -0.165338
v 0.067489 0.735936 -0.172035
v 0.043119 0.744147 -0.167387
v 0.071223 0.715413 -0.179737
v 0.047344 0.721464 -0.173617
v 0.033254 0.767847 -0.160136
v 0.033836 0.804285 -0.161062
v 0.042860 0.873320 -0.176223
v 0.026622 0.814981 -0.157573
v 0.058639 0.711185 -0.181211
v 0.069035 0.688954 -0.189220
v 0.058046 0.688693 -0.188463
v 0.065165 0.651097 -0.193845
v 0.049921 0.655479 -0.187586
v 0.048962 0.646344 -0.190614
v 0.049062 0.687002 -0.183330
v 0.036925 0.924730 -0.170261
v -0.113564 0.943742 -0.150500
v -0.107876 0.876600 -0.159405
v -0.106215 0.801507 -0.154213
v -0.112655 0.772159 -0.154640
v -0.109182 0.829593 -0.152404
v 0.035040 0.845712 -0.168236
v 0.026186 0.926852 -0.164492
v 0.028999 0.949373 -0.158755
v 0.025471 0.903917 -0.166175
v -0.114912 0.958305 -0.144383
v 0.012913 0.953761 -0.142521
v -0.097753 1.048672 -0.080694
v 0.025089 0.853087 -0.163093
v 0.009277 0.861705 -0.150039
v 0.026297 0.980547 -0.137217
v 0.011689 0.707367 -0.132806
v -0.087672 1.019990 -0.106794
v -0.095121 1.000871 -0.120272
v -0.122045 0.710425 -0.170380
v -0.112827 0.979310 -0.130570
v 0.029303 0.708017 -0.160081
v 0.007619 0.795216 -0.135686
v 0.015580 0.651257 -0.141479
v -0.106859 1.028283 -0.085121
v -0.120824 1.014162 -0.088155
v -0.118062 1.000186 -0.103000
v 0.013857 0.746590 -0.136786
v 0.034336 0.655800 -0.166812
v 0.016469 0.644576 -0.145924
v 0.000171 0.766383 -0.118513
v 0.035933 0.644464 -0.175475
v 0.103255 0.656200 -0.159213
v 0.104863 0.646924 -0.165264
v 0.109940 0.646516 -0.131573
v 0.096328 0.695998 -0.162540
v 0.097388 0.730803 -0.142392
v 0.094706 0.654678 -0.179406
v 0.108398 0.705842 -0.125222
v 0.086717 0.737289 -0.159021
v 0.119160 0.651020 -0.115013
v 0.099436 0.763190 -0.135840
v 0.081696 0.775127 -0.158836
v 0.090078 0.647627 -0.189566
v 0.088131 0.689688 -0.177440
v 0.117998 0.704434 -0.112813
v 0.116905 0.763217 -0.112144
v 0.119127 0.807108 -0.115009
v 0.104056 0.804909 -0.135643
v 0.086044 0.804441 -0.155209
v 0.137820 0.802270 -0.092089
v 0.133569 0.753751 -0.095768
v 0.134620 0.834724 -0.105272
v 0.146624 0.836597 -0.085346
v 0.148116 0.866819 -0.088469
v 0.159704 0.849285 -0.069025
v 0.152056 0.911164 -0.087028
v 0.164842 0.873089 -0.061464
v 0.162536 0.823266 -0.062892
v 0.154602 0.788298 -0.078284
v 0.163279 0.777043 -0.069537
v 0.169471 0.763929 -0.061498
v 0.162430 0.739502 -0.080196
v 0.142020 0.896058 -0.108944
v 0.127840 0.883294 -0.132144
v 0.126876 0.929810 -0.131162
v 0.139752 0.927193 -0.110210
v 0.110299 0.927421 -0.151911
v 0.113175 0.892422 -0.150724
v 0.116084 0.859973 -0.142627
v 0.105410 0.863669 -0.158947
v 0.101122 0.888217 -0.165087
v 0.102587 0.835556 -0.153104
v 0.099704 0.927939 -0.163398
v 0.133085 0.962575 -0.110248
v 0.120803 0.949364 -0.133129
v 0.094289 0.845365 -0.165385
v 0.099226 0.949009 -0.159286
v 0.170521 0.718509 -0.079967
v 0.177516 0.713388 -0.072517
v 0.176632 0.678274 -0.088422
v 0.081993 0.654574 -0.190325
v 0.125045 0.997133 -0.103069
v 0.107217 0.981506 -0.132967
v 0.136743 1.013201 -0.076621
v 0.132728 0.685385 -0.103939
v 0.140289 0.735395 -0.092782
v 0.081780 0.867022 -0.176825
v 0.076365 0.687170 -0.187335
v 0.126161 1.022812 -0.085107
v 0.078604 0.723930 -0.172072
v 0.078065 0.800443 -0.160175
v 0.081681 0.901431 -0.177320
v 0.163382 0.695689 -0.092152
v 0.115819 0.643559 -0.125573
v 0.122731 1.037379 -0.077338
v 0.133369 1.030790 -0.065197
v 0.162554 0.665748 -0.099267
v 0.095920 0.970520 -0.149017
v 0.080575 0.929803 -0.172908
v 0.137639 0.646008 -0.106772
v 0.125312 0.643764 -0.114727
v 0.113113 1.032489 -0.088421
v 0.176361 0.653902 -0.099114
v 0.169730 0.648394 -0.104577
v 0.187277 0.647653 -0.097718
v 0.149709 1.119415 -0.055610
v 0.153462 1.105429 -0.025644
v 0.150484 1.095896 -0.048865
v 0.154694 1.131064 -0.029090
v 0.147742 1.083802 -0.060796
v 0.156720 1.080435 -0.027247
v 0.162884 1.036096 -0.049231
v 0.167459 1.032661 -0.026694
v 0.168440 1.022254 -0.025783
v 0.164518 1.022823 -0.048587
v 0.183925 0.965469 -0.026108
v 0.184361 0.946901 -0.048201
v 0.191436 0.923033 -0.028488
v 0.191347 0.889048 -0.049142
v 0.154763 1.027189 -0.070922
v 0.152337 1.040298 -0.072233
v 0.181180 0.921282 -0.063689
v 0.168406 0.940425 -0.084006
v 0.152655 0.965343 -0.111939
v 0.162460 0.919636 -0.106616
v 0.170875 0.907734 -0.083054
v 0.146880 0.924306 -0.136156
v 0.145631 1.034481 -0.084924
v 0.139227 0.960413 -0.137860
v 0.132493 0.989631 -0.132907
v 0.136544 1.079554 -0.082466
v 0.180809 0.888105 -0.068882
v 0.188080 0.864792 -0.058761
v 0.158413 0.903405 -0.115951
v 0.135506 1.101773 -0.082205
v 0.135383 1.061079 -0.089465
v 0.191306 0.854472 -0.048516
v 0.188702 0.808793 -0.053932
v 0.126485 0.939705 -0.162378
v 0.180671 0.818047 -0.070502
v 0.187560 0.757992 -0.072216
v 0.193215 0.755198 -0.054107
v 0.201198 0.689590 -0.065021
v 0.192270 0.717265 -0.081182
v 0.181023 0.762252 -0.082459
v 0.201173 0.671466 -0.082507
v 0.190486 0.672768 -0.106061
v 0.200037 0.650059 -0.090856
v 0.191348 0.649196 -0.106521
v 0.165523 0.882939 -0.088688
v 0.144035 0.888657 -0.139949
v 0.180034 0.722639 -0.097346
v 0.126381 0.898393 -0.166638
v 0.135349 1.025414 -0.106655
v 0.193668 0.870300 -0.030016
v 0.192996 0.783971 -0.030413
v 0.197405 0.737212 -0.024630
v 0.203490 0.690057 -0.029187
v 0.191863 0.822990 -0.030965
v 0.205758 0.651198 -0.040092
v 0.150871 0.861561 -0.115501
v 0.141545 0.857166 -0.134304
v 0.141285 1.123851 -0.078644
v 0.170950 0.820120 -0.082128
v 0.144159 0.822247 -0.110726
v 0.155594 0.834754 -0.095576
v 0.125809 1.039831 -0.107836
v 0.138419 0.785653 -0.109975
v 0.120528 0.779089 -0.137742
v 0.126045 0.718598 -0.125131
v 0.118913 0.723083 -0.140199
v 0.123111 0.678333 -0.137829
v 0.127527 0.646626 -0.127310
v 0.132732 0.707172 -0.115160
v 0.129521 0.643381 -0.122264
v 0.110776 0.775206 -0.151990
v 0.108076 0.744638 -0.158328
v 0.115498 0.666076 -0.166089
v 0.120226 0.645544 -0.154624
v 0.101151 0.726524 -0.173303
v 0.093173 0.759022 -0.175502
v 0.092589 0.786204 -0.173983
v 0.116466 0.913754 -0.176827
v 0.107565 0.665815 -0.182443
v 0.099483 0.667958 -0.193266
v 0.109148 0.645841 -0.178768
v 0.094747 0.649275 -0.197393
v 0.120362 1.086781 -0.099138
v 0.124315 1.116086 -0.098272
v 0.089617 0.727153 -0.185161
v 0.123662 0.859517 -0.162538
v 0.169043 0.772700 -0.092243
v 0.116447 0.970780 -0.160901
v 0.125383 0.814526 -0.140747
v 0.103911 0.803269 -0.165248
v 0.108920 0.891702 -0.183485
v 0.107065 0.928449 -0.183009
v 0.110589 0.859915 -0.176787
v 0.116238 1.066265 -0.106380
v 0.153897 0.796627 -0.098110
v 0.139413 0.748072 -0.109138
v 0.090151 0.811583 -0.179410
v 0.090973 0.674789 -0.199274
v 0.179191 0.654000 -0.116369
v 0.109398 0.999440 -0.149720
v 0.156475 1.139381 -0.052193
v 0.103421 0.966724 -0.173021
v 0.115224 1.041392 -0.115611
v 0.096293 0.863992 -0.188549
v 0.081649 0.650436 -0.206250
v 0.171730 0.721226 -0.103418
v 0.091140 0.896874 -0.194814
v 0.143382 1.142587 -0.088320
v 0.128597 1.142552 -0.108139
v 0.152698 1.149442 -0.078122
v 0.100175 1.092879 -0.112421
v 0.100824 1.068554 -0.114221
v 0.109772 1.119794 -0.111232
v 0.095096 0.932853 -0.189523
v 0.136377 0.645649 -0.118031
v 0.153904 0.752168 -0.103668
v 0.073761 0.760875 -0.186712
v 0.076307 0.784861 -0.183345
v 0.077180 0.728576 -0.191922
v 0.078498 0.678026 -0.205386
v 0.203886 0.646135 -0.051707
v 0.101112 1.041745 -0.123487
v 0.089408 0.967703 -0.180151
v 0.112051 1.155019 -0.127152
v 0.169083 1.198754 -0.103623
v 0.149149 1.174610 -0.110441
v 0.176145 1.192931 -0.081171
v 0.182498 1.239370 -0.121766
v 0.199767 1.254676 -0.101519
v 0.174124 1.242621 -0.140744
v 0.164826 1.161318 -0.060469
v 0.209025 1.260408 -0.080364
v 0.133802 1.170107 -0.122757
v 0.188146 1.205345 -0.055807
v 0.155621 1.213197 -0.137541
v 0.155396 1.245148 -0.161362
v 0.163697 1.265336 -0.166894
v 0.191945 1.265186 -0.136088
v 0.205569 1.300155 -0.141731
v 0.235609 1.328042 -0.112265
v 0.226128 1.332566 -0.133116
v 0.192823 1.316849 -0.161500
v 0.240583 1.366846 -0.126885
v 0.258567 1.376998 -0.108797
v 0.255479 1.352855 -0.102796
v 0.270620 1.374497 -0.088110
v 0.268404 1.392997 -0.092615
v 0.276333 1.378160 -0.074405
v 0.272767 1.403848 -0.076736
v 0.249689 1.403285 -0.113685
v 0.234940 1.384237 -0.132052
v 0.267120 1.356208 -0.077805
v 0.278796 1.385170 -0.056281
v 0.255215 1.415833 -0.100620
v 0.216636 1.290140 -0.111843
v 0.277613 1.370650 -0.053152
v 0.178654 1.294429 -0.166449
v 0.271785 1.355296 -0.053960
v 0.208796 1.356354 -0.153034
v 0.230554 1.307791 -0.086219
v 0.170440 1.325397 -0.178320
v 0.243588 1.330477 -0.089517
v 0.177262 1.185534 -0.031127
v 0.205237 0.654766 0.000100
v 0.203536 0.683959 0.002517
v 0.157878 1.297205 -0.182071
v 0.208875 1.256265 -0.054137
v 0.274047 1.406293 -0.051525
v 0.263602 1.421908 -0.076993
v 0.191084 0.800066 -0.008504
v 0.190879 0.839272 -0.011718
v 0.233850 1.312996 -0.055563
v 0.257528 1.345536 -0.080966
v 0.202391 0.646974 0.006454
v 0.268860 1.349301 -0.028108
v 0.151272 1.101837 -0.002996
v 0.274821 1.366155 -0.030097
v 0.166491 1.028909 -0.007587
v 0.167631 1.016848 -0.006157
v 0.193922 0.751218 -0.000909
v 0.275729 1.381894 -0.032765
v 0.138725 1.205853 -0.146103
v 0.156352 1.073931 -0.003333
v 0.151013 1.128914 -0.003463
v 0.155332 1.144696 -0.006114
v 0.188676 0.916228 -0.007005
v 0.183562 0.953327 -0.003953
v 0.244928 1.330080 -0.051873
v 0.202536 1.249099 -0.033483
v 0.214442 1.278373 -0.028631
v 0.262533 1.342853 -0.042290
v 0.227212 1.307543 -0.031509
v 0.254146 1.329952 -0.011131
v 0.243750 1.435560 -0.095119
v 0.259775 1.431444 -0.055170
v 0.257350 1.336427 0.000314
v 0.238760 1.324771 -0.036592
v 0.186539 0.841989 0.003982
v 0.070312 0.814700 -0.188598
v 0.271514 1.391480 -0.023927
v 0.186699 0.796909 0.006701
v 0.166515 1.183884 0.003540
v 0.186304 1.224752 -0.015558
v 0.267668 1.365298 -0.008772
v 0.198063 0.661299 0.021938
v 0.237247 1.311193 0.006766
v 0.248295 1.327885 -0.023143
v 0.090333 0.647274 -0.198316
v 0.072303 0.860251 -0.196977
v 0.244508 1.443710 -0.077065
v 0.143396 0.719807 -0.110071
v 0.141237 0.667557 -0.115783
v 0.158648 1.044901 0.007389
v 0.223020 1.310601 -0.011130
v 0.189125 0.741441 0.015304
v 0.144131 1.140573 0.020704
v 0.142274 1.119068 0.020044
v 0.147471 1.088110 0.013290
v 0.150908 1.165941 0.020424
v 0.196791 1.264761 -0.000314
v 0.241229 1.319094 0.014609
v 0.217068 1.304869 -0.007878
v 0.182691 0.808585 0.014029
v 0.182247 0.917783 0.008947
v 0.225018 1.302473 0.010659
v 0.158769 1.007463 0.019035
v 0.262367 1.420461 -0.030375
v 0.193516 0.686534 0.025323
v 0.172175 0.969588 0.013932
v 0.189343 0.646709 0.032442
v 0.171841 1.219938 0.010543
v 0.164710 1.241936 0.041934
v 0.141281 1.081518 0.026735
v 0.173851 0.926782 0.022442
v 0.158843 1.210472 0.026010
v 0.129572 1.137921 0.039859
v 0.174041 0.864956 0.024655
v 0.250326 1.438167 -0.034038
v 0.160756 0.645459 -0.118401
v 0.161618 0.719722 -0.107154
v 0.162933 0.693307 -0.112507
v 0.224835 1.311817 0.025697
v 0.209412 1.299621 0.001169
v 0.160924 0.662055 -0.117870
v 0.173315 0.847652 -0.025695
v 0.171636 0.843138 -0.040473
v 0.173728 0.800174 -0.026875
v 0.170668 0.898780 -0.040195
v 0.171735 0.918056 -0.020839
v 0.170952 0.804222 -0.043749
v 0.176331 0.771143 -0.028834
v 0.174886 0.766745 -0.043382
v 0.182240 0.715157 -0.050681
v 0.182576 0.728096 -0.022443
v 0.189487 0.655346 -0.013970
v 0.188204 0.659129 -0.064540
v 0.181690 0.704222 -0.065059
v 0.185852 0.652955 -0.085749
v 0.190906 0.646921 -0.060550
v 0.171332 0.801684 -0.007944
v 0.174764 0.768837 -0.013473
v 0.191403 0.648348 0.000687
v 0.169942 0.847281 -0.006073
v 0.171412 0.873418 -0.017974
v 0.171093 0.908304 -0.010469
v 0.167118 0.940285 -0.012128
v 0.163429 0.945765 0.004172
v 0.167199 0.937231 -0.022827
v 0.164591 0.957279 -0.028676
v 0.162818 0.985335 -0.016359
v 0.163266 0.979567 -0.008600
v 0.160878 0.938766 -0.058194
v 0.164977 0.903939 -0.059035
v 0.164842 0.873089 -0.061464
v 0.159584 0.990662 -0.025979
v 0.184694 0.679363 -0.004650
v 0.178946 0.726503 -0.004836
v 0.184275 0.660646 0.008637
v 0.164234 0.889621 0.008106
v 0.160425 0.986494 -0.003586
v 0.178107 0.703007 0.005186
v 0.169471 0.763929 -0.061498
v 0.177516 0.713388 -0.072517
v 0.157155 0.926026 -0.074694
v 0.162536 0.823266 -0.062892
v 0.148196 0.966173 -0.078323
v 0.151055 1.008622 -0.040921
v 0.176632 0.678274 -0.088422
v 0.136743 1.013201 -0.076621
v 0.148441 1.016996 -0.025162
v 0.147170 0.947391 -0.088759
v 0.152056 0.911164 -0.087028
v 0.139752 0.927193 -0.110210
v 0.142020 0.896058 -0.108944
v 0.148116 0.866819 -0.088469
v 0.133085 0.962575 -0.110248
v 0.140213 1.031130 -0.044496
v 0.133369 1.030790 -0.065197
v 0.142997 1.029007 -0.021717
v 0.187277 0.647653 -0.097718
v 0.152947 0.999928 -0.008036
v 0.176361 0.653902 -0.099114
v 0.169983 0.767095 0.002490
v 0.164345 0.840424 0.009556
v 0.141967 1.011156 0.001567
v 0.164521 0.790534 0.009547
v 0.157586 0.917358 0.020145
v 0.157381 0.949311 0.016538
v 0.154696 0.981141 0.007821
v 0.192702 0.647086 0.009375
v 0.165179 0.733768 0.016002
v 0.180386 0.652489 0.018377
v 0.175740 0.686210 0.013294
v 0.154345 0.850632 0.023519
v 0.154210 0.792436 0.022166
v 0.140001 0.923844 0.041233
v 0.146546 0.951975 0.028960
v 0.132498 1.000313 0.021874
v 0.147027 0.899482 0.031425
v 0.136747 0.915476 0.046258
v 0.132345 0.926502 0.053816
v 0.128943 0.940774 0.048532
v 0.139316 0.981384 0.024343
v 0.137390 0.946360 0.038135
v 0.157152 0.710173 0.026200
v 0.129039 0.893529 0.049442
v 0.136376 0.860750 0.038084
v 0.123688 0.861783 0.051311
v 0.109786 0.857048 0.064875
v 0.113924 0.808961 0.053873
v 0.097915 0.807168 0.074222
v 0.101158 0.738915 0.068555
v 0.094916 0.759952 0.076608
v 0.092464 0.731680 0.080164
v 0.101810 0.687115 0.079859
v 0.108937 0.691169 0.063947
v 0.104248 0.645958 0.080224
v 0.108543 0.646379 0.067428
v 0.094736 0.672578 0.092720
v 0.092485 0.697895 0.089144
v 0.096129 0.646923 0.098740
v 0.087638 0.651949 0.111915
v 0.107967 0.730649 0.059066
v 0.115343 0.646392 0.057534
v 0.080736 0.653129 0.120610
v 0.120946 0.761895 0.047000
v 0.100489 0.880479 0.076742
v 0.133579 0.835164 0.036889
v 0.090577 0.832525 0.083136
v 0.086301 0.793010 0.084314
v 0.123812 0.705999 0.047538
v 0.121671 0.653025 0.051733
v 0.169073 0.661361 0.024243
v 0.135058 0.804518 0.034261
v 0.148263 0.802991 0.026607
v 0.133967 0.748245 0.037879
v 0.176256 0.646889 0.027049
v 0.117706 0.998839 0.034127
v 0.102467 0.992555 0.049019
v 0.155213 0.650188 0.034933
v 0.141705 0.661442 0.040476
v 0.132838 0.645381 0.048535
v 0.155167 0.645898 0.038409
v -0.038387 1.026413 -0.035573
v -0.009273 1.017983 -0.016251
v -0.041062 1.016612 0.001935
v -0.003995 1.028650 -0.056602
v -0.028184 1.031397 -0.055920
v -0.012040 1.005301 0.023934
v 0.022606 1.022234 -0.037115
v 0.028668 1.012231 0.000730
v 0.024275 1.033742 -0.077885
v -0.035566 1.000099 0.043734
v -0.008797 0.991994 0.064380
v 0.017668 1.004470 0.021987
v 0.036376 0.995879 0.041298
v 0.046827 1.005756 0.019133
v -0.062707 1.012029 0.023257
v -0.020426 1.034546 -0.076852
v 0.003797 1.037304 -0.097118
v -0.026687 1.039921 -0.097865
v 0.017600 0.987713 0.085197
v 0.046423 1.041686 -0.099422
v -0.031950 0.982967 0.084009
v 0.057403 1.016461 -0.005738
v 0.075437 1.009158 0.015371
v 0.084115 1.016673 -0.006532
v 0.100650 1.006955 0.015948
v 0.108806 1.012867 -0.001652
v 0.048164 1.026153 -0.037087
v 0.068104 1.027993 -0.033314
v 0.099742 1.021959 -0.020066
v 0.098887 1.033406 -0.048883
v 0.073590 1.038962 -0.073613
v 0.122315 1.025018 -0.025231
v 0.106243 1.047208 -0.088104
v 0.120610 1.033972 -0.056906
v 0.140213 1.031130 -0.044496
v 0.080469 1.049059 -0.097035
v 0.048676 1.032952 -0.062862
v 0.059675 0.996620 0.037157
v 0.132498 1.000313 0.021874
v 0.141967 1.011156 0.001567
v 0.117706 0.998839 0.034127
v 0.102467 0.992555 0.049019
v 0.081706 0.995512 0.039730
v -0.064221 1.040587 -0.058496
v -0.067994 1.029613 -0.021574
v -0.092834 1.044301 -0.046592
v -0.072760 1.018124 0.017443
v -0.042172 1.039127 -0.075587
v -0.069163 0.994154 0.079372
v 0.067213 0.984823 0.054801
v 0.045730 0.973178 0.084588
v -0.087677 1.009169 0.066279
v -0.087429 1.047202 -0.087125
v -0.061441 1.051048 -0.093323
v -0.097753 1.048672 -0.080694
v 0.142997 1.029007 -0.021717
v 0.063538 0.972675 0.076251
v -0.099958 1.037613 0.000557
v -0.116358 1.046037 -0.032997
v -0.129394 1.043060 0.004472
v -0.116505 1.034435 0.023730
v -0.143312 1.047185 -0.020637
v -0.090488 1.025593 0.026045
v -0.136861 1.039742 0.031714
v -0.129633 1.034653 0.040673
v -0.108798 1.027137 0.054321
v -0.085972 1.029118 0.009092
v -0.143327 1.048004 0.008064
v -0.121687 1.054784 -0.058971
v -0.104938 1.043510 -0.042382
v 0.122731 1.037379 -0.077338
v 0.133369 1.030790 -0.065197
v -0.138610 1.056673 -0.033295
v 0.080474 0.972133 0.064445
v -0.057516 0.990885 0.083723
v -0.178225 0.841837 -0.034644
v -0.181349 0.864292 -0.018208
v -0.178703 0.805722 -0.027563
v -0.181597 0.851147 -0.001770
v -0.180215 0.798226 -0.002489
v -0.177562 0.769108 -0.015948
v -0.178334 0.723444 -0.000349
v -0.181535 0.895488 -0.000210
v -0.178489 0.900856 -0.028515
v -0.178490 0.924529 -0.000692
v -0.178582 0.797479 0.014330
v -0.177797 0.716219 0.017082
v -0.171466 0.676295 0.010665
v -0.174446 0.687807 0.022717
v -0.169530 0.655979 0.006856
v -0.163746 0.672776 -0.025273
v -0.164865 0.646188 -0.030611
v -0.167377 0.698300 -0.023127
v -0.172258 0.709862 -0.016316
v -0.169575 0.755124 -0.038583
v -0.171167 0.795509 -0.045902
v -0.157981 0.681064 -0.043023
v -0.150526 0.661444 -0.063822
v -0.154288 0.710552 -0.058263
v -0.146134 0.723126 -0.079064
v -0.140777 0.668556 -0.095577
v -0.136036 0.708554 -0.116553
v -0.141633 0.760940 -0.107303
v -0.136034 0.743312 -0.124710
v -0.147663 0.784550 -0.084108
v -0.145505 0.806461 -0.101327
v -0.154546 0.822214 -0.080744
v -0.150058 0.833524 -0.096263
v -0.157368 0.879704 -0.085354
v -0.139616 0.819538 -0.117440
v -0.135373 0.785284 -0.122946
v -0.154538 0.787162 -0.070281
v -0.148117 0.871337 -0.104971
v -0.150936 0.896135 -0.107976
v -0.156314 0.913088 -0.091126
v -0.151021 0.912937 -0.107541
v -0.164648 0.896118 -0.070653
v -0.170560 0.853556 -0.051766
v -0.165575 0.821138 -0.059863
v -0.171712 0.911505 -0.046221
v -0.169787 0.924511 -0.050178
v -0.127766 0.756110 -0.140664
v -0.140385 0.903997 -0.128209
v -0.135568 0.848119 -0.123073
v -0.141970 0.646334 -0.100539
v -0.151024 0.646210 -0.069724
v -0.157886 0.645479 -0.050380
v -0.172419 0.933145 -0.032156
v -0.151380 0.941346 -0.092179
v -0.167472 0.953315 -0.043825
v -0.138588 0.654881 -0.115458
v -0.139549 0.932485 -0.124733
v -0.140745 0.953024 -0.113601
v -0.130481 0.726135 -0.148847
v -0.134885 0.717281 -0.136545
v -0.174317 0.652138 0.014569
v -0.177247 0.660866 0.034136
v -0.136232 0.692964 -0.151895
v -0.129764 0.698644 -0.166612
v -0.137925 0.658580 -0.169050
v -0.139495 0.662083 -0.150503
v -0.171346 0.645314 0.005069
v -0.180163 0.645810 0.025092
v -0.170606 0.959572 -0.010492
v -0.165356 0.982589 -0.022247
v -0.146991 0.977124 -0.080077
v -0.175436 0.933028 0.006921
v -0.134303 0.654303 -0.179336
v -0.154541 0.988491 -0.052821
v -0.125207 0.868690 -0.139310
v -0.174525 0.684940 0.049844
v -0.181320 0.650781 0.050708
v -0.173687 0.724978 0.038000
v -0.166324 0.982784 -0.002704
v -0.183799 0.647216 0.065241
v -0.169865 0.956020 0.023256
v -0.143118 0.640121 -0.111131
v -0.136844 0.977769 -0.102513
v -0.157858 0.998289 -0.027734
v -0.115437 0.803663 -0.146054
v -0.127580 0.948890 -0.135739
v -0.142735 0.644935 -0.143798
v -0.143092 0.647564 -0.169417
v -0.149842 1.014244 -0.030566
v -0.164700 0.983714 0.011869
v -0.178492 0.884565 0.016678
v -0.109182 0.829593 -0.152404
v -0.147780 1.026172 -0.013124
v -0.144738 1.024590 -0.034133
v -0.143312 1.047185 -0.020637
v -0.138610 1.056673 -0.033295
v -0.135679 1.026923 -0.051945
v -0.143327 1.048004 0.008064
v -0.149033 1.022677 0.005749
v -0.133975 1.012085 -0.072749
v -0.177958 0.657813 0.064969
v -0.170698 0.696470 0.065329
v -0.171245 0.717005 0.052521
v -0.170927 0.748733 0.042600
v -0.176165 0.777212 0.022190
v -0.134507 0.996340 -0.086787
v -0.121687 1.054784 -0.058971
v -0.175192 0.896436 0.025545
v -0.171080 0.911768 0.037965
v -0.114405 0.745339 -0.161376
v -0.112655 0.772159 -0.154640
v -0.170335 0.774253 0.046041
v -0.169732 0.795298 0.051913
v -0.170859 0.837053 0.035688
v -0.168987 0.851496 0.049658
v -0.171616 0.864803 0.041752
v -0.142893 1.035311 0.021553
v -0.148321 1.007723 0.024882
v -0.127741 0.982184 -0.112995
v -0.122045 0.710425 -0.170380
v -0.107876 0.876600 -0.159405
v -0.123698 0.906217 -0.145930
v -0.115141 1.032149 -0.073765
v -0.120824 1.014162 -0.088155
v -0.154878 1.004754 0.009431
v -0.113564 0.943742 -0.150500
v -0.118684 0.690693 -0.181199
v -0.165201 0.938697 0.044483
v -0.173930 0.654007 0.079021
v -0.163018 0.967766 0.033830
v -0.106215 0.801507 -0.154213
v -0.104488 0.920168 -0.161178
v -0.114912 0.958305 -0.144383
v -0.112827 0.979310 -0.130570
v -0.163879 0.757945 0.057066
v -0.148184 0.998383 0.031392
v -0.118062 1.000186 -0.103000
v -0.136861 1.039742 0.031714
v -0.163227 0.728675 0.064874
v -0.121460 0.658385 -0.188412
v -0.097753 1.048672 -0.080694
v -0.090816 1.029076 -0.094178
v -0.163957 0.853662 0.058590
v -0.164278 0.900109 0.051611
v -0.162346 0.806258 0.065292
v -0.162415 0.695130 0.078783
v -0.127524 0.652364 -0.189991
v -0.106859 1.028283 -0.085121
v 0.025424 1.623645 0.095110
v 0.012193 1.633326 0.100212
v 0.017135 1.604825 0.105376
v 0.046335 1.618410 0.083042
v 0.037111 1.599086 0.091741
v 0.020735 1.566130 0.104135
v 0.007102 1.579009 0.116086
v 0.030973 1.562997 0.094507
v 0.016910 1.540953 0.103570
v 0.010475 1.562105 0.116480
v 0.001825 1.563662 0.121745
v 0.020094 1.521379 0.095867
v 0.010454 1.520366 0.105244
v 0.055606 1.600300 0.068287
v 0.043986 1.557588 0.076407
v 0.050009 1.649222 0.085904
v 0.034462 1.635985 0.096925
v -0.001127 1.542659 0.116800
v -0.001572 1.534767 0.112140
v 0.029463 1.524064 0.082124
v 0.055436 1.649746 0.075646
v 0.058807 1.695478 0.056776
v 0.051094 1.695078 0.069687
v 0.040333 1.696561 0.080806
v 0.042504 1.652887 0.092513
v 0.037099 1.642430 0.092774
v 0.020118 1.681998 0.095934
v 0.027359 1.661370 0.098030
v 0.034824 1.626166 0.091791
v 0.025185 1.708833 0.083282
v 0.038117 1.718725 0.070096
v 0.050097 1.719494 0.059022
v -0.004410 1.568387 0.122503
v 0.001041 1.577523 0.119960
v -0.004484 1.517388 0.109066
v 0.017238 1.646285 0.096984
v 0.005169 1.646187 0.105369
v 0.000197 1.652094 0.105110
v 0.002967 1.630181 0.116597
v 0.011721 1.617713 0.108818
v 0.014556 1.597349 0.111836
v -0.001473 1.509038 0.102484
v 0.011976 1.508697 0.092597
v 0.009222 1.593553 0.138682
v 0.000689 1.613198 0.133868
v 0.000882 1.594601 0.144250
v 0.001590 1.581405 0.138112
v 0.030598 1.732535 0.060221
v -0.008452 1.578965 0.119092
v -0.017959 1.552821 0.115480
v -0.018315 1.525386 0.107147
v -0.018142 1.538924 0.109242
v -0.181225 1.471547 -0.022598
v -0.197901 1.470860 0.000408
v -0.172483 1.469503 0.004554
v -0.197547 1.472873 -0.026836
v -0.189191 1.467442 -0.063124
v -0.201915 1.469374 -0.052444
v -0.158906 1.465812 -0.014778
v -0.139886 1.462604 0.005529
v -0.164783 1.462958 -0.053014
v -0.173042 1.462036 -0.071871
v -0.177703 1.457603 -0.091763
v -0.145556 1.460002 -0.019627
v -0.122925 1.458417 -0.007568
v -0.096831 1.458466 0.001573
v -0.124588 1.460338 0.019716
v -0.068144 1.458363 0.011472
v -0.096057 1.459434 0.032128
v -0.066429 1.458267 0.038756
v -0.047429 1.455626 0.023552
v -0.035810 1.453105 0.031244
v -0.040731 1.451054 0.049890
v -0.147744 1.459342 0.025532
v -0.199719 1.461154 -0.081100
v -0.137043 1.461588 -0.023068
v -0.175203 1.464085 0.022833
v -0.027255 1.443857 0.056285
v -0.020534 1.446974 0.040965
v -0.223081 1.465946 -0.027011
v -0.219658 1.464705 -0.052855
v -0.055915 1.450919 0.055107
v -0.133227 1.455012 0.032648
v -0.078036 1.463189 -0.005492
v -0.188620 1.462840 0.023560
v -0.181619 1.449109 -0.108751
v -0.094954 1.451585 0.050365
v -0.212865 1.454994 -0.085616
v -0.195457 1.446763 -0.107919
v -0.005662 1.436962 0.045317
v -0.237981 1.454425 -0.057934
v -0.051856 1.461132 0.014738
v -0.233991 1.455355 -0.001875
v -0.206976 1.461630 0.015799
v -0.247471 1.450702 -0.027086
v -0.229435 1.444950 -0.088069
v -0.179527 1.437542 -0.123844
v -0.253919 1.444282 -0.051596
v -0.122198 1.472239 -0.034409
v -0.146150 1.472762 -0.051630
v -0.156031 1.471201 -0.062774
v -0.163847 1.471367 -0.088374
v -0.037886 1.440086 0.063661
v -0.256778 1.432742 -0.077333
v -0.214446 1.451846 0.024794
v -0.186203 1.452629 0.034429
v -0.082680 1.476707 -0.023019
v -0.064143 1.473229 -0.006938
v -0.271288 1.427899 -0.052928
v -0.270275 1.428602 -0.032132
v -0.168602 1.463830 -0.112919
v -0.126087 1.501110 -0.072211
v -0.143380 1.490509 -0.083961
v -0.129955 1.480397 -0.048189
v -0.241233 1.438107 0.015432
v -0.261598 1.429703 -0.004270
v -0.115721 1.519203 -0.085984
v -0.103856 1.496946 -0.048145
v -0.111256 1.505081 -0.059891
v -0.120276 1.514204 -0.106360
v -0.154048 1.480225 -0.110336
v -0.094329 1.542460 -0.104375
v -0.004273 1.427421 0.055122
v 0.008517 1.446961 0.040012
v 0.012790 1.435030 0.062464
v 0.018630 1.444324 0.054795
v 0.033225 1.452400 0.048706
v 0.023830 1.453226 0.034103
v 0.037744 1.456243 0.024054
v 0.059221 1.458566 0.033110
v 0.091171 1.456133 0.038343
v 0.128472 1.462473 0.025147
v 0.105749 1.461458 0.019991
v 0.138385 1.465708 0.003109
v 0.166241 1.468922 0.001165
v 0.059697 1.457374 0.013827
v 0.170690 1.462670 0.017107
v 0.183279 1.467500 -0.000075
v 0.185580 1.470237 -0.022904
v 0.209524 1.466326 -0.025982
v 0.160490 1.467001 -0.022266
v 0.192733 1.469217 -0.043802
v 0.209765 1.466919 -0.053011
v 0.041478 1.448842 0.055308
v 0.174372 1.465252 -0.048601
v 0.195349 1.463376 -0.081657
v 0.208276 1.461480 -0.087086
v 0.084842 1.456730 0.002340
v 0.111948 1.457310 -0.007016
v 0.114115 1.456915 -0.017577
v 0.136451 1.457702 -0.029493
v 0.202516 1.461466 -0.001299
v 0.201446 1.457204 -0.107240
v 0.185826 1.457109 -0.108421
v 0.179274 1.459555 -0.087353
v 0.170338 1.459538 -0.064820
v 0.235699 1.454758 -0.049510
v 0.227150 1.456088 -0.077224
v 0.180397 1.449010 -0.129491
v 0.232480 1.453711 -0.028641
v 0.223968 1.449278 -0.004459
v 0.220351 1.450176 -0.102961
v 0.244508 1.443710 -0.077065
v 0.250326 1.438167 -0.034038
v 0.259775 1.431444 -0.055170
v 0.243750 1.435560 -0.095119
v -0.134441 1.489908 -0.125171
v -0.020563 1.452813 0.037250
v -0.276750 1.410617 -0.078275
v 0.168976 1.464217 -0.125074
v 0.170933 1.470140 -0.108835
v 0.145984 1.483635 -0.125024
v 0.131503 1.502616 -0.105339
v 0.077007 1.547404 -0.103371
v -0.272280 1.413959 -0.003541
v -0.285779 1.406854 -0.051642
v -0.291840 1.394176 -0.033569
v -0.005871 1.756544 -0.029032
v -0.001072 1.755726 0.000084
v 0.019683 1.754679 0.001052
v 0.023062 1.754830 -0.027639
v -0.031321 1.753817 -0.002037
v -0.032499 1.755501 -0.029750
v -0.003086 1.750692 0.030999
v 0.023269 1.749331 0.028916
v -0.028685 1.746254 0.033103
v -0.002762 1.753598 -0.055780
v -0.028614 1.753616 -0.050182
v 0.019870 1.752195 -0.050937
v 0.039117 1.749527 -0.002024
v -0.003545 1.742872 0.051894
v 0.018525 1.741534 0.050843
v -0.023126 1.738932 0.054705
v -0.050940 1.747699 -0.005999
v -0.054770 1.747499 -0.024661
v 0.042241 1.742575 0.028612
v 0.046313 1.746833 -0.028621
v -0.052669 1.746140 -0.048689
v -0.049235 1.740459 0.018021
v -0.028203 1.747908 -0.067416
v -0.045123 1.743090 -0.066310
v 0.014139 1.745974 -0.069041
v 0.042932 1.743138 -0.051729
v -0.008401 1.742611 -0.080347
v 0.030598 1.732535 0.060221
v 0.052446 1.742063 -0.002961
v 0.032656 1.737864 -0.073348
v -0.042697 1.731523 0.053638
v -0.036263 1.738783 -0.080480
v 0.013733 1.735794 -0.085124
v 0.049906 1.735874 0.032533
v 0.051829 1.730552 -0.064411
v 0.060342 1.728819 -0.051484
v 0.061979 1.732976 -0.028850
v 0.050097 1.719494 0.059022
v -0.069301 1.735413 -0.030153
v -0.058285 1.729040 -0.077230
v -0.066623 1.733690 0.000425
v -0.068853 1.730708 -0.054014
v 0.040964 1.720410 -0.086706
v 0.063125 1.729768 -0.001323
v 0.156587 1.460171 -0.054014
v 0.128230 1.461056 -0.035570
v 0.136451 1.457702 -0.029493
v 0.114115 1.456915 -0.017577
v 0.104828 1.460890 -0.022650
v 0.074204 1.461337 -0.004473
v 0.084842 1.456730 0.002340
v 0.059697 1.457374 0.013827
v 0.170338 1.459538 -0.064820
v 0.050120 1.463091 0.008360
v 0.037744 1.456243 0.024054
v 0.082208 1.469257 -0.020165
v 0.126737 1.474787 -0.051601
v 0.150756 1.471036 -0.066577
v 0.127759 1.492488 -0.070671
v 0.080162 1.477455 -0.025727
v 0.152075 1.481442 -0.086236
v 0.179274 1.459555 -0.087353
v 0.124530 1.505155 -0.085153
v 0.102200 1.517026 -0.069749
v 0.103451 1.498900 -0.055521
v 0.067911 1.486220 -0.022486
v 0.084795 1.518868 -0.054103
v 0.085334 1.535860 -0.067780
v 0.033164 1.465964 0.021934
v 0.023830 1.453226 0.034103
v 0.049202 1.483947 -0.003191
v 0.063932 1.507490 -0.028029
v 0.065130 1.525094 -0.036248
v 0.091824 1.536525 -0.082332
v 0.070897 1.552939 -0.061142
v 0.008517 1.446961 0.040012
v 0.005114 1.461474 0.038877
v 0.131503 1.502616 -0.105339
v 0.170933 1.470140 -0.108835
v 0.185826 1.457109 -0.108421
v 0.087282 1.541587 -0.091425
v 0.069361 1.564017 -0.075544
v -0.008008 1.467294 0.039780
v 0.002026 1.478752 0.043216
v 0.017844 1.483143 0.035107
v -0.007577 1.482142 0.045530
v 0.077007 1.547404 -0.103371
v -0.020563 1.452813 0.037250
v -0.163882 1.343877 0.057402
v -0.175363 1.344855 0.032371
v -0.180912 1.333954 0.027347
v -0.182602 1.309214 0.041649
v -0.165802 1.376102 0.039584
v -0.160553 1.394264 0.040624
v -0.185079 1.283924 0.046676
v -0.159705 1.305922 0.075297
v -0.150875 1.341717 0.075205
v -0.147788 1.413515 0.048072
v -0.196173 1.305515 0.026469
v -0.203583 1.298356 0.021626
v -0.141372 1.350463 0.081317
v -0.141710 1.308706 0.091741
v -0.199655 1.272766 0.027228
v -0.208156 1.297287 0.015473
v -0.148708 1.278079 0.088327
v -0.141583 1.429659 0.046618
v -0.125609 1.379841 0.080973
v -0.171181 1.369189 0.036698
v -0.124987 1.326946 0.098939
v -0.123569 1.288358 0.107046
v -0.184012 1.252394 0.043303
v -0.134749 1.264769 0.098506
v -0.120664 1.345223 0.096051
v -0.155442 1.423925 0.042631
v -0.121119 1.259698 0.107352
v -0.198809 1.251995 0.022148
v -0.116905 1.415921 0.068673
v -0.130461 1.442232 0.046476
v -0.168835 1.258765 0.060751
v -0.139540 1.252464 0.089278
v -0.105493 1.304609 0.112213
v -0.145461 1.448610 0.036779
v -0.189857 1.225248 0.022525
v -0.209577 1.271034 0.002092
v -0.213657 1.299905 0.004988
v -0.175249 1.212421 0.033504
v -0.218039 1.306077 -0.004017
v -0.100165 1.276831 0.116705
v -0.108540 1.253124 0.112298
v -0.152629 1.438671 0.041133
v -0.120843 1.238477 0.097599
v -0.094778 1.384742 0.090197
v -0.090729 1.330414 0.110038
v -0.179323 1.201607 0.019715
v -0.165884 1.233150 0.049768
v -0.152569 1.240813 0.065427
v -0.157957 1.179389 0.027177
v -0.146600 1.187274 0.042298
v -0.135705 1.165092 0.043391
v -0.129340 1.191325 0.056413
v -0.134185 1.219693 0.061420
v -0.123357 1.221161 0.070071
v -0.112026 1.229069 0.094009
v -0.115018 1.173828 0.066991
v -0.127526 1.135567 0.052469
v -0.108318 1.129785 0.075127
v -0.104684 1.199761 0.079350
v -0.091315 1.140868 0.095498
v -0.104608 1.213116 0.081186
v -0.099805 1.097450 0.083255
v -0.125188 1.089842 0.059682
v -0.134517 1.094908 0.048190
v -0.146071 1.070896 0.038424
v -0.102291 1.219604 0.086544
v -0.089807 1.208686 0.090698
v -0.147796 1.145751 0.019909
v -0.156684 1.165613 0.016863
v -0.140499 1.120416 0.032144
v -0.136977 1.057062 0.056833
v -0.081874 1.249575 0.118375
v -0.160960 1.018405 0.044035
v -0.152578 1.004848 0.058416
v -0.161251 0.993794 0.051688
v -0.150853 1.079046 0.020645
v -0.172410 1.001138 0.028427
v -0.082374 1.283621 0.119737
v -0.088182 1.236760 0.111647
v -0.168392 1.020501 0.027566
v -0.171261 0.971148 0.050419
v -0.171074 0.935860 0.065326
v -0.180054 0.926121 0.054418
v -0.171315 0.900527 0.074857
v -0.180421 0.839849 0.072382
v -0.168899 0.861214 0.083881
v -0.173779 0.822597 0.081338
v -0.180408 0.789235 0.069158
v -0.173625 0.776654 0.081031
v -0.181382 0.738004 0.080972
v -0.166628 0.764970 0.089706
v -0.174505 0.716907 0.099227
v -0.181490 0.684051 0.105432
v -0.188270 0.672445 0.100629
v -0.184508 0.654095 0.107804
v -0.204505 1.302712 0.025233
v -0.195675 0.658728 0.087178
v -0.078192 1.353106 0.104607
v -0.084860 1.412692 0.079524
v -0.057820 1.265401 0.121161
v -0.058569 1.301334 0.118445
v -0.059670 1.329154 0.112647
v -0.091802 1.437169 0.063606
v -0.178997 0.981943 0.027042
v -0.186957 0.944155 0.028466
v -0.187244 1.439203 0.040383
v -0.055879 1.373914 0.098340
v -0.197516 1.417462 0.043722
v -0.222383 1.415652 0.039752
v -0.219359 1.399428 0.042712
v -0.236326 1.376569 0.040040
v -0.249409 1.384805 0.034148
v -0.248568 1.346106 0.035127
v -0.272788 1.353519 0.020766
v -0.261800 1.330161 0.025198
v -0.261774 1.394102 0.023969
v -0.246720 1.319839 0.031329
v -0.240964 1.420397 0.029293
v -0.223675 1.355749 0.041537
v -0.273328 1.387509 0.014176
v -0.225856 1.323852 0.036525
v -0.216476 1.436842 0.034228
v -0.271663 1.334215 0.017328
v -0.198720 1.391440 0.043828
v -0.222753 1.306743 0.032093
v -0.186203 1.452629 0.034429
v -0.259009 1.416372 0.014255
v -0.174165 1.404313 0.042480
v -0.241831 1.309326 0.027592
v -0.289612 1.370844 -0.004315
v -0.288830 1.356160 -0.001490
v -0.192644 1.377994 0.042010
v -0.202694 1.336396 0.037103
v -0.053382 1.418420 0.079124
v -0.061058 1.439905 0.065098
v -0.214446 1.451846 0.024794
v -0.058596 1.241239 0.114582
v -0.032095 1.315011 0.112414
v -0.241233 1.438107 0.015432
v -0.033408 1.356072 0.102017
v -0.025072 1.288748 0.114447
v -0.186664 1.354944 0.036370
v -0.029551 1.406083 0.082270
v -0.027161 1.262009 0.114511
v -0.285169 1.389145 -0.006384
v -0.272280 1.413959 -0.003541
v -0.094954 1.451585 0.050365
v -0.030895 1.427681 0.071677
v -0.037886 1.440086 0.063661
v -0.031323 1.246311 0.110405
v -0.188620 1.462840 0.023560
v -0.133227 1.455012 0.032648
v -0.055915 1.450919 0.055107
v -0.261598 1.429703 -0.004270
v -0.147744 1.459342 0.025532
v -0.081943 1.222525 0.097241
v -0.291840 1.394176 -0.033569
v -0.028545 1.157522 0.111977
v -0.037957 1.137807 0.113852
v -0.001258 1.151387 0.108233
v -0.002333 1.129072 0.107840
v -0.037181 1.122015 0.112265
v -0.004052 1.101049 0.104239
v -0.033926 1.094638 0.106540
v -0.024494 1.036843 0.106831
v -0.001423 1.176187 0.105628
v -0.031947 1.214132 0.104090
v -0.051870 1.151606 0.112778
v -0.055675 1.092604 0.105451
v 0.019559 1.090692 0.105983
v 0.018740 1.035961 0.107143
v 0.035481 1.092950 0.106204
v 0.039620 1.035612 0.104700
v 0.054653 1.094407 0.102909
v 0.031627 1.127718 0.111619
v 0.050466 1.133096 0.110170
v 0.041831 1.148636 0.112203
v 0.015401 1.133032 0.111573
v 0.023793 1.160167 0.111549
v -0.062693 1.126109 0.110912
v -0.057166 1.036147 0.103271
v -0.034569 1.028097 0.108059
v 0.047169 1.198619 0.104554
v 0.022565 1.207606 0.104284
v -0.058654 1.218949 0.101695
v -0.059111 1.015427 0.105156
v -0.032038 1.004426 0.110058
v 0.007691 1.024809 0.110505
v 0.001553 0.999383 0.111578
v 0.026807 1.001007 0.109676
v 0.029779 1.026280 0.108815
v -0.037409 0.973421 0.107541
v 0.004838 0.967538 0.108130
v -0.033506 0.952474 0.104350
v 0.032169 0.961194 0.104110
v 0.000775 0.950611 0.104799
v -0.029820 0.930261 0.104129
v -0.008749 0.906218 0.102300
v -0.033150 0.887134 0.104002
v -0.056939 0.884921 0.103454
v -0.048974 0.851380 0.105220
v -0.084980 0.850707 0.104514
v -0.062588 0.822268 0.106580
v -0.083609 0.807321 0.104762
v -0.081274 0.747004 0.102969
v -0.052584 0.749764 0.102077
v -0.078846 0.671551 0.099780
v -0.052361 0.673668 0.098701
v -0.066653 0.913889 0.100138
v -0.095835 0.726206 0.100549
v -0.112273 0.673824 0.099757
v -0.094725 0.652128 0.097740
v -0.050197 0.646305 0.095698
v -0.120234 0.730204 0.097965
v -0.114641 0.645798 0.099812
v -0.108830 0.762068 0.098020
v -0.012051 0.868200 0.099925
v 0.032010 0.948649 0.100784
v 0.033391 0.925298 0.098942
v 0.056055 0.937364 0.097414
v -0.024965 0.665942 0.094644
v -0.028157 0.764817 0.098612
v -0.024366 0.815190 0.099280
v -0.114673 0.644242 0.096890
v 0.039508 0.915876 0.100214
v -0.014440 0.641951 0.090211
v 0.014152 0.887732 0.096711
v 0.026440 0.900086 0.099092
v -0.012865 0.733016 0.094059
v 0.010495 0.865203 0.095693
v 0.059262 1.019993 0.101946
v -0.126411 0.771735 0.094649
v -0.148909 0.764714 0.095494
v -0.150368 0.839286 0.091953
v -0.121372 0.840581 0.092560
v -0.127305 0.872763 0.089728
v -0.098652 0.873119 0.099103
v -0.154041 0.885758 0.086708
v -0.135377 0.934753 0.081490
v -0.068867 0.958068 0.097841
v -0.007536 0.727004 0.094964
v -0.006969 0.807418 0.094072
v -0.063204 0.984593 0.102616
v 0.003167 0.850264 0.093941
v -0.108481 0.932832 0.090075
v -0.086357 0.937735 0.094519
v -0.006780 0.646603 0.092317
v -0.068577 1.167181 0.107318
v -0.077483 1.139007 0.106313
v -0.163608 0.837335 0.089011
v -0.161495 0.792433 0.090173
v -0.161571 0.757166 0.094559
v -0.074898 1.091601 0.100276
v -0.001065 1.211210 0.098960
v -0.031383 1.228570 0.100506
v -0.058889 1.227734 0.102579
v -0.026781 1.235259 0.101267
v -0.079043 1.216118 0.096012
v -0.110067 0.973273 0.083232
v -0.157316 0.927814 0.077967
v -0.139409 0.966950 0.074826
v 0.060424 1.160809 0.106960
v -0.083093 1.029237 0.093342
v 0.025775 1.231802 0.097797
v 0.054388 1.225351 0.097208
v 0.056865 0.992387 0.101682
v -0.141947 0.722783 0.103032
v -0.155976 0.721460 0.104629
v -0.163615 0.730883 0.101005
v -0.130562 0.696638 0.103911
v -0.153431 0.689262 0.112289
v -0.169226 0.689235 0.111615
v -0.163907 0.658060 0.119313
v -0.147765 0.650173 0.117874
v 0.066388 0.953379 0.092879
v 0.083304 0.920956 0.100900
v 0.066215 1.136940 0.105245
v 0.064299 1.035006 0.096806
v -0.173641 0.654977 0.116718
v 0.065084 0.897801 0.110702
v 0.051831 0.887182 0.113096
v 0.067102 0.864623 0.117446
v 0.046567 0.854251 0.118784
v 0.078105 0.843563 0.115525
v 0.031947 0.864587 0.114636
v 0.029871 0.818736 0.123673
v 0.022438 0.882452 0.100960
v 0.045668 0.837562 0.121291
v 0.067139 0.812580 0.117500
v 0.035424 0.785280 0.131263
v 0.047904 0.799342 0.128305
v 0.039872 0.751815 0.136554
v 0.051845 0.718306 0.141472
v 0.039783 0.703164 0.140979
v 0.052181 0.689218 0.143858
v 0.049563 0.654450 0.143281
v 0.059077 0.656287 0.144610
v 0.066330 0.673164 0.143224
v 0.053488 0.788458 0.127943
v 0.034050 0.684949 0.138542
v 0.026702 0.750517 0.131485
v -0.002617 0.798547 0.096735
v 0.079024 0.888907 0.110681
v 0.034864 0.649385 0.136622
v -0.001191 1.233286 0.091436
v -0.000771 1.241897 0.091713
v -0.145757 0.986770 0.066557
v -0.113218 1.014893 0.078944
v 0.020355 0.787328 0.123818
v -0.085247 1.158397 0.100202
v 0.017669 0.851317 0.110935
v -0.084602 1.099807 0.096328
v -0.094029 1.063304 0.087708
v -0.112759 1.048152 0.076049
v -0.124149 1.045773 0.069012
v -0.157424 0.970301 0.065119
v 0.085679 0.964612 0.085468
v 0.075176 0.651070 0.138955
v 0.077627 1.218641 0.090135
v 0.067184 0.714358 0.136265
v -0.130114 0.663164 0.108087
v 0.078331 0.992818 0.089727
v 0.076090 1.178707 0.097320
v 0.083792 0.823057 0.111261
v 0.021740 0.674117 0.128590
v 0.077217 0.677074 0.137812
v 0.017274 0.755833 0.123668
v 0.062078 1.228156 0.097302
v 0.034066 1.233222 0.099619
v 0.024952 1.252011 0.110196
v 0.082652 1.223359 0.090091
v 0.011891 1.265604 0.108183
v 0.033391 1.263407 0.115250
v 0.022268 1.283504 0.112935
v 0.060227 1.256369 0.117055
v -0.001783 1.302313 0.099139
v -0.001727 1.274166 0.100522
v -0.005055 1.244417 0.094263
v 0.011593 1.319402 0.103316
v 0.050583 1.244312 0.111170
v -0.001783 1.335633 0.092055
v 0.012196 1.368163 0.090857
v -0.002569 1.361053 0.085036
v -0.003062 1.380434 0.078556
v 0.007771 1.411745 0.073523
v 0.016939 1.405419 0.079535
v 0.012790 1.435030 0.062464
v 0.077489 1.245130 0.112032
v 0.084277 1.258754 0.116120
v 0.106933 1.251156 0.108340
v -0.004004 1.412246 0.065290
v 0.075669 1.095356 0.093061
v 0.021787 0.648042 0.125782
v 0.093987 0.905442 0.099599
v 0.090064 0.794069 0.103127
v 0.091179 0.848086 0.108202
v 0.080850 1.141171 0.097052
v 0.077592 0.768263 0.106707
v 0.008736 0.787738 0.112879
v 0.008907 0.831077 0.106589
v 0.105160 0.939478 0.083627
v 0.110413 0.973467 0.070004
v 0.103025 0.767064 0.092554
v 0.089192 0.733525 0.102668
v 0.103947 0.695367 0.097010
v 0.113145 1.239415 0.099788
v -0.004273 1.427421 0.055122
v 0.066629 0.781081 0.119954
v 0.088166 1.008936 0.082497
v 0.078175 1.032981 0.087625
v -0.015256 1.341306 0.099951
v -0.015550 1.397368 0.080348
v -0.006813 1.299423 0.103698
v -0.007679 1.268148 0.104981
v -0.013725 1.424744 0.065718
v 0.095819 1.214493 0.079328
v 0.094244 1.202427 0.079455
v 0.079846 1.236513 0.105232
v 0.112907 1.215914 0.072569
v 0.000176 0.724703 0.103304
v 0.004389 0.645947 0.105172
v 0.080870 0.735580 0.108453
v 0.117770 0.998563 0.061995
v 0.113496 1.036339 0.060185
v 0.088849 1.039916 0.076925
v 0.093616 1.073600 0.071437
v 0.116746 1.100544 0.053238
v -0.003760 1.399205 0.071591
v 0.095187 0.679997 0.109835
v 0.120405 1.199557 0.058513
v 0.104263 1.199221 0.069503
v 0.105768 1.167705 0.063661
v 0.119242 1.150740 0.051489
v 0.102347 0.808292 0.093515
v 0.100424 1.130013 0.066814
v 0.103697 0.891837 0.093233
v 0.131357 1.058467 0.042283
v 0.141705 1.198810 0.041163
v 0.142414 0.995855 0.040977
v 0.126922 0.947962 0.061076
v 0.148546 0.966001 0.042106
v 0.158779 0.926839 0.038604
v 0.130039 0.907928 0.060308
v 0.134434 0.883207 0.055942
v 0.122348 0.817194 0.063084
v 0.161109 0.817445 0.035991
v 0.131720 0.817778 0.053616
v 0.131678 0.752207 0.056512
v 0.161447 0.742823 0.042708
v 0.132172 0.691161 0.059203
v 0.169878 0.667163 0.046603
v 0.168432 0.646798 0.047286
v 0.132225 0.644290 0.059527
v 0.175530 0.693144 0.040935
v 0.186507 0.662709 0.036431
v 0.189343 0.646709 0.032442
v 0.180002 0.741987 0.028976
v 0.089624 0.649241 0.126013
v 0.174041 0.864956 0.024655
v 0.174678 0.796097 0.026086
v 0.124546 0.644465 0.066487
v 0.126168 0.714201 0.063771
v 0.129572 1.137921 0.039859
v 0.131900 1.213230 0.055513
v 0.147145 1.222522 0.048649
v 0.142622 0.643142 0.054507
v 0.114272 0.902149 0.079249
v 0.129686 1.096589 0.040284
v 0.193516 0.686534 0.025323
v 0.161482 0.973108 0.028064
v 0.152169 1.001753 0.029516
v 0.100486 0.846734 0.098768
v 0.090815 1.147637 0.085507
v -0.027255 1.443857 0.056285
v 0.111860 1.229430 0.091283
v 0.088933 1.091599 0.078520
v 0.173851 0.926782 0.022442
v 0.158843 1.210472 0.026010
v 0.113794 0.718619 0.084405
v 0.102669 0.666330 0.102831
v 0.073021 0.732805 0.123978
v 0.141281 1.081518 0.026735
v 0.111937 0.792214 0.079843
v 0.136213 1.233233 0.080399
v 0.182691 0.808585 0.014029
v 0.198063 0.661299 0.021938
v 0.088595 0.672878 0.123609
v 0.158769 1.007463 0.019035
v 0.172175 0.969588 0.013932
v 0.164710 1.241936 0.041934
v 0.109882 0.646532 0.092604
v 0.189125 0.741441 0.015304
v 0.096129 0.646923 0.098740
v 0.109882 0.646532 0.092604
v 0.089624 0.649241 0.126013
v 0.082244 0.649798 0.126274
v 0.075176 0.651070 0.138955
v 0.064718 0.653651 0.128700
v 0.039807 0.651094 0.127544
v 0.034864 0.649385 0.136622
v 0.030259 0.647290 0.125090
v 0.021787 0.648042 0.125782
v 0.004389 0.645947 0.105172
v 0.110243 0.644003 0.087376
v 0.104248 0.645958 0.080224
v 0.118205 0.642609 0.061558
v 0.124546 0.644465 0.066487
v 0.132225 0.644290 0.059527
v -0.002377 0.642831 0.093493
v 0.142622 0.643142 0.054507
v 0.132838 0.645381 0.048535
v 0.155167 0.645898 0.038409
v 0.189343 0.646709 0.032442
v 0.176256 0.646889 0.027049
v 0.192702 0.647086 0.009375
v 0.202391 0.646974 0.006454
v 0.190906 0.646921 -0.060550
v 0.203886 0.646135 -0.051707
v 0.187277 0.647653 -0.097718
v 0.200037 0.650059 -0.090856
v 0.191348 0.649196 -0.106521
v 0.160756 0.645459 -0.118401
v 0.169730 0.648394 -0.104577
v 0.137639 0.646008 -0.106772
v 0.168432 0.646798 0.047286
v 0.134807 0.643184 -0.112419
v 0.136377 0.645649 -0.118031
v 0.108543 0.646379 0.067428
v 0.015403 0.647475 0.104222
v 0.003777 0.646183 0.090043
v -0.009548 0.645320 0.084989
v 0.129521 0.643381 -0.122264
v 0.080736 0.653129 0.120610
v 0.049563 0.654450 0.143281
v 0.115343 0.646392 0.057534
v 0.087638 0.651949 0.111915
v -0.183799 0.647216 0.065241
v -0.179857 0.649416 0.084985
v -0.194096 0.650423 0.083421
v -0.196179 0.646183 0.050587
v -0.174912 0.651541 0.110258
v -0.185337 0.642406 0.007713
v -0.164604 0.652513 0.089907
v -0.154392 0.652522 0.101132
v -0.195236 0.645638 0.026732
v -0.197180 0.644556 0.012060
v -0.181952 0.643787 -0.011312
v -0.171346 0.645314 0.005069
v -0.166432 0.643536 -0.046919
v -0.180163 0.645810 0.025092
v -0.149370 0.649270 0.109944
v -0.147765 0.650173 0.117874
v -0.114673 0.644242 0.096890
v -0.136475 0.647589 0.097616
v -0.119948 0.645915 0.091950
v -0.080281 0.642154 0.086191
v -0.047455 0.641847 0.089959
v -0.014440 0.641951 0.090211
v -0.184508 0.654095 0.107804
v -0.194470 0.646399 -0.002038
v -0.021548 0.644285 0.083574
v -0.178715 0.646079 -0.024868
v -0.114641 0.645798 0.099812
v -0.173641 0.654977 0.116718
v -0.090043 0.644941 0.083606
v -0.009548 0.645320 0.084989
v -0.173930 0.654007 0.079021
v -0.006780 0.646603 0.092317
v -0.164865 0.646188 -0.030611
v -0.157886 0.645479 -0.050380
v -0.158066 0.642544 -0.063323
v -0.043121 0.645832 0.084217
v -0.151024 0.646210 -0.069724
v -0.143118 0.640121 -0.111131
v -0.152791 0.642023 -0.095040
v -0.150613 0.641725 -0.132092
v -0.002377 0.642831 0.093493
v 0.004389 0.645947 0.105172
v -0.001482 1.499441 0.067866
v 0.009942 1.504493 0.080638
v -0.001544 1.502762 0.090756
v 0.014269 1.500277 0.052725
v 0.011976 1.508697 0.092597
v 0.023101 1.508167 0.064440
v -0.003864 1.491845 0.054686
v -0.001473 1.509038 0.102484
v 0.029573 1.512849 0.042041
v 0.029463 1.524064 0.082124
v 0.037918 1.525296 0.058640
v 0.020094 1.521379 0.095867
v 0.024767 1.502484 0.037281
v 0.011018 1.490029 0.044487
v 0.048931 1.540283 0.033546
v 0.041620 1.527373 0.024512
v 0.050306 1.548704 0.054746
v 0.061313 1.566196 0.026589
v 0.050761 1.546377 0.017707
v 0.057978 1.562976 -0.000695
v 0.050752 1.540489 0.008952
v 0.059105 1.572403 0.049579
v 0.043986 1.557588 0.076407
v 0.068039 1.586713 0.006209
v 0.070317 1.601757 0.024979
v 0.036645 1.502909 0.020598
v 0.058628 1.530891 -0.023397
v 0.064092 1.606912 0.050890
v 0.047540 1.503005 0.000321
v 0.017844 1.483143 0.035107
v 0.055606 1.600300 0.068287
v 0.065708 1.586009 -0.022971
v 0.068286 1.596565 -0.015129
v 0.070303 1.603359 -0.028976
v 0.073019 1.608834 -0.006621
v 0.070511 1.608050 -0.044971
v 0.065126 1.583546 -0.054300
v 0.063392 1.560277 -0.037582
v 0.075195 1.616126 -0.041378
v 0.066149 1.602077 -0.060812
v 0.064545 1.549854 -0.045541
v 0.064722 1.645162 0.053636
v 0.071473 1.638508 0.026575
v 0.075350 1.652072 -0.007475
v 0.033626 1.477908 0.019290
v 0.055436 1.649746 0.075646
v 0.064974 1.567265 -0.055829
v 0.071086 1.680149 0.020576
v 0.078445 1.677214 -0.036424
v 0.064234 1.679269 0.047979
v 0.065130 1.525094 -0.036248
v 0.049202 1.483947 -0.003191
v 0.075577 1.698045 -0.027795
v 0.071769 1.710445 -0.007116
v 0.058807 1.695478 0.056776
v 0.065586 1.713950 0.026026
v 0.063553 1.577237 -0.073122
v 0.070897 1.552939 -0.061142
v 0.074841 1.696737 -0.051989
v 0.079858 1.664201 -0.047727
v 0.058866 1.584138 -0.080837
v 0.058531 1.722987 0.037750
v 0.033164 1.465964 0.021934
v 0.077780 1.636905 -0.051467
v 0.050097 1.719494 0.059022
v 0.070101 1.717128 -0.041429
v 0.069361 1.564017 -0.075544
v 0.074108 1.681252 -0.064430
v 0.063125 1.729768 -0.001323
v 0.073574 1.647668 -0.067153
v 0.060023 1.610822 -0.079414
v 0.056649 1.596224 -0.081709
v 0.057494 1.574111 -0.090864
v 0.066310 1.656113 -0.082539
v 0.061979 1.732976 -0.028850
v 0.060854 1.706467 -0.076058
v 0.066338 1.689535 -0.075517
v 0.060342 1.728819 -0.051484
v 0.049906 1.735874 0.032533
v 0.002026 1.478752 0.043216
v 0.054520 1.653536 -0.096645
v 0.056168 1.668404 -0.093756
v 0.046267 1.604623 -0.093261
v 0.051245 1.685579 -0.095980
v 0.077007 1.547404 -0.103371
v 0.051829 1.730552 -0.064411
v 0.180397 1.449010 -0.129491
v 0.188388 1.437278 -0.138573
v 0.165244 1.423879 -0.155603
v 0.163725 1.432413 -0.148700
v 0.137473 1.423719 -0.162632
v 0.198516 1.447469 -0.124611
v 0.135882 1.415886 -0.174046
v 0.100010 1.418728 -0.182988
v 0.107524 1.408862 -0.190399
v 0.074159 1.416112 -0.193969
v 0.135169 1.400256 -0.184581
v 0.223643 1.430010 -0.122462
v 0.174195 1.413191 -0.157412
v 0.207600 1.418672 -0.138923
v 0.107284 1.455302 -0.160352
v 0.144541 1.462440 -0.143795
v 0.098568 1.486744 -0.148260
v 0.116907 1.501658 -0.128922
v 0.155657 1.464237 -0.137349
v 0.077698 1.475054 -0.167183
v 0.084658 1.456396 -0.173854
v 0.068127 1.444415 -0.186140
v 0.067113 1.502418 -0.152699
v 0.069528 1.520499 -0.137853
v 0.127783 1.382905 -0.194336
v 0.062919 1.483660 -0.165324
v 0.229867 1.409532 -0.128793
v 0.156411 1.375978 -0.182036
v 0.182290 1.389592 -0.161781
v 0.210886 1.395682 -0.145228
v 0.102343 1.380184 -0.202760
v 0.074807 1.402911 -0.199715
v 0.069657 1.539976 -0.119760
v 0.047779 1.557759 -0.112810
v 0.052221 1.569711 -0.100758
v 0.036993 1.571865 -0.107207
v 0.036641 1.586613 -0.102162
v 0.017715 1.585443 -0.108569
v 0.228713 1.440391 -0.108201
v 0.145984 1.483635 -0.125024
v 0.052116 1.522311 -0.138677
v 0.168976 1.464217 -0.125074
v 0.138138 1.359786 -0.194987
v 0.220351 1.450176 -0.102961
v 0.255215 1.415833 -0.100620
v 0.249689 1.403285 -0.113685
v 0.077007 1.547404 -0.103371
v 0.057494 1.574111 -0.090864
v 0.234940 1.384237 -0.132052
v 0.189141 1.357956 -0.164707
v 0.208796 1.356354 -0.153034
v 0.243750 1.435560 -0.095119
v 0.122684 1.351024 -0.202167
v 0.062637 1.432739 -0.190324
v 0.164754 1.347380 -0.181919
v 0.026990 1.557086 -0.113687
v 0.019208 1.566781 -0.111095
v 0.035568 1.535072 -0.125354
v 0.201446 1.457204 -0.107240
v 0.046267 1.604623 -0.093261
v 0.029611 1.597985 -0.104428
v 0.075910 1.371115 -0.207449
v 0.099044 1.349600 -0.207770
v 0.137058 1.327318 -0.197330
v -0.008556 1.562992 -0.115074
v 0.170440 1.325397 -0.178320
v 0.052276 1.413934 -0.192484
v -0.007491 1.536890 -0.117265
v -0.003993 1.502118 -0.123195
v -0.036596 1.530788 -0.120836
v -0.030631 1.505464 -0.128753
v -0.064119 1.516846 -0.135114
v -0.054162 1.545119 -0.120756
v -0.032748 1.478299 -0.141534
v -0.057720 1.451372 -0.168329
v -0.074059 1.467528 -0.165484
v -0.073844 1.515641 -0.138265
v -0.065751 1.552988 -0.118861
v -0.065177 1.432989 -0.178655
v -0.086009 1.443727 -0.178140
v -0.087991 1.477060 -0.161506
v -0.004779 1.478329 -0.131334
v -0.005757 1.454261 -0.140821
v -0.065373 1.413163 -0.185122
v -0.005542 1.422782 -0.152809
v -0.040018 1.560124 -0.114833
v -0.046627 1.577380 -0.113531
v -0.088540 1.414580 -0.186456
v -0.076112 1.398161 -0.193741
v -0.049782 1.396682 -0.187604
v -0.092779 1.400578 -0.193172
v -0.039056 1.413422 -0.174437
v -0.087669 1.516501 -0.137001
v -0.065080 1.363536 -0.199247
v -0.091912 1.366854 -0.201853
v 0.052831 1.391587 -0.201111
v -0.060242 1.579216 -0.111478
v -0.114593 1.385295 -0.195011
v 0.053430 1.475745 -0.167385
v -0.007077 1.402622 -0.161310
v -0.110784 1.416575 -0.180302
v 0.052361 1.437974 -0.185284
v -0.116713 1.353201 -0.200992
v -0.060023 1.593534 -0.109077
v -0.047611 1.341430 -0.195526
v -0.032334 1.372083 -0.184120
v -0.103450 1.451513 -0.168990
v -0.007877 1.589825 -0.114581
v 0.015576 1.522460 -0.122488
v -0.139212 1.381532 -0.187841
v -0.139097 1.406870 -0.175436
v 0.034221 1.496742 -0.145882
v 0.018539 1.465861 -0.150808
v 0.026009 1.399876 -0.188004
v -0.011073 1.387046 -0.167403
v -0.007267 1.381286 -0.168456
v -0.011565 1.356645 -0.171970
v -0.008103 1.344371 -0.172216
v -0.039493 1.607658 -0.114775
v -0.011140 1.301077 -0.171181
v -0.003581 1.612895 -0.116386
v 0.034653 1.619081 -0.103905
v -0.109096 1.475808 -0.153012
v 0.026622 1.366056 -0.197486
v 0.044877 1.354238 -0.205604
v 0.029701 1.414420 -0.182110
v -0.139856 1.341400 -0.194486
v -0.030012 1.325009 -0.186320
v -0.059422 1.622275 -0.109155
v -0.038602 1.296365 -0.188614
v 0.037078 1.445547 -0.173966
v -0.080487 1.539842 -0.122214
v -0.067373 1.563275 -0.113248
v -0.031820 1.642792 -0.121187
v -0.009498 1.658097 -0.123337
v -0.036527 1.660534 -0.121497
v -0.028770 1.679903 -0.120552
v -0.010656 1.685569 -0.120349
v -0.031547 1.702911 -0.112305
v -0.007702 1.706943 -0.112479
v 0.010798 1.701452 -0.112306
v 0.007015 1.675327 -0.120121
v 0.023471 1.688932 -0.112757
v 0.017714 1.723155 -0.097180
v 0.029410 1.675656 -0.112718
v -0.046445 1.691793 -0.112768
v 0.039036 1.708045 -0.097043
v 0.010573 1.646576 -0.119596
v 0.031073 1.652783 -0.112542
v -0.010731 1.729692 -0.096308
v -0.030809 1.724449 -0.097956
v -0.052268 1.657436 -0.116884
v -0.060478 1.677496 -0.110476
v 0.051245 1.685579 -0.095980
v 0.040964 1.720410 -0.086706
v -0.047564 1.718966 -0.095667
v 0.013733 1.735794 -0.085124
v 0.054520 1.653536 -0.096645
v 0.136531 1.295884 -0.193212
v 0.157878 1.297205 -0.182071
v -0.059142 1.702775 -0.099740
v -0.144261 1.452841 -0.146462
v -0.147742 1.421374 -0.158353
v -0.163175 1.355227 -0.179899
v -0.007997 1.285388 -0.168037
v -0.026065 1.272706 -0.177037
v 0.032656 1.737864 -0.073348
v 0.056168 1.668404 -0.093756
v -0.008401 1.742611 -0.080347
v -0.165190 1.380702 -0.172398
v -0.137202 1.478445 -0.134767
v -0.036263 1.738783 -0.080480
v 0.008121 1.379308 -0.182095
v -0.175400 1.411491 -0.149184
v -0.172383 1.424619 -0.139514
v -0.062839 1.647642 -0.109964
v -0.179527 1.437542 -0.123844
v -0.203497 1.435281 -0.115899
v -0.195457 1.446763 -0.107919
v -0.192958 1.411388 -0.137769
v -0.230494 1.411364 -0.117830
v -0.214842 1.387697 -0.134364
v -0.247557 1.394776 -0.114079
v -0.190752 1.390191 -0.148667
v -0.198563 1.372412 -0.147466
v -0.259144 1.409158 -0.100137
v -0.211566 1.358016 -0.137967
v -0.247587 1.421395 -0.100473
v -0.164683 1.451298 -0.131902
v -0.258335 1.376686 -0.106492
v 0.008941 1.328027 -0.188147
v -0.181953 1.349484 -0.165299
v -0.270580 1.388838 -0.096780
v -0.163351 1.328619 -0.180857
v -0.229435 1.444950 -0.088069
v -0.058285 1.729040 -0.077230
v -0.076573 1.567497 -0.101589
v -0.082071 1.554529 -0.107176
v 0.060854 1.706467 -0.076058
v -0.072686 1.579769 -0.098199
v -0.134441 1.489908 -0.125171
v -0.072737 1.683842 -0.093562
v -0.067593 1.716379 -0.078336
v -0.282069 1.394608 -0.080713
v -0.071152 1.605890 -0.093126
v -0.094329 1.542460 -0.104375
v -0.073170 1.654425 -0.098183
v -0.256778 1.432742 -0.077333
v -0.276750 1.410617 -0.078275
v -0.168602 1.463830 -0.112919
v -0.181619 1.449109 -0.108751
v 0.051829 1.730552 -0.064411
v 0.022536 1.093038 -0.119265
v 0.048148 1.082304 -0.122362
v 0.020625 1.071015 -0.119968
v 0.053427 1.060188 -0.124797
v 0.028097 1.048898 -0.125050
v -0.001990 1.058424 -0.115169
v -0.002187 1.087300 -0.110626
v -0.002698 1.029462 -0.123339
v 0.053843 1.038278 -0.131684
v 0.022551 1.029740 -0.130229
v -0.003006 1.005931 -0.131833
v -0.002370 1.112460 -0.109687
v 0.079719 1.063570 -0.121895
v 0.078867 1.041258 -0.129827
v 0.076964 1.089326 -0.119390
v 0.042928 1.106332 -0.123248
v 0.020700 1.118154 -0.120772
v -0.003733 1.133907 -0.111235
v 0.064483 1.111122 -0.123999
v -0.016303 1.061842 -0.117919
v 0.086287 1.119685 -0.121829
v 0.100175 1.092879 -0.112421
v -0.021922 1.032315 -0.127715
v -0.033919 1.034836 -0.127803
v -0.035689 1.067675 -0.119682
v -0.060954 1.056656 -0.119357
v -0.058259 1.084790 -0.115491
v -0.038330 1.099669 -0.117365
v -0.021758 1.105852 -0.115187
v -0.055807 1.118533 -0.117541
v -0.036140 1.122675 -0.119780
v -0.056522 1.034447 -0.128017
v -0.083189 1.063823 -0.111285
v -0.079925 1.095211 -0.109089
v -0.085032 1.035262 -0.121077
v -0.080297 1.118601 -0.112360
v -0.019175 1.140113 -0.118952
v 0.054721 1.125757 -0.128379
v 0.037038 1.135582 -0.129557
v 0.017013 1.142973 -0.125193
v 0.100824 1.068554 -0.114221
v -0.106154 1.061741 -0.100632
v -0.004840 1.158652 -0.116837
v -0.054372 1.146066 -0.126792
v -0.035382 1.144209 -0.125085
v -0.081791 1.143099 -0.121572
v 0.060784 1.152465 -0.138605
v -0.106887 1.095254 -0.095554
v -0.107942 1.122895 -0.100855
v 0.101112 1.041745 -0.123487
v 0.045987 1.165313 -0.143656
v 0.019709 1.166298 -0.135654
v -0.057168 1.170451 -0.138336
v -0.034051 1.169531 -0.135505
v 0.077483 1.164483 -0.143563
v 0.050552 1.193783 -0.159002
v -0.090228 1.174208 -0.136831
v 0.028066 1.202053 -0.157198
v 0.078463 1.237625 -0.186230
v 0.051051 1.234060 -0.182198
v 0.048301 1.262511 -0.194458
v 0.074050 1.271658 -0.200123
v 0.051437 1.301361 -0.205235
v 0.076668 1.304577 -0.207925
v 0.030848 1.297683 -0.198350
v 0.075285 1.341017 -0.210038
v 0.052916 1.341286 -0.207960
v 0.023050 1.275708 -0.189527
v 0.107524 1.299416 -0.203478
v 0.101658 1.263508 -0.194360
v 0.025101 1.243151 -0.177943
v 0.026561 1.313064 -0.199056
v -0.089440 1.235573 -0.176027
v -0.067047 1.217035 -0.165277
v -0.063350 1.245014 -0.179917
v -0.044616 1.209182 -0.158375
v -0.089614 1.263629 -0.188824
v -0.116691 1.255916 -0.181909
v -0.116150 1.293507 -0.195774
v -0.087747 1.291714 -0.197835
v -0.064736 1.269695 -0.189644
v -0.114395 1.319416 -0.200743
v -0.089432 1.331123 -0.203787
v -0.139442 1.278191 -0.183652
v -0.059502 1.293018 -0.195013
v -0.065527 1.325327 -0.200655
v -0.115319 1.225451 -0.165145
v 0.099975 1.234845 -0.181244
v -0.045322 1.240895 -0.174436
v 0.100088 1.325081 -0.207910
v -0.142219 1.309610 -0.191058
v 0.087844 1.188213 -0.155095
v 0.093967 1.145764 -0.130149
v -0.043781 1.269493 -0.184189
v 0.113277 1.202905 -0.157244
v 0.129192 1.274134 -0.190143
v -0.140340 1.241128 -0.164820
v 0.120542 1.243162 -0.179458
v -0.114720 1.168342 -0.124888
v -0.113233 1.142448 -0.107887
v -0.026313 1.208730 -0.152500
v 0.014101 1.202577 -0.150972
v -0.142799 1.226198 -0.154108
v -0.072003 1.348025 -0.201805
v -0.163374 1.261931 -0.162560
v -0.016520 1.166297 -0.126936
v -0.161556 1.295068 -0.176685
v -0.026922 1.244613 -0.168366
v 0.109772 1.119794 -0.111232
v 0.112051 1.155019 -0.127152
v 0.136597 1.237918 -0.169283
v -0.143022 1.195913 -0.130848
v 0.005486 1.245787 -0.167008
v -0.002332 1.172725 -0.124122
v -0.006917 1.190540 -0.133277
v -0.004810 1.195847 -0.135001
v -0.006512 1.230199 -0.149004
v -0.128753 1.146153 -0.098260
v -0.002370 1.217318 -0.146373
v -0.007892 1.261135 -0.160752
v 0.163697 1.265336 -0.166894
v 0.005012 1.281698 -0.178954
v -0.175367 1.277926 -0.159983
v 0.138725 1.205853 -0.146103
v 0.155396 1.245148 -0.161362
v -0.165308 1.220278 -0.132693
v -0.179783 1.322773 -0.167316
v -0.186009 1.300632 -0.157480
v -0.104708 1.037294 -0.111611
v -0.021562 1.014233 -0.137140
v 0.028516 1.018203 -0.139259
v -0.004370 0.987183 -0.141189
v -0.043815 0.971586 -0.167863
v -0.025586 0.974386 -0.158888
v -0.028783 0.936267 -0.172991
v -0.048489 0.952061 -0.176691
v -0.043762 0.928581 -0.180503
v -0.065374 0.942510 -0.182895
v -0.067722 0.922807 -0.187137
v -0.053926 0.900175 -0.185434
v -0.077865 0.898979 -0.188690
v -0.065115 0.859530 -0.185569
v -0.087581 0.868254 -0.186713
v -0.083643 0.816615 -0.181715
v -0.068819 0.807465 -0.180357
v -0.090577 0.912052 -0.187414
v -0.086533 0.783553 -0.181944
v -0.073406 0.768424 -0.182508
v -0.109817 0.887909 -0.181777
v -0.054603 0.810227 -0.176703
v -0.098669 0.816309 -0.177436
v -0.106795 0.862081 -0.180623
v -0.061149 0.771741 -0.177928
v -0.039289 0.894178 -0.180511
v -0.040293 0.855890 -0.177087
v -0.089852 0.946844 -0.181352
v -0.086908 0.727207 -0.191208
v -0.097625 0.727244 -0.191307
v -0.094378 0.678588 -0.202114
v -0.118079 0.669641 -0.202896
v -0.112098 0.652820 -0.205257
v -0.093686 0.650704 -0.202325
v -0.070982 0.720709 -0.186319
v -0.131046 0.655678 -0.199318
v -0.104858 0.793321 -0.175707
v -0.106348 0.769776 -0.178790
v -0.111377 0.923223 -0.179826
v -0.078192 0.676192 -0.194964
v -0.065299 0.966737 -0.174049
v -0.087250 0.966992 -0.173448
v -0.113392 0.731694 -0.186079
v -0.077131 0.654527 -0.194305
v -0.007818 0.917359 -0.163110
v -0.034704 0.829702 -0.169596
v -0.046979 0.787130 -0.170909
v -0.052814 0.737707 -0.173428
v -0.062414 0.698862 -0.181277
v -0.011666 0.868182 -0.162644
v -0.006594 0.888875 -0.163870
v -0.006237 0.859563 -0.160136
v -0.008604 0.821284 -0.151880
v -0.006031 0.804341 -0.148858
v -0.013858 0.791477 -0.149067
v -0.006876 0.743964 -0.143445
v -0.016598 0.708324 -0.143818
v -0.016750 0.666058 -0.139410
v -0.009502 0.647014 -0.137304
v -0.002689 0.727494 -0.142160
v -0.028127 0.645522 -0.141985
v 0.003955 0.644756 -0.141099
v -0.030113 0.694915 -0.149981
v -0.032777 0.769452 -0.159369
v -0.114658 0.951943 -0.171044
v 0.001152 0.736770 -0.146473
v -0.007183 0.937914 -0.159920
v -0.064509 0.989740 -0.161565
v -0.006143 0.961148 -0.152924
v -0.088848 0.993472 -0.156749
v -0.112897 0.974378 -0.160435
v -0.073389 0.647298 -0.188381
v -0.046745 0.644465 -0.159001
v -0.042417 0.681848 -0.159391
v 0.088032 0.995185 -0.163744
v 0.072944 0.993415 -0.169048
v 0.089408 0.967703 -0.180151
v 0.072545 0.959609 -0.188500
v 0.095096 0.932853 -0.189523
v 0.072645 0.937476 -0.195690
v 0.074167 0.904947 -0.199837
v 0.049096 0.925027 -0.197134
v 0.052061 0.897814 -0.199763
v 0.055758 0.878437 -0.199895
v 0.072303 0.860251 -0.196977
v 0.049927 0.808914 -0.189225
v 0.070312 0.814700 -0.188598
v 0.056054 0.784050 -0.187762
v 0.076307 0.784861 -0.183345
v 0.073761 0.760875 -0.186712
v 0.052731 0.748775 -0.190131
v 0.051301 0.943409 -0.193311
v 0.065911 0.728095 -0.194525
v 0.057890 0.690428 -0.203645
v 0.078498 0.678026 -0.205386
v 0.071429 0.658540 -0.208982
v 0.057067 0.666216 -0.206334
v 0.064211 0.647606 -0.206384
v 0.091140 0.896874 -0.194814
v 0.081649 0.650436 -0.206250
v 0.077180 0.728576 -0.191922
v 0.032591 0.856543 -0.190800
v 0.038089 0.766711 -0.184197
v 0.029434 0.805924 -0.181409
v 0.037776 0.728269 -0.188156
v 0.033720 0.898710 -0.193573
v 0.051604 0.969916 -0.182596
v 0.026336 0.950100 -0.181293
v 0.021169 0.934811 -0.182705
v 0.048994 0.667608 -0.202322
v 0.048281 0.645389 -0.198242
v 0.027293 0.769829 -0.178263
v 0.020290 0.893423 -0.185897
v 0.022457 0.962428 -0.174184
v 0.004984 0.916157 -0.173800
v 0.051414 0.997591 -0.164306
v 0.028032 0.982562 -0.165773
v 0.008174 0.861974 -0.174319
v 0.028618 0.722893 -0.181222
v 0.037058 0.678185 -0.191994
v 0.011601 0.796365 -0.166117
v -0.112491 1.002163 -0.139957
v 0.109398 0.999440 -0.149720
v 0.021016 0.644835 -0.155982
v 0.012763 0.764472 -0.164819
v 0.037220 0.646203 -0.187708
v -0.132577 0.650590 -0.193634
v -0.142738 0.654304 -0.189687
v 0.017694 0.724556 -0.167494
v -0.022683 0.642891 -0.134935
v 0.015242 0.688272 -0.157239
v -0.091453 1.645490 -0.048197
v -0.106872 1.623623 -0.045080
v -0.104111 1.638449 -0.049622
v -0.087973 1.617729 -0.045266
v -0.104161 1.657009 -0.047387
v -0.111798 1.655464 -0.045227
v -0.113816 1.642633 -0.046098
v -0.104750 1.613347 -0.038383
v -0.082234 1.602588 -0.034764
v -0.085518 1.632021 -0.053287
v -0.092537 1.601489 -0.027437
v -0.086529 1.644772 -0.054826
v -0.082049 1.597105 -0.021465
v -0.086880 1.664805 -0.042722
v 0.065165 0.651097 -0.193845
v 0.090333 0.647274 -0.198316
v 0.090078 0.647627 -0.189566
v 0.104863 0.646924 -0.165264
v 0.109148 0.645841 -0.178768
v 0.109940 0.646516 -0.131573
v 0.115819 0.643559 -0.125573
v 0.120226 0.645544 -0.154624
v 0.129521 0.643381 -0.122264
v 0.125312 0.643764 -0.114727
v 0.134807 0.643184 -0.112419
v 0.137639 0.646008 -0.106772
v 0.094747 0.649275 -0.197393
v 0.048281 0.645389 -0.198242
v 0.064211 0.647606 -0.206384
v 0.048962 0.646344 -0.190614
v 0.035933 0.644464 -0.175475
v 0.037220 0.646203 -0.187708
v 0.021016 0.644835 -0.155982
v 0.016469 0.644576 -0.145924
v 0.003955 0.644756 -0.141099
v 0.006807 0.646067 -0.133428
v -0.008453 0.642813 -0.132609
v 0.081649 0.650436 -0.206250
v -0.009502 0.647014 -0.137304
v -0.022683 0.642891 -0.134935
v -0.028127 0.645522 -0.141985
v -0.093686 0.650704 -0.202325
v -0.076300 0.646416 -0.183157
v -0.108420 0.649495 -0.199872
v -0.073389 0.647298 -0.188381
v -0.046745 0.644465 -0.159001
v -0.054450 0.646076 -0.156831
v -0.038112 0.646017 -0.138091
v -0.022683 0.642891 -0.134935
v -0.028809 0.645692 -0.131060
v -0.008453 0.642813 -0.132609
v -0.112098 0.652820 -0.205257
v -0.132577 0.650590 -0.193634
v -0.127524 0.652364 -0.189991
v -0.096621 0.650730 -0.193516
v -0.134303 0.654303 -0.179336
v -0.149547 0.648189 -0.171283
v -0.143092 0.647564 -0.169417
v -0.142735 0.644935 -0.143798
v -0.150613 0.641725 -0.132092
v -0.143118 0.640121 -0.111131
v 0.082544 1.641697 -0.050200
v 0.097191 1.654046 -0.051333
v 0.096263 1.634039 -0.050351
v 0.077780 1.636905 -0.051467
v 0.079858 1.664201 -0.047727
v 0.088449 1.664455 -0.045936
v 0.095724 1.671489 -0.042022
v 0.106859 1.648816 -0.047126
v 0.105192 1.658731 -0.045951
v 0.101572 1.630186 -0.046021
v 0.082781 1.672242 -0.035505
v 0.078445 1.677214 -0.036424
v -0.226520 1.303711 0.011408
v -0.208156 1.297287 0.015473
v -0.224190 1.300230 0.026931
v -0.213657 1.299905 0.004988
v -0.241831 1.309326 0.027592
v -0.253229 1.321881 0.010912
v -0.245076 1.322803 -0.004498
v -0.218039 1.306077 -0.004017
v -0.235271 1.321940 -0.034302
v -0.271663 1.334215 0.017328
v -0.256332 1.338936 -0.040724
v -0.286727 1.352482 -0.003217
v -0.280873 1.362186 -0.058467
v -0.293863 1.364486 -0.021949
v -0.252161 1.337608 -0.065063
v -0.260918 1.351593 -0.082340
v -0.292575 1.373165 -0.050623
v -0.277368 1.371009 -0.083511
v -0.259897 1.359204 -0.095912
v -0.242816 1.328507 -0.083232
v -0.241033 1.323194 -0.059775
v -0.224885 1.310209 -0.024076
v -0.237436 1.336872 -0.106781
v -0.288830 1.356160 -0.001490
v -0.286449 1.380445 -0.073976
v -0.296528 1.375403 -0.031460
v -0.226956 1.286454 -0.058285
v -0.223056 1.281633 -0.084578
v -0.201894 1.240469 -0.085808
v -0.205410 1.243265 -0.059081
v -0.209178 1.255541 -0.040734
v -0.191286 1.207811 -0.059762
v -0.181764 1.197435 -0.082039
v -0.178935 1.184162 -0.058218
v -0.188884 1.200767 -0.025737
v -0.160613 1.149913 -0.026583
v -0.158354 1.150316 -0.053111
v -0.148187 1.130108 -0.052987
v -0.202380 1.235282 -0.020574
v -0.189668 1.208002 0.002191
v -0.165888 1.166114 -0.003762
v -0.155085 1.142131 -0.005122
v -0.201522 1.238486 0.002081
v -0.216478 1.281191 -0.030248
v -0.239374 1.324657 -0.089992
v -0.213960 1.280505 -0.108830
v -0.190746 1.235027 -0.109539
v -0.156220 1.163513 -0.083955
v -0.148362 1.144978 -0.071084
v -0.209577 1.271034 0.002092
v -0.179153 1.212284 -0.107658
v -0.179323 1.201607 0.019715
v -0.189857 1.225248 0.022525
v -0.147796 1.145751 0.019909
v -0.293393 1.386783 -0.057470
v -0.156684 1.165613 0.016863
v -0.198809 1.251995 0.022148
v -0.165557 1.197699 -0.112303
v -0.139549 1.145982 -0.086547
v -0.186636 1.255537 -0.134289
v -0.215477 1.304580 -0.122457
v -0.194549 1.283038 -0.141376
v -0.165308 1.220278 -0.132693
v -0.150112 1.120641 -0.000023
v -0.145515 1.119490 0.018153
v -0.128753 1.146153 -0.098260
v -0.140499 1.120416 0.032144
v -0.127865 1.119277 -0.080708
v -0.175367 1.277926 -0.159983
v -0.234125 1.351989 -0.119503
v -0.216262 1.334816 -0.132005
v -0.163374 1.261931 -0.162560
v -0.143022 1.195913 -0.130848
v -0.258335 1.376686 -0.106492
v -0.186009 1.300632 -0.157480
v -0.270580 1.388838 -0.096780
v -0.107942 1.122895 -0.100855
v -0.282069 1.394608 -0.080713
v -0.289612 1.370844 -0.004315
v -0.179783 1.322773 -0.167316
v -0.211566 1.358016 -0.137967
v -0.291840 1.394176 -0.033569
v -0.276750 1.410617 -0.078275
v -0.285169 1.389145 -0.006384
v -0.285779 1.406854 -0.051642
v -0.222753 1.306743 0.032093
v 0.013619 1.585949 0.111804
v 0.011752 1.589220 0.130066
v 0.007102 1.579009 0.116086
v 0.001590 1.581405 0.138112
v 0.009222 1.593553 0.138682
v 0.001041 1.577523 0.119960
v 0.014556 1.597349 0.111836
v 0.017135 1.604825 0.105376
v 0.070303 1.603359 -0.028976
v 0.090493 1.610506 -0.025629
v 0.075917 1.601293 -0.016639
v 0.068286 1.596565 -0.015129
v 0.092314 1.610945 -0.035206
v 0.075195 1.616126 -0.041378
v 0.093501 1.618594 -0.042514
v 0.101572 1.630186 -0.046021
v 0.096263 1.634039 -0.050351
v 0.077780 1.636905 -0.051467
v -0.027804 1.724666 0.072268
v -0.032982 1.705696 0.084071
v -0.021685 1.711075 0.084773
v -0.047146 1.712601 0.071401
v -0.042697 1.731523 0.053638
v -0.023126 1.738932 0.054705
v -0.002386 1.719618 0.081562
v -0.001230 1.732880 0.068391
v -0.003545 1.742872 0.051894
v 0.002063 1.707544 0.089260
v 0.019251 1.722192 0.076586
v 0.018525 1.741534 0.050843
v 0.030598 1.732535 0.060221
v -0.028685 1.746254 0.033103
v 0.025185 1.708833 0.083282
v 0.038117 1.718725 0.070096
v -0.022096 1.676582 0.098516
v -0.004618 1.677821 0.100366
v 0.020118 1.681998 0.095934
v -0.035775 1.662053 0.097889
v -0.045342 1.662844 0.093119
v 0.000197 1.652094 0.105110
v -0.010859 1.649737 0.103351
v -0.008094 1.630343 0.116940
v 0.002967 1.630181 0.116597
v 0.000689 1.613198 0.133868
v -0.012905 1.603784 0.134197
v 0.000882 1.594601 0.144250
v -0.049011 1.691838 0.079973
v -0.008166 1.593035 0.139705
v -0.057595 1.710433 0.062321
v -0.037101 1.647998 0.096323
v -0.016084 1.638980 0.098030
v -0.033423 1.626555 0.095755
v -0.023457 1.625249 0.098353
v -0.037985 1.609146 0.096492
v -0.023720 1.600655 0.106664
v -0.053806 1.619581 0.084374
v -0.048545 1.602323 0.089614
v -0.032896 1.566178 0.100405
v -0.020825 1.583873 0.108154
v -0.058529 1.650250 0.084826
v -0.044797 1.635776 0.095968
v -0.036217 1.634522 0.098085
v -0.053605 1.725071 0.046304
v -0.016402 1.625014 0.108475
v -0.016844 1.590570 0.128749
v 0.082781 1.672242 -0.035505
v 0.077017 1.667134 -0.018111
v 0.091656 1.669444 -0.028207
v 0.095724 1.671489 -0.042022
v 0.102394 1.664703 -0.034941
v 0.078445 1.677214 -0.036424
v 0.105192 1.658731 -0.045951
v 0.107057 1.656469 -0.041766
v 0.106859 1.648816 -0.047126
v 0.096675 1.632952 -0.032156
v 0.100329 1.625376 -0.035853
v 0.093590 1.659157 -0.027309
v 0.090493 1.610506 -0.025629
v 0.086372 1.616636 -0.020463
v 0.073019 1.608834 -0.006621
v 0.084575 1.660829 -0.018334
v 0.076502 1.629476 -0.016972
v 0.082971 1.642717 -0.025808
v 0.082904 1.634580 -0.026646
v 0.075350 1.652072 -0.007475
v 0.075917 1.601293 -0.016639
v 0.068286 1.596565 -0.015129
v 0.092314 1.610945 -0.035206
v 0.101572 1.630186 -0.046021
v -0.008452 1.578965 0.119092
v 0.001041 1.577523 0.119960
v 0.001590 1.581405 0.138112
v -0.016844 1.590570 0.128749
v -0.020825 1.583873 0.108154
v -0.008166 1.593035 0.139705
v 0.000882 1.594601 0.144250
v -0.090773 1.668002 -0.034004
v -0.101570 1.669838 -0.028483
v -0.085206 1.666982 -0.020712
v -0.106940 1.670228 -0.034751
v -0.086880 1.664805 -0.042722
v -0.096591 1.664578 -0.040525
v -0.104161 1.657009 -0.047387
v -0.111798 1.655464 -0.045227
v -0.091453 1.645490 -0.048197
v -0.010847 0.728795 0.075062
v -0.007164 0.737723 0.072099
v 0.005103 0.730866 0.074966
v -0.022851 0.732880 0.078127
v 0.000424 0.726878 0.079905
v -0.037101 1.647998 0.096323
v -0.036217 1.634522 0.098085
v -0.033423 1.626555 0.095755
v -0.010847 0.728795 0.075062
v 0.000424 0.726878 0.079905
v -0.022851 0.732880 0.078127
v -0.007164 0.737723 0.072099
v 0.004115 0.734557 0.077461
v 0.005103 0.730866 0.074966
v 0.004115 0.734557 0.077461
v 0.000424 0.726878 0.079905
v 0.005103 0.730866 0.074966
v -0.004004 1.412246 0.065290
v -0.003760 1.399205 0.071591
v -0.003062 1.380434 0.078556
v 0.197329 1.322858 0.033780
v 0.186875 1.325573 0.026086
v 0.190028 1.323655 0.029723
v 0.141237 0.667557 -0.115783
v 0.162933 0.693307 -0.112507
v 0.160924 0.662055 -0.117870
v 0.160756 0.645459 -0.118401
v 0.136377 0.645649 -0.118031
v -0.017670 1.504245 0.082665
v -0.001482 1.499441 0.067866
v -0.001544 1.502762 0.090756
v 0.000171 0.766383 -0.118513
v 0.001239 0.723491 -0.124160
v 0.002346 0.735895 -0.115607
v 0.190005 1.315973 0.021507
v 0.205319 1.308709 0.026929
v 0.197329 1.322858 0.033780
v 0.186875 1.325573 0.026086
v 0.195689 1.318536 0.025857
v 0.190028 1.323655 0.029723
v 0.215456 1.302360 0.019858
v 0.224835 1.311817 0.025697
v 0.215172 1.317695 0.032920
v 0.211856 1.335009 0.037866
v 0.197904 1.344080 0.040059
v 0.180922 1.343810 0.036083
v 0.172375 1.373114 0.039743
v 0.156291 1.365709 0.034897
v 0.147067 1.383000 0.037134
v 0.170440 1.340066 0.029597
v 0.157571 1.399045 0.039398
v 0.131245 1.414873 0.041901
v 0.199884 1.374171 0.039527
v 0.184279 1.319735 0.022069
v 0.193358 1.299639 0.015538
v 0.196066 1.305719 0.015966
v 0.203294 1.300761 0.007858
v 0.225018 1.302473 0.010659
v 0.209412 1.299621 0.001169
v -0.208156 1.297287 0.015473
v -0.204505 1.302712 0.025233
v -0.224190 1.300230 0.026931
v -0.222753 1.306743 0.032093
v -0.106940 1.670228 -0.034751
v -0.111798 1.655464 -0.045227
v -0.114636 1.652479 -0.038120
v -0.113816 1.642633 -0.046098
v -0.103569 1.664663 -0.023039
v -0.101570 1.669838 -0.028483
v -0.085206 1.666982 -0.020712
v -0.112489 1.629086 -0.039885
v -0.108911 1.641795 -0.031404
v -0.085235 1.658778 -0.013586
v -0.106945 1.627912 -0.029800
v -0.106872 1.623623 -0.045080
v -0.104750 1.613347 -0.038383
v -0.105442 1.655760 -0.024553
v -0.101960 1.609678 -0.026600
v -0.091650 1.637160 -0.028257
v -0.082159 1.652081 -0.007325
v -0.076774 1.680337 0.024646
v -0.076970 1.648195 0.036690
v -0.078203 1.606087 0.021702
v -0.071913 1.620717 0.055704
v -0.070750 1.656832 0.057855
v -0.058529 1.650250 0.084826
v -0.059118 1.591462 0.076148
v -0.053806 1.619581 0.084374
v -0.048545 1.602323 0.089614
v -0.044797 1.635776 0.095968
v -0.068072 1.580194 0.051837
v -0.062415 1.681119 0.068643
v -0.080354 1.704923 -0.004649
v -0.083125 1.704032 -0.028728
v -0.078237 1.721785 -0.027882
v -0.078573 1.714600 -0.055784
v -0.083803 1.686974 -0.058569
v -0.068853 1.730708 -0.054014
v -0.069301 1.735413 -0.030153
v -0.066623 1.733690 0.000425
v -0.078465 1.699841 -0.072272
v -0.079682 1.660220 -0.085653
v -0.072737 1.683842 -0.093562
v -0.073170 1.654425 -0.098183
v -0.071152 1.605890 -0.093126
v -0.077261 1.600290 -0.076186
v -0.077386 1.581093 -0.078860
v -0.072686 1.579769 -0.098199
v -0.080749 1.566634 -0.080674
v -0.076045 1.551585 -0.048320
v -0.080076 1.551828 -0.063801
v -0.089554 1.550793 -0.085137
v -0.098383 1.534967 -0.077006
v -0.115721 1.519203 -0.085984
v -0.126087 1.501110 -0.072211
v -0.111256 1.505081 -0.059891
v -0.089925 1.525413 -0.057601
v -0.094329 1.542460 -0.104375
v -0.076573 1.567497 -0.101589
v -0.080617 1.597689 -0.049247
v -0.067593 1.716379 -0.078336
v -0.070143 1.722295 0.012586
v -0.086880 1.664805 -0.042722
v -0.080700 1.615823 -0.006201
v -0.071236 1.684949 0.047788
v -0.044558 1.563621 0.089380
v -0.078888 1.597938 -0.006322
v -0.075280 1.585343 0.011375
v -0.067112 1.564156 0.003130
v -0.082981 1.602755 -0.009918
v -0.082645 1.615745 -0.011522
v -0.082049 1.597105 -0.021465
v -0.091001 1.602500 -0.016009
v -0.032896 1.566178 0.100405
v -0.049011 1.691838 0.079973
v -0.057595 1.710433 0.062321
v -0.034507 1.533792 0.093268
v -0.018142 1.538924 0.109242
v -0.018315 1.525386 0.107147
v -0.018405 1.509987 0.098009
v -0.004484 1.517388 0.109066
v -0.001473 1.509038 0.102484
v -0.001544 1.502762 0.090756
v -0.017670 1.504245 0.082665
v -0.027955 1.508760 0.071814
v -0.016353 1.501534 0.061513
v -0.001482 1.499441 0.067866
v -0.023451 1.500269 0.048066
v -0.039821 1.518280 0.058102
v -0.039694 1.516034 0.041153
v -0.040605 1.507824 0.030045
v -0.051735 1.532578 0.024835
v -0.054252 1.507392 0.005269
v -0.041454 1.486126 0.021818
v -0.053126 1.477757 0.004119
v -0.039258 1.469436 0.024082
v -0.051856 1.461132 0.014738
v -0.064143 1.473229 -0.006938
v -0.068072 1.493972 -0.022005
v -0.078216 1.496168 -0.032922
v -0.069467 1.518668 -0.027660
v -0.035810 1.453105 0.031244
v -0.020563 1.452813 0.037250
v -0.064062 1.554060 0.004839
v -0.082680 1.476707 -0.023019
v -0.023463 1.483577 0.038222
v -0.055872 1.538860 0.035865
v -0.003864 1.491845 0.054686
v -0.033541 1.519414 0.084052
v -0.017959 1.552821 0.115480
v -0.020259 1.566775 0.114277
v -0.020825 1.583873 0.108154
v -0.008452 1.578965 0.119092
v -0.004410 1.568387 0.122503
v -0.072057 1.553265 -0.023531
v -0.103856 1.496946 -0.048145
v -0.076214 1.529016 -0.045002
v -0.065333 1.703206 0.053623
v -0.062989 1.713167 0.045915
v -0.053605 1.725071 0.046304
v -0.056774 1.720844 0.026869
v -0.049100 1.736609 0.024068
v -0.042697 1.731523 0.053638
v -0.068101 1.711838 0.022105
v -0.078481 1.590134 -0.025251
v -0.058285 1.729040 -0.077230
v -0.075156 1.696060 0.019396
v -0.022636 1.465626 0.035118
v -0.049235 1.740459 0.018021
v -0.054050 1.541569 0.055755
v -0.007577 1.482142 0.045530
v -0.068205 1.564284 0.029551
v -0.090794 1.652745 -0.018567
v -0.008008 1.467294 0.039780
v -0.050510 1.547657 0.072963
v 0.002026 1.478752 0.043216
v -0.082234 1.602588 -0.034764
v -0.106945 1.627912 -0.029800
v -0.101960 1.609678 -0.026600
v -0.091487 1.611060 -0.015126
v -0.082645 1.615745 -0.011522
v -0.084940 1.628643 -0.021642
v -0.091001 1.602500 -0.016009
v -0.092537 1.601489 -0.027437
v -0.082049 1.597105 -0.021465
v -0.082981 1.602755 -0.009918
v -0.104750 1.613347 -0.038383
v -0.091650 1.637160 -0.028257
v -0.080700 1.615823 -0.006201
v -0.082159 1.652081 -0.007325
v -0.090794 1.652745 -0.018567
v -0.083803 1.686974 -0.058569
v -0.086529 1.644772 -0.054826
v -0.086880 1.664805 -0.042722
v -0.079682 1.660220 -0.085653
v -0.077261 1.600290 -0.076186
v -0.085518 1.632021 -0.053287
v -0.080617 1.597689 -0.049247
v -0.082234 1.602588 -0.034764
v -0.068072 1.580194 0.051837
v -0.068205 1.564284 0.029551
v -0.054050 1.541569 0.055755
v -0.050510 1.547657 0.072963
v -0.067112 1.564156 0.003130
v -0.078481 1.590134 -0.025251
v -0.072057 1.553265 -0.023531
v -0.064062 1.554060 0.004839
v -0.076045 1.551585 -0.048320
v -0.051735 1.532578 0.024835
v -0.068205 1.564284 0.029551
v -0.069467 1.518668 -0.027660
v -0.076214 1.529016 -0.045002
v -0.068101 1.711838 0.022105
v -0.070143 1.722295 0.012586
v -0.075156 1.696060 0.019396
v -0.049100 1.736609 0.024068
v -0.049235 1.740459 0.018021
v -0.076214 1.529016 -0.045002
v -0.089925 1.525413 -0.057601
v -0.078216 1.496168 -0.032922
v -0.103856 1.496946 -0.048145
v -0.084310 0.006421 0.063781
v -0.016603 0.006388 -0.130510
v 0.075846 0.006388 -0.014106
v 0.262556 0.006287 -0.132930
v 0.287806 0.006291 0.052704
v 0.176091 0.006304 -0.238875
v 0.232994 0.006409 -0.183065
v 0.116502 0.006272 -0.273090
v 0.057437 0.006172 -0.289997
v -0.166411 0.006223 -0.248637
v -0.238629 0.006193 -0.183389
v -0.216132 0.006320 0.010831
v -0.287039 0.006203 -0.092676
v -0.295815 0.005997 -0.053545
v -0.297758 0.005847 0.023138
v -0.290911 0.006182 0.082395
v -0.221456 0.006274 0.189542
v -0.056242 0.006078 -0.291762
v 0.110260 0.006397 0.144888
v 0.228693 0.006361 0.188203
v 0.158265 0.006423 0.253228
v 0.112442 0.006281 0.276060
v 0.277199 0.006270 0.101406
v -0.016126 0.006354 0.210769
v 0.031988 0.006286 0.292829
v -0.147570 0.006266 0.252092
v -0.137403 0.006241 -0.267039
v 0.289300 0.006507 -0.049731
v 0.276202 0.006322 -0.105112
v -0.261033 0.006625 0.155266
v -0.074499 0.006910 0.290359
v -0.104811 0.006963 0.282828
v -0.131473 0.006897 0.273220
v -0.265094 0.006388 -0.144202
v 0.150084 0.006412 -0.256593
v -0.239871 0.007050 0.188793
v -0.160967 0.007070 0.258312
v 0.269531 0.006483 0.121052
v 0.181226 0.006679 0.236879
v -0.284994 0.006682 0.107136
v 0.248714 0.006681 0.160483
v -0.211916 0.006890 -0.215768
v -0.099304 0.006713 -0.283702
v 0.091246 0.006658 0.283391
v 0.021708 0.008083 -0.296294
v 0.293616 0.008525 -0.000807
v -0.187876 0.008727 0.239828
v -0.187826 0.007871 -0.236736
v -0.301483 0.007939 0.005102
v -0.283195 0.007864 -0.109716
v -0.053321 0.008349 0.293892
v -0.002676 0.008067 0.296688
v -0.031973 0.008762 -0.296708
v -0.300598 0.008199 0.031613
v -0.299996 0.008121 -0.036378
v 0.292157 0.008372 0.027057
v 0.065911 0.008151 0.289905
v 0.210653 0.008596 -0.209304
v 0.094631 0.008494 -0.282413
v -0.292036 0.008617 -0.083420
v 0.284948 0.007963 0.074861
v -0.264465 0.008285 -0.148981
v 0.210868 0.008588 0.209762
v -0.081781 0.008389 -0.289126
v -0.270864 0.008704 0.140474
v 0.283414 0.230189 -0.040090
v 0.281993 0.128560 -0.078911
v 0.281686 0.209553 -0.079698
v 0.282154 0.336899 -0.078080
v 0.284078 0.238289 0.000212
v 0.283483 0.340357 -0.013435
v 0.283390 0.130855 -0.005471
v 0.282785 0.130578 0.042641
v 0.282665 0.342152 0.051693
v 0.283452 0.240560 0.037134
v 0.281338 0.335740 0.081540
v 0.280976 0.130033 0.082929
v 0.281893 0.349867 -0.037550
v 0.279721 0.174106 0.089249
v 0.279676 0.126778 0.091617
v 0.283771 0.125233 0.050090
v 0.284934 0.124921 -0.030740
v 0.277008 0.357457 0.083753
v 0.277417 0.359004 -0.082018
v 0.279829 0.181057 -0.088534
v 0.280483 0.125537 -0.090722
v 0.279682 0.332954 -0.088541
v 0.279267 0.337957 0.089540
v 0.276784 0.363043 0.049308
v 0.283799 0.119241 -0.082022
v 0.289124 0.120914 -0.039675
v 0.289402 0.110935 -0.054040
v 0.284624 0.008331 -0.077654
v 0.289938 0.043504 -0.053218
v 0.292063 0.118926 -0.027128
v 0.292514 0.033987 -0.027018
v 0.293616 0.008525 -0.000807
v 0.293317 0.120644 0.002508
v 0.292157 0.008372 0.027057
v 0.291633 0.118548 0.035959
v 0.289378 0.040131 0.055701
v 0.289300 0.006507 -0.049731
v 0.287196 0.118502 0.067380
v 0.284948 0.007963 0.074861
v 0.283370 0.116189 0.085344
v 0.277199 0.006270 0.101406
v 0.276794 0.123788 0.107875
v 0.287806 0.006291 0.052704
v 0.276910 0.122334 -0.104610
v 0.275904 0.091913 -0.107483
v 0.276202 0.006322 -0.105112
v 0.273674 0.370134 -0.056146
v 0.269531 0.006483 0.121052
v 0.263964 0.099160 0.136118
v 0.268314 0.124620 0.131374
v 0.263015 0.119452 -0.136564
v 0.262688 0.008685 -0.136127
v 0.257911 0.007617 0.144660
v 0.268336 0.377867 0.043253
v 0.249294 0.124802 0.164740
v 0.249858 0.102921 0.160917
v 0.248714 0.006681 0.160483
v 0.264130 0.379299 0.085178
v 0.265309 0.123651 -0.128654
v 0.265434 0.379028 -0.080829
v 0.247924 0.017612 -0.161687
v 0.247515 0.120106 -0.162597
v 0.230834 0.099243 0.188434
v 0.228693 0.006361 0.188203
v 0.221600 0.124611 0.202943
v 0.232994 0.006409 -0.183065
v 0.210868 0.008588 0.209762
v 0.210606 0.102736 0.212678
v 0.288802 0.121940 0.037758
v 0.234438 0.121417 -0.181313
v 0.226043 0.073809 -0.192401
v 0.262556 0.006287 -0.132930
v 0.273364 0.126524 0.098260
v 0.210653 0.008596 -0.209304
v 0.208317 0.114366 -0.211985
v 0.268664 0.362420 -0.090711
v 0.263233 0.369759 0.092706
v 0.273411 0.323958 0.095045
v 0.208436 0.124723 -0.207458
v 0.273200 0.176888 0.094819
v 0.243476 0.124621 -0.162028
v -0.055316 0.325070 0.286366
v -0.024498 0.263129 0.286729
v 0.003260 0.281168 0.286349
v 0.060982 0.306752 0.285889
v 0.051940 0.347029 0.285150
v 0.051768 0.219432 0.286341
v 0.005902 0.248062 0.286522
v -0.010269 0.197655 0.287350
v -0.065558 0.210043 0.286664
v -0.012124 0.130798 0.287260
v -0.090454 0.130076 0.285388
v 0.087806 0.129988 0.285259
v 0.083065 0.178791 0.285210
v 0.076999 0.344599 0.284530
v -0.049275 0.347905 0.284968
v -0.092872 0.251759 0.284758
v -0.089307 0.328900 0.284076
v -0.091694 0.345242 0.282691
v -0.009897 0.260565 0.287174
v 0.002192 0.260771 0.287754
v -0.008019 0.269659 0.285301
v 0.087984 0.227179 0.283221
v 0.086098 0.340780 0.282680
v -0.067183 0.369439 0.277080
v -0.100811 0.188816 0.282262
v -0.102265 0.126368 0.283683
v 0.059620 0.365899 0.278765
v 0.080313 0.368252 0.276538
v -0.092215 0.367347 0.275196
v 0.089482 0.124815 0.287421
v 0.005315 0.125279 0.289020
v -0.098217 0.124891 0.287850
v -0.100172 0.326508 0.279469
v 0.056510 0.376670 0.272731
v -0.061167 0.383340 0.266794
v -0.099327 0.357785 0.273424
v 0.088798 0.366131 0.270014
v 0.082510 0.382370 0.264065
v -0.293794 0.187923 -0.012079
v -0.291381 0.188120 -0.060159
v -0.291402 0.125842 -0.058781
v -0.291265 0.322049 -0.060977
v -0.293751 0.290327 -0.010679
v -0.293188 0.123721 -0.001837
v -0.292147 0.337548 -0.021514
v -0.293490 0.207080 0.024684
v -0.293012 0.317437 0.027065
v -0.292074 0.123561 0.047359
v -0.291639 0.317380 0.057121
v -0.291481 0.172407 0.055202
v -0.289037 0.124838 0.085129
v -0.290296 0.349543 0.046229
v -0.288834 0.198370 0.080488
v -0.288448 0.335712 0.083435
v -0.288793 0.338142 -0.081002
v -0.288093 0.122232 -0.091682
v -0.289564 0.353330 -0.017486
v -0.285648 0.357186 -0.082323
v -0.284372 0.362293 0.081424
v -0.286841 0.167485 0.089240
v -0.287548 0.122659 0.092540
v -0.283608 0.368528 -0.049327
v -0.283914 0.368929 0.045404
v -0.285946 0.328591 0.089958
v -0.293413 0.120852 -0.067149
v -0.281559 0.364276 0.087071
v -0.286420 0.329849 -0.089190
v -0.276291 0.375059 -0.082711
v -0.272528 0.382212 0.073826
v -0.282862 0.344463 -0.090761
v -0.276316 0.379572 -0.038697
v -0.292068 0.118067 -0.086257
v -0.297991 0.114363 -0.057272
v -0.292036 0.008617 -0.083420
v -0.297554 0.020009 -0.058259
v -0.300822 0.072569 -0.032413
v -0.299324 0.119235 -0.045386
v -0.299996 0.008121 -0.036378
v -0.302732 0.034656 0.000426
v -0.301586 0.119498 -0.002346
v -0.300535 0.119384 0.039791
v -0.300598 0.008199 0.031613
v -0.301483 0.007939 0.005102
v -0.299004 0.043436 0.053664
v -0.298763 0.118468 0.055228
v -0.292985 0.008977 0.081777
v -0.293576 0.072333 0.084044
v -0.292083 0.115781 0.088192
v -0.282409 0.122018 0.116145
v -0.284994 0.006682 0.107136
v -0.285297 0.071259 0.109947
v -0.284563 0.113133 -0.109148
v -0.283195 0.007864 -0.109716
v -0.273358 0.054046 0.136860
v -0.270864 0.008704 0.140474
v -0.271480 0.122084 0.140272
v -0.271000 0.041544 -0.138516
v -0.271852 0.121961 -0.136248
v -0.264465 0.008285 -0.148981
v -0.258922 0.023484 0.162640
v -0.258419 0.124434 0.163425
v -0.295815 0.005997 -0.053545
v -0.255398 0.062438 -0.165143
v -0.255105 0.111200 -0.164701
v -0.255814 0.122694 -0.161068
v -0.239871 0.007050 0.188793
v -0.261033 0.006625 0.155266
v -0.239784 0.056205 0.190107
v -0.239371 0.122999 0.190605
v -0.282557 0.337811 0.092329
v -0.290911 0.006182 0.082395
v -0.239229 0.010769 -0.186354
v -0.273324 0.383495 0.035927
v -0.235342 0.121048 -0.190616
v -0.235826 0.069330 -0.191463
v -0.215013 0.066973 -0.214577
v -0.218867 0.120328 -0.209086
v -0.211916 0.006890 -0.215768
v -0.238629 0.006193 -0.183389
v -0.287039 0.006203 -0.092676
v -0.265094 0.006388 -0.144202
v -0.272686 0.371401 -0.089058
v -0.190731 0.115043 -0.235033
v -0.216902 0.013788 0.214396
v -0.211800 0.122204 0.220933
v -0.091233 0.383331 0.116448
v -0.093909 0.381229 0.095820
v -0.092626 0.372602 0.132115
v -0.091638 0.376173 0.155921
v -0.093287 0.368451 0.156148
v -0.093879 0.365159 0.186424
v -0.091956 0.404597 0.093568
v -0.092605 0.400644 0.123395
v -0.093411 0.395080 0.159731
v -0.098146 0.382767 0.229644
v -0.095527 0.395661 0.192472
v -0.095527 0.357782 0.224517
v -0.101105 0.351343 0.263101
v -0.092460 0.405050 0.168458
v -0.099085 0.369816 0.262013
v -0.098290 0.346240 0.250474
v -0.099911 0.316743 0.255989
v -0.101146 0.209655 0.251323
v -0.099327 0.357785 0.273424
v -0.102702 0.328012 0.272808
v -0.102390 0.293560 0.263835
v -0.103854 0.207515 0.272455
v -0.105603 0.126589 0.272381
v -0.101002 0.132364 0.248982
v -0.102463 0.230294 0.279248
v -0.104482 0.125502 0.280209
v -0.097849 0.347558 0.235830
v -0.099149 0.340064 0.245353
v -0.101128 0.329801 0.247595
v -0.096548 0.386101 0.241908
v -0.096597 0.354936 0.212931
v -0.088902 0.409052 0.099554
v -0.091654 0.401875 0.211883
v -0.100172 0.326508 0.279469
v -0.091526 0.409371 0.085429
v -0.096247 0.399557 0.086033
v -0.104676 0.237727 0.246601
v -0.089920 0.382919 0.262920
v -0.089380 0.393615 0.247171
v -0.084272 0.414196 0.172860
v -0.092215 0.367347 0.275196
v -0.100811 0.188816 0.282262
v -0.102265 0.126368 0.283683
v -0.099849 0.380408 0.088936
v -0.109213 0.124104 0.252955
v -0.098217 0.124891 0.287850
v -0.116326 0.134438 0.239643
v -0.124642 0.327293 0.235007
v -0.142102 0.208640 0.223346
v -0.145464 0.319950 0.220933
v -0.164442 0.299191 0.206634
v -0.167962 0.139942 0.203206
v -0.138179 0.138762 0.226146
v -0.187684 0.301500 0.186212
v -0.193398 0.176214 0.179906
v -0.201716 0.134489 0.171786
v -0.215792 0.162555 0.155529
v -0.227342 0.139320 0.140739
v -0.226331 0.302969 0.142298
v -0.239308 0.211850 0.122449
v -0.241771 0.133118 0.118153
v -0.239615 0.302415 0.122103
v -0.226317 0.132444 0.144641
v -0.257178 0.263783 0.089217
v -0.257866 0.183239 0.089861
v -0.220443 0.327514 0.148035
v -0.257241 0.319856 0.087897
v -0.239879 0.328456 0.118925
v -0.255615 0.342162 0.086689
v -0.184627 0.133916 0.189651
v -0.257605 0.134165 0.087799
v -0.207579 0.295259 0.165575
v -0.184165 0.328084 0.187548
v -0.159150 0.134053 0.212268
v -0.150257 0.363508 0.157524
v -0.119733 0.365648 0.161956
v -0.112973 0.375133 0.096795
v -0.157227 0.369300 0.089056
v -0.174348 0.360936 0.146708
v -0.136237 0.372634 0.085683
v -0.208910 0.356501 0.119438
v -0.193639 0.361939 0.088556
v -0.226379 0.354317 0.088687
v -0.176551 0.355861 0.168843
v -0.120616 0.356991 0.202771
v -0.145127 0.355896 0.194419
v -0.097224 0.361826 0.182997
v -0.245594 0.347940 0.087885
v -0.115636 0.380125 0.083844
v -0.212292 0.350028 0.137518
v -0.143623 0.349286 0.208040
v -0.183386 0.349291 0.174118
v -0.234228 0.341747 0.119196
v -0.166074 0.373161 0.084094
v -0.248191 0.340261 0.097148
v -0.216928 0.341022 0.144556
v -0.196522 0.341390 0.168366
v -0.175604 0.341152 0.189648
v -0.143481 0.340212 0.216887
v 0.205875 0.340426 0.153332
v 0.172683 0.347359 0.183619
v 0.177509 0.335785 0.186046
v 0.150643 0.340778 0.207974
v 0.204132 0.347921 0.148051
v 0.231536 0.332776 0.121583
v 0.231938 0.340577 0.116332
v 0.210056 0.328314 0.152304
v 0.160432 0.325682 0.203622
v 0.187370 0.316988 0.178256
v 0.131562 0.324757 0.225728
v 0.122334 0.340160 0.228395
v 0.144873 0.318542 0.216275
v 0.206110 0.222670 0.157300
v 0.184236 0.236770 0.181424
v 0.194801 0.129773 0.169728
v 0.184224 0.132334 0.180832
v 0.168805 0.129720 0.196210
v 0.211605 0.128826 0.149656
v 0.158590 0.129045 0.205250
v 0.141849 0.128919 0.218693
v 0.225814 0.166909 0.130585
v 0.224900 0.318493 0.132223
v 0.229535 0.129098 0.124063
v 0.244677 0.180304 0.100757
v 0.243419 0.249928 0.101938
v 0.250283 0.132520 0.089428
v 0.247624 0.328852 0.093669
v 0.247528 0.214290 0.094659
v 0.249012 0.149773 0.092016
v 0.239093 0.128647 0.107496
v 0.243686 0.341820 0.095702
v 0.128147 0.238087 0.227882
v 0.130398 0.131675 0.226760
v 0.111035 0.321723 0.238815
v 0.251793 0.327910 0.091101
v 0.251446 0.250127 0.091346
v 0.252097 0.152480 0.090851
v 0.242630 0.348119 0.094206
v 0.093609 0.337071 0.247734
v 0.115228 0.129987 0.235833
v 0.094953 0.171945 0.247893
v 0.093984 0.243175 0.247297
v 0.091168 0.239501 0.250544
v 0.089525 0.342851 0.253729
v 0.231987 0.348297 0.102276
v 0.098783 0.129551 0.243674
v 0.091475 0.128548 0.248812
v 0.091410 0.342201 0.246956
v 0.250507 0.125575 0.095053
v 0.126909 0.348237 0.218707
v 0.125273 0.123612 0.239330
v 0.156893 0.354487 0.187058
v 0.267335 0.346358 0.094710
v 0.239338 0.368823 0.094931
v 0.263233 0.369759 0.092706
v 0.279267 0.337957 0.089540
v 0.273411 0.323958 0.095045
v 0.241266 0.387924 0.090986
v 0.264130 0.379299 0.085178
v 0.247491 0.394819 0.084158
v 0.223804 0.403506 0.089456
v 0.209632 0.385247 0.094893
v 0.210505 0.402270 0.090751
v 0.190631 0.417296 0.086826
v 0.175511 0.399798 0.092149
v 0.184649 0.407300 0.088740
v 0.224351 0.360292 0.093480
v 0.215109 0.355638 0.095010
v 0.190948 0.361832 0.093725
v 0.191396 0.369235 0.092050
v 0.090557 0.347994 0.239104
v 0.160049 0.369566 0.090262
v 0.149305 0.377607 0.087724
v 0.126328 0.375234 0.088914
v 0.193787 0.354877 0.144573
v 0.147082 0.406096 0.088689
v 0.112356 0.384699 0.083579
v 0.111446 0.354313 0.215780
v 0.108208 0.379774 0.085543
v 0.089507 0.393200 0.082111
v 0.090567 0.381681 0.091093
v 0.107477 0.406814 0.081646
v 0.152375 0.412881 0.084234
v 0.158939 0.429408 0.081796
v 0.174757 0.431189 0.081339
v 0.162739 0.440801 0.080727
v 0.172442 0.438806 0.080857
v 0.262485 0.326843 0.094042
v 0.265227 0.292407 0.096190
v 0.273200 0.176888 0.094819
v 0.267328 0.195393 0.094900
v 0.265915 0.153847 0.096599
v 0.273364 0.126524 0.098260
v 0.266356 0.126234 0.097524
v 0.088646 0.411104 0.078053
v 0.160225 0.456422 0.084924
v 0.175886 0.359474 0.146775
v 0.158962 0.359214 0.168208
v 0.124886 0.359395 0.190400
v 0.089449 0.355814 0.217598
v 0.087291 0.376869 0.115360
v 0.086782 0.362953 0.190046
v 0.135119 0.365729 0.151758
v 0.086059 0.369202 0.161067
v 0.085768 0.397142 0.159984
v 0.089636 0.382695 0.231653
v 0.084152 0.375965 0.161414
v 0.087550 0.360485 0.225159
v 0.091437 0.348908 0.270094
v 0.083954 0.379513 0.127400
v 0.084889 0.406128 0.114132
v 0.085416 0.406845 0.087134
v 0.087762 0.393464 0.200738
v 0.092053 0.270380 0.269890
v 0.091174 0.215756 0.256645
v 0.093332 0.140119 0.271377
v 0.085261 0.405293 0.171794
v 0.091542 0.131865 0.255962
v 0.092709 0.126501 0.279086
v 0.086137 0.388543 0.090752
v 0.090845 0.314851 0.276673
v 0.091372 0.224370 0.279230
v 0.088798 0.366131 0.270014
v 0.084124 0.397540 0.229482
v 0.082510 0.382370 0.264065
v 0.086098 0.340780 0.282680
v 0.079310 0.409449 0.205765
v 0.080687 0.411902 0.103240
v 0.087984 0.227179 0.283221
v 0.087806 0.129988 0.285259
v 0.089482 0.124815 0.287421
v -0.114490 0.321585 -0.243293
v -0.129279 0.235345 -0.234071
v -0.142062 0.315413 -0.226435
v -0.098580 0.253927 -0.250534
v -0.097502 0.330886 -0.251818
v -0.116787 0.130076 -0.241647
v -0.132064 0.131875 -0.232516
v -0.098695 0.128698 -0.250422
v -0.152242 0.131131 -0.217995
v -0.121696 0.330589 -0.237485
v -0.166354 0.170431 -0.206916
v -0.169702 0.310694 -0.204424
v -0.163134 0.329087 -0.208478
v -0.177843 0.131505 -0.195960
v -0.183301 0.167240 -0.191504
v -0.192398 0.310671 -0.182748
v -0.193602 0.329005 -0.180015
v -0.200719 0.131224 -0.173368
v -0.208358 0.172648 -0.165396
v -0.213578 0.316507 -0.159424
v -0.219375 0.130266 -0.151493
v -0.232354 0.242389 -0.133880
v -0.227839 0.131102 -0.139955
v -0.232133 0.315231 -0.134832
v -0.225143 0.332790 -0.140821
v -0.185919 0.341055 -0.182309
v -0.240648 0.130387 -0.119784
v -0.207908 0.340643 -0.158104
v -0.125573 0.340356 -0.231091
v -0.161122 0.340739 -0.205228
v -0.246548 0.294248 -0.110081
v -0.248618 0.160596 -0.105870
v -0.248138 0.328783 -0.105459
v -0.248069 0.129119 -0.105323
v -0.256755 0.330525 -0.087985
v -0.257282 0.181278 -0.087726
v -0.233461 0.340314 -0.122848
v -0.255223 0.128450 -0.087936
v -0.258810 0.133010 -0.085700
v -0.253239 0.342430 -0.088133
v -0.224665 0.117574 -0.153352
v -0.210461 0.117355 -0.172915
v -0.181385 0.117474 -0.201972
v -0.242640 0.118135 -0.132391
v -0.248730 0.119507 -0.124477
v -0.098677 0.341689 -0.246251
v -0.160558 0.124995 -0.215457
v -0.152552 0.117237 -0.225544
v -0.135396 0.124165 -0.235463
v -0.118818 0.122920 -0.248453
v -0.094765 0.352758 -0.243230
v -0.098367 0.347570 -0.240347
v -0.192439 0.348231 -0.168384
v -0.225108 0.348923 -0.122762
v -0.258862 0.279461 -0.087499
v -0.261345 0.336446 -0.086891
v -0.251197 0.351480 -0.087034
v -0.153640 0.348936 -0.203521
v -0.245541 0.348889 -0.088296
v -0.225484 0.354726 -0.089528
v -0.213374 0.364431 -0.086834
v -0.256431 0.373355 -0.089669
v -0.194472 0.400583 -0.087957
v -0.224744 0.400064 -0.087118
v -0.272686 0.371401 -0.089058
v -0.275051 0.344853 -0.091200
v -0.282862 0.344463 -0.090761
v -0.275753 0.250199 -0.090884
v -0.283027 0.171480 -0.091473
v -0.286420 0.329849 -0.089190
v -0.287129 0.163916 -0.089400
v -0.280975 0.124800 -0.094323
v -0.288093 0.122232 -0.091682
v -0.288793 0.338142 -0.081002
v -0.274092 0.167457 -0.091828
v -0.275576 0.126690 -0.091765
v -0.166925 0.371536 -0.084023
v -0.114893 0.386201 -0.082636
v -0.127187 0.406943 -0.084810
v -0.095464 0.404222 -0.086172
v -0.094934 0.393990 -0.085861
v -0.113687 0.378237 -0.084013
v -0.095555 0.381443 -0.090258
v -0.171476 0.409014 -0.085387
v -0.266583 0.248475 -0.089088
v 0.198002 0.348105 -0.155320
v 0.205247 0.332243 -0.159968
v 0.180952 0.339206 -0.183324
v 0.212696 0.340346 -0.144683
v 0.230517 0.330705 -0.124002
v 0.232744 0.340429 -0.112852
v 0.249270 0.332190 -0.089004
v 0.180958 0.326072 -0.188512
v 0.245902 0.342009 -0.090290
v 0.223878 0.318945 -0.137529
v 0.150702 0.329408 -0.214034
v 0.152512 0.340783 -0.207597
v 0.200982 0.320930 -0.167258
v 0.122783 0.340090 -0.229364
v 0.155459 0.348254 -0.198218
v 0.114523 0.348423 -0.225704
v 0.235298 0.348048 -0.093549
v 0.232997 0.354433 -0.090876
v 0.180851 0.355077 -0.160806
v 0.096148 0.340877 -0.243217
v 0.140475 0.354023 -0.197611
v 0.198311 0.356657 -0.123370
v 0.091764 0.347079 -0.238852
v 0.110235 0.353629 -0.215833
v 0.153323 0.361780 -0.160849
v 0.129251 0.361019 -0.179918
v 0.208638 0.357045 -0.093432
v 0.164430 0.363492 -0.136088
v 0.161410 0.369283 -0.088440
v 0.090807 0.357246 -0.208615
v 0.087087 0.368678 -0.165320
v 0.087790 0.374136 -0.133846
v 0.132076 0.374264 -0.089318
v 0.095334 0.379535 -0.093511
v 0.086309 0.378481 -0.114446
v 0.118451 0.379780 -0.083731
v 0.087283 0.387459 -0.089519
v 0.097023 0.386232 -0.084091
v 0.086959 0.365021 -0.196922
v 0.145710 0.379268 -0.083790
v 0.090257 0.333183 -0.250609
v 0.084142 0.379907 -0.148827
v 0.110044 0.328128 -0.240930
v 0.088710 0.353005 -0.244405
v 0.084693 0.384852 -0.117147
v 0.131053 0.314530 -0.229379
v 0.238289 0.315972 -0.113270
v 0.156743 0.302582 -0.210521
v 0.084643 0.406912 -0.095846
v 0.178379 0.199452 -0.191483
v 0.199827 0.189589 -0.168993
v 0.216123 0.175128 -0.148124
v 0.087773 0.405906 -0.084574
v 0.235197 0.241848 -0.118324
v 0.232472 0.160263 -0.122630
v 0.247884 0.261153 -0.093112
v 0.247853 0.191634 -0.093784
v 0.089387 0.340931 -0.257118
v 0.208320 0.131298 -0.156598
v 0.232001 0.128756 -0.121510
v 0.248958 0.171378 -0.090197
v 0.247010 0.125866 -0.090102
v 0.089941 0.268062 -0.249708
v 0.089441 0.206851 -0.255187
v 0.090913 0.163763 -0.250483
v 0.089075 0.131337 -0.255419
v 0.091325 0.126434 -0.250870
v 0.180675 0.131415 -0.187134
v 0.196228 0.125343 -0.172422
v 0.171708 0.124457 -0.197599
v 0.227493 0.126235 -0.132059
v 0.160550 0.130626 -0.205611
v 0.099091 0.129153 -0.244314
v 0.139761 0.161333 -0.222699
v 0.131237 0.248049 -0.228947
v 0.119243 0.164708 -0.235777
v 0.137371 0.128079 -0.222910
v 0.117204 0.127829 -0.235573
v 0.084761 0.405660 -0.147798
v 0.084791 0.406760 -0.166447
v 0.087493 0.392466 -0.204811
v 0.089663 0.379683 -0.237597
v 0.092604 0.350018 -0.269233
v 0.090145 0.370749 -0.259260
v 0.092622 0.170749 -0.270876
v 0.092883 0.209198 -0.269650
v 0.091349 0.227910 -0.276230
v 0.091308 0.325993 -0.275760
v 0.094198 0.126334 -0.271285
v 0.094217 0.125399 -0.277058
v 0.029611 0.098971 0.295826
v -0.002632 0.118279 0.298286
v -0.002676 0.008067 0.296688
v 0.029898 0.041674 0.295003
v 0.049650 0.123982 0.295617
v 0.056762 0.075470 0.292510
v 0.065911 0.008151 0.289905
v 0.082243 0.120244 0.289112
v 0.089482 0.124815 0.287421
v -0.033097 0.045277 0.295962
v -0.053321 0.008349 0.293892
v -0.059232 0.099324 0.294574
v -0.035467 0.123843 0.297386
v -0.059691 0.123605 0.295388
v -0.089795 0.063079 0.288369
v -0.074499 0.006910 0.290359
v -0.098217 0.124891 0.287850
v 0.031988 0.006286 0.292829
v -0.104811 0.006963 0.282828
v 0.110368 0.125002 0.281283
v 0.091246 0.006658 0.283391
v -0.121268 0.123016 0.280348
v 0.112442 0.006281 0.276060
v -0.131473 0.006897 0.273220
v 0.135952 0.008953 0.265895
v 0.135368 0.098332 0.269397
v 0.132137 0.125046 0.273166
v -0.138133 0.094580 0.272246
v -0.145703 0.122527 0.270690
v -0.160967 0.007070 0.258312
v -0.157433 0.095163 0.261855
v 0.158265 0.006423 0.253228
v 0.155517 0.125100 0.259561
v 0.161111 0.101912 0.254442
v 0.181701 0.123973 0.241306
v 0.181226 0.006679 0.236879
v 0.187540 0.088331 0.234188
v -0.188331 0.107425 0.241342
v -0.187876 0.008727 0.239828
v -0.182433 0.122709 0.246584
v 0.210868 0.008588 0.209762
v 0.210606 0.102736 0.212678
v 0.221600 0.124611 0.202943
v -0.211800 0.122204 0.220933
v -0.216902 0.013788 0.214396
v -0.239871 0.007050 0.188793
v -0.037726 0.425771 -0.157931
v -0.042220 0.434398 -0.102893
v -0.010312 0.431992 -0.127921
v -0.069410 0.423724 -0.150060
v -0.065893 0.417135 -0.192337
v -0.050173 0.412119 -0.217583
v 0.016340 0.422680 -0.177230
v 0.027399 0.435135 -0.110928
v 0.013675 0.411010 -0.223161
v 0.056488 0.422608 -0.168837
v 0.056310 0.410691 -0.220547
v -0.008709 0.436652 -0.110184
v 0.047842 0.432155 -0.115143
v 0.046166 0.436675 -0.095370
v -0.072482 0.403532 -0.234759
v -0.080867 0.405526 -0.222447
v -0.048635 0.399866 -0.246875
v 0.054337 0.399910 -0.246263
v 0.071219 0.406148 -0.226581
v 0.076171 0.412330 -0.189380
v 0.004714 0.395914 -0.253651
v -0.079296 0.413979 -0.188446
v -0.055129 0.430962 -0.105972
v -0.082780 0.391615 -0.252299
v 0.067853 0.421776 -0.152796
v 0.062548 0.427441 -0.112594
v 0.064131 0.430201 -0.085681
v 0.075325 0.387437 -0.259240
v 0.002860 0.442719 -0.100616
v 0.027908 0.442757 -0.095861
v -0.027047 0.442267 -0.098155
v 0.049930 0.440728 -0.082154
v -0.062361 0.385241 -0.265097
v -0.069795 0.426162 -0.098686
v 0.046394 0.385489 -0.265438
v -0.044221 0.441333 -0.091561
v -0.063235 0.433078 -0.085254
v 0.080892 0.396169 -0.236365
v -0.084347 0.375336 -0.269962
v -0.084136 0.414384 -0.156659
v 0.064344 0.437191 -0.067714
v -0.090744 0.390764 -0.240712
v 0.075412 0.367863 -0.276533
v -0.056460 0.371846 -0.276536
v 0.041063 0.371576 -0.276975
v 0.069923 0.422750 -0.104810
v -0.091002 0.401615 -0.204676
v 0.084126 0.401517 -0.203434
v 0.085185 0.375264 -0.264298
v 0.084791 0.406760 -0.166447
v -0.095324 0.373684 -0.260599
v 0.034146 0.454609 -0.087159
v -0.092402 0.361055 -0.274631
v 0.056658 0.447002 -0.071219
v 0.090145 0.370749 -0.259260
v 0.089663 0.379683 -0.237597
v 0.086047 0.356974 -0.276820
v 0.008214 0.467652 -0.093727
v 0.087493 0.392466 -0.204811
v -0.044599 0.461894 -0.085124
v -0.012187 0.447777 -0.098258
v -0.007840 0.464694 -0.094393
v -0.026554 0.468024 -0.091589
v -0.064806 0.442575 -0.075558
v -0.056338 0.466996 -0.077495
v -0.065407 0.466299 -0.069773
v -0.075867 0.464289 -0.057895
v -0.087233 0.435879 -0.054016
v -0.084038 0.442592 -0.051261
v -0.081627 0.425951 -0.073232
v -0.098710 0.437014 -0.033331
v -0.084781 0.461112 -0.041759
v -0.093364 0.443716 -0.030124
v -0.088501 0.414221 -0.083779
v -0.098401 0.425128 -0.069184
v -0.097005 0.409257 -0.085034
v -0.095464 0.404222 -0.086172
v -0.127187 0.406943 -0.084810
v -0.165379 0.416444 -0.079513
v -0.089284 0.410003 -0.103474
v -0.171476 0.409014 -0.085387
v -0.216534 0.408830 -0.080315
v -0.224744 0.400064 -0.087118
v -0.247710 0.398620 -0.081204
v -0.098345 0.441536 -0.002982
v -0.272686 0.371401 -0.089058
v -0.267309 0.385307 -0.081688
v -0.276291 0.375059 -0.082711
v -0.194472 0.400583 -0.087957
v -0.089794 0.462212 -0.026466
v -0.091937 0.460156 -0.010348
v -0.209514 0.416105 -0.028610
v -0.223275 0.411772 0.052594
v -0.163708 0.426357 0.036107
v -0.202148 0.416890 0.059471
v -0.157347 0.427488 -0.024766
v -0.198237 0.417269 -0.063379
v -0.227017 0.410624 -0.050171
v -0.160835 0.424605 -0.063940
v -0.118175 0.433288 -0.020777
v -0.116468 0.433199 0.026947
v -0.150594 0.426432 0.060671
v -0.106713 0.436744 0.001421
v -0.100701 0.436084 0.032611
v -0.190048 0.417382 0.072742
v -0.101054 0.431909 -0.051825
v -0.232036 0.405491 0.078478
v -0.100940 0.431339 0.051454
v -0.253599 0.399665 0.014865
v -0.244090 0.403198 -0.054527
v -0.253951 0.397820 0.059976
v -0.086087 0.436343 0.049849
v -0.155542 0.422540 0.072555
v -0.257573 0.392570 0.080239
v -0.261514 0.393134 -0.056406
v -0.149420 0.423463 -0.070078
v -0.096270 0.441573 0.015980
v -0.086826 0.441936 0.038172
v -0.107184 0.424182 0.066718
v -0.272528 0.382212 0.073826
v -0.273324 0.383495 0.035927
v -0.085914 0.423993 0.070642
v -0.276316 0.379572 -0.038697
v -0.069073 0.444040 0.059262
v -0.206740 0.404728 0.087197
v -0.059078 0.438638 0.078194
v -0.047640 0.454085 0.070586
v -0.252541 0.389986 0.086769
v -0.281559 0.364276 0.087071
v -0.091697 0.455048 0.010912
v -0.086740 0.461191 0.023174
v -0.075140 0.460333 0.044254
v -0.060003 0.461604 0.059034
v -0.037695 0.428113 0.152810
v -0.068797 0.424328 0.155591
v -0.062031 0.422070 0.175852
v -0.053561 0.434433 0.100772
v -0.038572 0.437461 0.102234
v -0.003189 0.437139 0.113166
v -0.015140 0.423412 0.176315
v -0.062794 0.412212 0.214691
v 0.038595 0.427606 0.152232
v 0.054090 0.415371 0.205437
v -0.020696 0.411292 0.220204
v 0.069892 0.417351 0.188782
v 0.037140 0.434514 0.110588
v 0.061538 0.424361 0.152517
v 0.055247 0.404690 0.235727
v 0.020585 0.442262 0.091730
v -0.014324 0.441968 0.096181
v 0.074649 0.407603 0.223552
v -0.044025 0.443369 0.082778
v -0.078855 0.415922 0.189843
v -0.083915 0.406034 0.224048
v -0.071733 0.399107 0.244829
v -0.024403 0.398235 0.248705
v 0.077213 0.398269 0.243728
v 0.037907 0.438239 0.092193
v 0.058216 0.429312 0.107048
v 0.038226 0.447022 0.073996
v 0.057408 0.391650 0.257320
v -0.089380 0.393615 0.247171
v 0.060213 0.433100 0.077342
v -0.061167 0.383340 0.266794
v -0.089920 0.382919 0.262920
v 0.082510 0.382370 0.264065
v -0.006499 0.450861 0.083902
v -0.029232 0.449154 0.082691
v 0.019683 0.449854 0.081437
v 0.079310 0.409449 0.205765
v 0.074293 0.417369 0.168584
v -0.070769 0.426890 0.103352
v -0.072056 0.429797 0.079678
v 0.067024 0.425493 0.096069
v 0.056510 0.376670 0.272731
v -0.084272 0.414196 0.172860
v 0.080313 0.368252 0.276538
v -0.067183 0.369439 0.277080
v -0.092215 0.367347 0.275196
v 0.084124 0.397540 0.229482
v -0.091654 0.401875 0.211883
v -0.091526 0.409371 0.085429
v -0.108766 0.410733 0.082429
v -0.150925 0.415052 0.081039
v -0.088902 0.409052 0.099554
v 0.028637 0.447147 -0.015681
v 0.043993 0.444676 -0.005772
v 0.059482 0.442329 -0.015160
v 0.043859 0.444552 0.013524
v 0.022083 0.447535 0.019996
v 0.003908 0.450782 0.011499
v 0.072914 0.439486 0.016610
v 0.082477 0.437476 -0.010498
v 0.076895 0.440354 -0.046410
v 0.054063 0.444834 -0.044437
v 0.033228 0.448683 -0.038722
v 0.096057 0.435496 -0.028485
v 0.007585 0.448433 0.036026
v -0.021518 0.453095 0.040255
v -0.015518 0.451127 0.063504
v -0.035735 0.454232 0.060671
v -0.044047 0.457485 0.047924
v -0.024499 0.456766 0.014154
v -0.018049 0.457395 -0.005902
v 0.014388 0.451899 -0.029264
v 0.035064 0.451170 -0.062548
v -0.000581 0.455067 -0.014048
v -0.029067 0.460351 -0.017810
v -0.042310 0.463196 0.003187
v -0.042271 0.460522 0.025458
v 0.091892 0.434601 0.012151
v 0.083656 0.436706 0.034665
v 0.057771 0.442925 0.029721
v 0.044935 0.445744 0.036341
v 0.058193 0.441398 0.061576
v 0.110008 0.434750 -0.010987
v 0.030026 0.447023 0.039643
v 0.130144 0.432197 -0.019837
v 0.136859 0.429704 -0.056115
v 0.179826 0.421427 -0.050201
v 0.164288 0.424885 -0.022445
v 0.214293 0.412695 -0.051915
v 0.182781 0.419940 -0.014353
v 0.197579 0.416581 0.000836
v 0.224210 0.409310 0.033372
v 0.201356 0.415323 0.026631
v 0.019098 0.448437 0.052368
v 0.006923 0.449716 0.067121
v 0.207506 0.416484 0.082441
v 0.186828 0.418074 -0.070325
v 0.014218 0.455932 -0.052347
v -0.063018 0.461997 0.028465
v -0.060090 0.462482 0.005865
v -0.051222 0.463059 -0.008766
v -0.056821 0.463000 -0.026967
v -0.031074 0.462819 -0.044580
v -0.005881 0.461288 -0.040617
v -0.009396 0.464369 -0.066833
v 0.012160 0.461183 -0.073834
v -0.030521 0.464167 -0.066156
v -0.049567 0.462830 -0.041918
v -0.049705 0.465094 -0.074020
v 0.231113 0.406045 -0.050826
v -0.043195 0.465997 -0.080554
v 0.194767 0.421142 0.081226
v 0.229297 0.404369 -0.078609
v 0.095962 0.431602 0.030272
v -0.063190 0.462354 -0.043736
v -0.060805 0.462673 -0.054206
v -0.056163 0.463365 -0.064683
v 0.232248 0.405248 0.082583
v -0.076633 0.461469 0.001353
v -0.077847 0.461423 -0.026358
v 0.091406 0.431728 -0.049799
v 0.185848 0.424301 0.061206
v 0.176032 0.427903 0.069710
v 0.246738 0.397748 -0.013081
v 0.247967 0.394387 -0.078708
v 0.088439 0.435761 -0.038947
v 0.174757 0.431189 0.081339
v 0.252873 0.392924 0.046378
v 0.247491 0.394819 0.084158
v 0.137403 0.426193 -0.064903
v 0.215594 0.405833 -0.082686
v 0.261437 0.385396 -0.053206
v 0.073131 0.427545 0.064481
v 0.097017 0.422358 0.053461
v 0.105775 0.424748 0.052939
v 0.265434 0.379028 -0.080829
v 0.264130 0.379299 0.085178
v 0.268336 0.377867 0.043253
v 0.083969 0.412365 0.076824
v 0.111169 0.413984 0.069567
v 0.088646 0.411104 0.078053
v 0.106294 0.410343 0.078504
v 0.130939 0.413681 0.078649
v 0.085416 0.406845 0.087134
v 0.080687 0.411902 0.103240
v 0.223804 0.403506 0.089456
v 0.152375 0.412881 0.084234
v 0.085261 0.405293 0.171794
v 0.190631 0.417296 0.086826
v 0.170329 0.434488 0.073409
v 0.090520 0.425252 -0.059796
v 0.173845 0.414318 -0.077078
v 0.273674 0.370134 -0.056146
v 0.079262 0.415792 -0.075822
v 0.105667 0.439416 0.024241
v 0.110630 0.446493 0.011131
v 0.112973 0.441981 0.000733
v 0.084643 0.406912 -0.095846
v 0.087773 0.405906 -0.084574
v 0.087570 0.416675 -0.068219
v 0.250314 0.384979 -0.087108
v 0.107477 0.406814 0.081646
v 0.147082 0.406096 0.088689
v 0.184649 0.407300 0.088740
v -0.154600 0.356309 -0.189516
v -0.171820 0.361543 -0.150532
v -0.150705 0.361614 -0.167997
v -0.191953 0.354921 -0.155225
v -0.215795 0.355556 -0.115611
v -0.197539 0.359779 -0.117227
v -0.120593 0.359814 -0.192502
v -0.127182 0.354594 -0.209931
v -0.152875 0.369097 -0.090182
v -0.093875 0.372763 -0.130251
v -0.123067 0.373990 -0.086348
v -0.191635 0.362476 -0.089394
v -0.094318 0.368302 -0.153855
v -0.225484 0.354726 -0.089528
v -0.094245 0.361369 -0.187413
v -0.097907 0.354955 -0.216339
v -0.098367 0.347570 -0.240347
v -0.095555 0.381443 -0.090258
v -0.113687 0.378237 -0.084013
v -0.225108 0.348923 -0.122762
v -0.245541 0.348889 -0.088296
v -0.153640 0.348936 -0.203521
v -0.192439 0.348231 -0.168384
v -0.166925 0.371536 -0.084023
v -0.093981 0.356620 -0.223515
v -0.253239 0.342430 -0.088133
v -0.125573 0.340356 -0.231091
v -0.213374 0.364431 -0.086834
v -0.275832 0.358162 0.092190
v -0.282557 0.337811 0.092329
v -0.275874 0.275607 0.093196
v -0.283147 0.171414 0.091829
v -0.275820 0.159625 0.092791
v -0.283091 0.124739 0.095671
v -0.276334 0.126246 0.095293
v -0.264318 0.162394 0.089287
v -0.261214 0.232937 0.088694
v -0.265756 0.339016 0.089389
v -0.257241 0.319856 0.087897
v -0.255615 0.342162 0.086689
v -0.263140 0.373358 0.091061
v -0.243734 0.355903 0.086273
v -0.238461 0.387718 0.089470
v -0.210664 0.376599 0.086715
v -0.200322 0.365000 0.086187
v -0.166074 0.373161 0.084094
v -0.180069 0.405058 0.087467
v -0.121797 0.402020 0.084201
v -0.115636 0.380125 0.083844
v -0.108766 0.410733 0.082429
v -0.096247 0.399557 0.086033
v -0.206740 0.404728 0.087197
v -0.257866 0.183239 0.089861
v -0.257605 0.134165 0.087799
v -0.263144 0.129148 0.089346
v -0.091526 0.409371 0.085429
v -0.257178 0.263783 0.089217
v -0.136237 0.372634 0.085683
v -0.252541 0.389986 0.086769
v -0.245594 0.347940 0.087885
v -0.226379 0.354317 0.088687
v -0.099849 0.380408 0.088936
v -0.193639 0.361939 0.088556
v -0.150925 0.415052 0.081039
v -0.281559 0.364276 0.087071
v -0.286841 0.167485 0.089240
v -0.285946 0.328591 0.089958
v -0.287548 0.122659 0.092540
v 0.263469 0.348797 -0.093303
v 0.269164 0.339659 -0.094089
v 0.251762 0.238725 -0.090527
v 0.269800 0.167776 -0.094749
v 0.251563 0.195073 -0.091055
v 0.257379 0.169147 -0.091814
v 0.248958 0.171378 -0.090197
v 0.272341 0.134980 -0.096248
v 0.249270 0.332190 -0.089004
v 0.251408 0.132421 -0.087526
v 0.253532 0.352444 -0.092258
v 0.232138 0.375327 -0.093672
v 0.232997 0.354433 -0.090876
v 0.206321 0.368850 -0.090831
v 0.245902 0.342009 -0.090290
v 0.194157 0.391496 -0.090574
v 0.167810 0.375048 -0.086355
v 0.180196 0.396284 -0.088167
v 0.145710 0.379268 -0.083790
v 0.151859 0.401438 -0.084252
v 0.107107 0.400304 -0.081307
v 0.118451 0.379780 -0.083731
v 0.193784 0.364666 -0.090503
v 0.208638 0.357045 -0.093432
v 0.097023 0.386232 -0.084091
v 0.093821 0.407055 -0.080754
v 0.268664 0.362420 -0.090711
v 0.108942 0.407754 -0.079146
v 0.161410 0.369283 -0.088440
v 0.250314 0.384979 -0.087108
v 0.256151 0.125266 -0.091344
v 0.273693 0.126199 -0.096273
v 0.275868 0.172661 -0.092301
v 0.275226 0.334184 -0.092143
v 0.215594 0.405833 -0.082686
v 0.247010 0.125866 -0.090102
v 0.173845 0.414318 -0.077078
v 0.167215 0.406902 -0.081119
v 0.133725 0.413269 -0.073115
v 0.137403 0.426193 -0.064903
v 0.090520 0.425252 -0.059796
v 0.106621 0.415582 -0.067442
v 0.087773 0.405906 -0.084574
v 0.087283 0.387459 -0.089519
v 0.247884 0.261153 -0.093112
v 0.247853 0.191634 -0.093784
v 0.279682 0.332954 -0.088541
v 0.087570 0.416675 -0.068219
v 0.280483 0.125537 -0.090722
v 0.279829 0.181057 -0.088534
v 0.265434 0.379028 -0.080829
v 0.158213 0.476054 0.019723
v 0.128746 0.477568 0.024650
v 0.169159 0.473094 0.038463
v 0.136449 0.479828 0.005303
v 0.128491 0.476769 0.043021
v 0.118687 0.478525 0.015349
v 0.172030 0.474090 0.008954
v 0.111061 0.479713 0.027788
v 0.182892 0.474455 0.006002
v 0.151958 0.475788 0.004374
v 0.121900 0.480703 0.056492
v 0.149732 0.475442 0.047178
v 0.146743 0.471903 0.062248
v 0.168507 0.471212 0.047411
v 0.145920 0.471853 0.084785
v 0.135466 0.474052 0.080716
v 0.192354 0.469183 0.012657
v 0.153150 0.478167 -0.002022
v 0.174088 0.473943 -0.004519
v 0.156131 0.466687 0.079645
v 0.165188 0.472391 -0.013832
v 0.154093 0.473396 -0.016999
v 0.140622 0.473117 -0.013907
v 0.138485 0.475654 -0.003742
v 0.212007 0.118349 -0.171750
v 0.188945 0.117236 -0.197737
v 0.188280 0.117115 -0.189151
v 0.212187 0.118043 -0.161731
v 0.167107 0.117239 -0.211118
v 0.230446 0.116551 -0.138776
v 0.225941 0.124118 -0.172752
v 0.242482 0.124126 -0.146528
v 0.239165 0.117486 -0.129369
v 0.206732 0.124289 -0.194224
v 0.261476 0.123866 -0.114515
v 0.185539 0.124243 -0.214757
v 0.143816 0.116880 -0.231856
v 0.146307 0.123730 -0.246412
v 0.124942 0.118293 -0.245756
v 0.107479 0.123387 -0.263595
v 0.243476 0.124621 -0.162028
v 0.132214 0.116792 -0.232189
v 0.208436 0.124723 -0.207458
v 0.164524 0.124206 -0.243040
v 0.114063 0.119109 -0.246354
v 0.242797 0.119113 -0.118911
v 0.253304 0.120413 -0.107835
v 0.124581 0.123159 -0.268289
v 0.094198 0.126334 -0.271285
v 0.265309 0.123651 -0.128654
v 0.273693 0.126199 -0.096273
v 0.256151 0.125266 -0.091344
v 0.146386 0.117370 -0.224074
v 0.146748 0.122669 -0.258189
v 0.091325 0.126434 -0.250870
v 0.101576 0.123040 -0.248700
v 0.094217 0.125399 -0.277058
v 0.247010 0.125866 -0.090102
v 0.185688 0.121659 -0.231706
v 0.276910 0.122334 -0.104610
v 0.280483 0.125537 -0.090722
v 0.234438 0.121417 -0.181313
v 0.171708 0.124457 -0.197599
v 0.227493 0.126235 -0.132059
v 0.232001 0.128756 -0.121510
v 0.117204 0.127829 -0.235573
v 0.099091 0.129153 -0.244314
v 0.196228 0.125343 -0.172422
v 0.208320 0.131298 -0.156598
v 0.137371 0.128079 -0.222910
v 0.089075 0.131337 -0.255419
v 0.210058 0.125321 0.194701
v 0.187667 0.125474 0.220465
v 0.208893 0.126236 0.213240
v 0.257356 0.124607 0.132833
v 0.234005 0.125317 0.168955
v 0.240763 0.126065 0.173939
v 0.268314 0.124620 0.131374
v 0.155517 0.125100 0.259561
v 0.158089 0.124867 0.245516
v 0.132137 0.125046 0.273166
v 0.131154 0.124505 0.261546
v 0.110368 0.125002 0.281283
v 0.099035 0.124761 0.269942
v 0.266356 0.126234 0.097524
v 0.273364 0.126524 0.098260
v 0.092709 0.126501 0.279086
v 0.099762 0.122987 0.253103
v 0.089482 0.124815 0.287421
v 0.233551 0.120376 0.142924
v 0.111582 0.119427 0.251968
v 0.129846 0.118613 0.243415
v 0.140300 0.118597 0.240126
v 0.215668 0.120395 0.171171
v 0.224570 0.119758 0.158143
v 0.241619 0.120344 0.134371
v 0.249959 0.120719 0.114805
v 0.250507 0.125575 0.095053
v 0.162572 0.118652 0.224668
v 0.152943 0.118932 0.226245
v 0.173828 0.118566 0.210925
v 0.188679 0.117467 0.198020
v 0.200964 0.118740 0.184903
v 0.239087 0.122764 0.126155
v 0.203374 0.124430 0.173211
v 0.249294 0.124802 0.164740
v 0.276794 0.123788 0.107875
v 0.279676 0.126778 0.091617
v 0.221600 0.124611 0.202943
v 0.181701 0.123973 0.241306
v 0.226370 0.124258 0.142229
v 0.239093 0.128647 0.107496
v 0.211605 0.128826 0.149656
v 0.229535 0.129098 0.124063
v 0.194801 0.129773 0.169728
v 0.169183 0.125304 0.206747
v 0.168805 0.129720 0.196210
v 0.158590 0.129045 0.205250
v 0.138031 0.124868 0.230832
v 0.141849 0.128919 0.218693
v 0.125273 0.123612 0.239330
v 0.091475 0.128548 0.248812
v 0.098783 0.129551 0.243674
v 0.250283 0.132520 0.089428
v 0.198045 0.444728 0.028951
v 0.191137 0.433212 0.046486
v 0.198094 0.424034 0.025312
v 0.193504 0.446388 0.043182
v 0.181904 0.447040 0.062879
v 0.185848 0.424301 0.061206
v 0.195628 0.420526 0.039683
v 0.201356 0.415323 0.026631
v 0.197549 0.456164 0.018705
v 0.192354 0.469183 0.012657
v 0.196831 0.423009 0.006175
v 0.196786 0.451336 0.005523
v 0.197579 0.416581 0.000836
v 0.172077 0.448166 0.071658
v 0.168507 0.471212 0.047411
v 0.173781 0.453930 0.063531
v 0.170329 0.434488 0.073409
v 0.171447 0.449169 0.079352
v 0.176032 0.427903 0.069710
v 0.156131 0.466687 0.079645
v 0.160225 0.456422 0.084924
v 0.145920 0.471853 0.084785
v 0.172442 0.438806 0.080857
v 0.146743 0.471903 0.062248
v 0.158543 0.458010 0.068562
v 0.174757 0.431189 0.081339
v -0.222717 0.124487 0.191236
v -0.213764 0.124492 0.215257
v -0.195608 0.124179 0.219790
v -0.258419 0.124434 0.163425
v -0.239315 0.124849 0.170685
v -0.257510 0.124024 0.143843
v -0.272537 0.123811 0.126173
v -0.144493 0.124230 0.268314
v -0.164927 0.124272 0.245017
v -0.252356 0.120319 0.124351
v -0.263618 0.121903 0.106193
v -0.129549 0.118686 0.249616
v -0.169315 0.117816 0.216701
v -0.272124 0.124497 0.098156
v -0.114830 0.120855 0.257375
v -0.112452 0.123787 0.270175
v -0.104482 0.125502 0.280209
v -0.242403 0.118322 0.136947
v -0.185600 0.116989 0.203708
v -0.221901 0.118234 0.165398
v -0.205533 0.117629 0.186212
v -0.240075 0.117894 0.150484
v -0.151432 0.117553 0.236840
v -0.144651 0.117527 0.235677
v -0.282409 0.122018 0.116145
v -0.283091 0.124739 0.095671
v -0.182433 0.122709 0.246584
v -0.105603 0.126589 0.272381
v -0.271480 0.122084 0.140272
v -0.121268 0.123016 0.280348
v -0.098217 0.124891 0.287850
v -0.263144 0.129148 0.089346
v -0.239371 0.122999 0.190605
v -0.109213 0.124104 0.252955
v -0.276334 0.126246 0.095293
v -0.126832 0.121628 0.245083
v -0.287548 0.122659 0.092540
v -0.252403 0.127139 0.106760
v -0.243267 0.121693 0.132593
v -0.145703 0.122527 0.270690
v -0.211800 0.122204 0.220933
v -0.257605 0.134165 0.087799
v -0.101002 0.132364 0.248982
v -0.129504 0.132316 0.234264
v -0.146388 0.126501 0.228973
v -0.159150 0.134053 0.212268
v -0.241771 0.133118 0.118153
v -0.226317 0.132444 0.144641
v -0.220985 0.126378 0.159647
v -0.201716 0.134489 0.171786
v -0.186738 0.126551 0.196141
v -0.184627 0.133916 0.189651
v -0.116326 0.134438 0.239643
v -0.138179 0.138762 0.226146
v -0.181385 0.117474 -0.201972
v -0.201730 0.117463 -0.192299
v -0.210461 0.117355 -0.172915
v -0.174661 0.117995 -0.215411
v -0.223996 0.117906 -0.166420
v -0.224665 0.117574 -0.153352
v -0.243355 0.118204 -0.141571
v -0.242640 0.118135 -0.132391
v -0.152552 0.117237 -0.225544
v -0.139163 0.118329 -0.241568
v -0.168253 0.123694 -0.240144
v -0.135260 0.122714 -0.262713
v -0.122208 0.120906 -0.255213
v -0.103129 0.125395 -0.272533
v -0.202871 0.124173 -0.210189
v -0.232069 0.124143 -0.178369
v -0.256402 0.123310 -0.145278
v -0.248730 0.119507 -0.124477
v -0.271145 0.123812 -0.108335
v -0.257583 0.120817 -0.108034
v -0.262615 0.123255 -0.094438
v -0.280975 0.124800 -0.094323
v -0.271852 0.121961 -0.136248
v -0.223303 0.123546 -0.199894
v -0.255814 0.122694 -0.161068
v -0.194248 0.122801 -0.230062
v -0.158962 0.121535 -0.256233
v -0.097157 0.127087 -0.255795
v -0.138494 0.121232 -0.267990
v -0.118818 0.122920 -0.248453
v -0.104104 0.121876 -0.280910
v -0.288093 0.122232 -0.091682
v -0.098695 0.128698 -0.250422
v -0.235342 0.121048 -0.190616
v -0.135396 0.124165 -0.235463
v -0.248069 0.129119 -0.105323
v -0.255223 0.128450 -0.087936
v -0.275576 0.126690 -0.091765
v -0.218867 0.120328 -0.209086
v -0.258810 0.133010 -0.085700
v 0.005315 0.125279 0.289020
v -0.035467 0.123843 0.297386
v 0.049650 0.123982 0.295617
v 0.089482 0.124815 0.287421
v -0.059691 0.123605 0.295388
v -0.098217 0.124891 0.287850
v -0.097157 0.127087 -0.255795
v -0.097950 0.167087 -0.256936
v -0.103129 0.125395 -0.272533
v -0.098695 0.128698 -0.250422
v -0.098580 0.253927 -0.250534
v -0.097983 0.240365 -0.255753
v -0.100326 0.270919 -0.266735
v -0.096365 0.338088 -0.257532
v -0.099235 0.353446 -0.268850
v -0.094765 0.352758 -0.243230
v -0.097088 0.378092 -0.244345
v -0.093981 0.356620 -0.223515
v -0.095867 0.389028 -0.221601
v -0.092268 0.400731 -0.159141
v -0.091604 0.375790 -0.159205
v -0.091571 0.401387 -0.103339
v -0.091290 0.382996 -0.115273
v -0.093104 0.402104 -0.179875
v -0.089284 0.410003 -0.103474
v -0.098956 0.334998 -0.276260
v -0.100821 0.184777 -0.273190
v -0.101932 0.139801 -0.267484
v -0.097502 0.330886 -0.251818
v -0.095555 0.381443 -0.090258
v -0.094934 0.393990 -0.085861
v -0.094245 0.361369 -0.187413
v -0.095464 0.404222 -0.086172
v -0.093875 0.372763 -0.130251
v -0.094318 0.368302 -0.153855
v -0.095324 0.373684 -0.260599
v -0.101197 0.131139 -0.277878
v -0.104104 0.121876 -0.280910
v -0.099057 0.198719 -0.277715
v -0.091002 0.401615 -0.204676
v -0.090744 0.390764 -0.240712
v -0.098367 0.347570 -0.240347
v -0.092402 0.361055 -0.274631
v -0.084136 0.414384 -0.156659
v -0.093629 0.264663 -0.282596
v 0.155392 0.459392 -0.017787
v 0.132674 0.452558 -0.014053
v 0.134862 0.463443 -0.009056
v 0.134345 0.436660 -0.018253
v 0.115764 0.450802 -0.003752
v 0.110008 0.434750 -0.010987
v 0.130144 0.432197 -0.019837
v 0.122316 0.459788 -0.000123
v 0.125084 0.473742 0.005318
v 0.138485 0.475654 -0.003742
v 0.116857 0.471425 0.011837
v 0.118687 0.478525 0.015349
v 0.136449 0.479828 0.005303
v 0.111061 0.479713 0.027788
v 0.109289 0.450694 0.008746
v 0.115130 0.460910 0.015418
v 0.140622 0.473117 -0.013907
v 0.149147 0.465461 -0.015573
v 0.154093 0.473396 -0.016999
v 0.157270 0.434134 -0.019427
v 0.164288 0.424885 -0.022445
v 0.115976 0.460544 0.053427
v 0.110498 0.456358 0.029155
v 0.109805 0.450316 0.050287
v 0.105009 0.446213 0.029535
v 0.109289 0.450694 0.008746
v 0.115130 0.460910 0.015418
v 0.102986 0.436576 0.032262
v 0.105775 0.424748 0.052939
v 0.105667 0.439416 0.024241
v 0.110630 0.446493 0.011131
v 0.109441 0.469355 0.029349
v 0.111061 0.479713 0.027788
v 0.111522 0.473407 0.052410
v 0.112973 0.441981 0.000733
v 0.115764 0.450802 -0.003752
v 0.110008 0.434750 -0.010987
v 0.118498 0.438052 0.065404
v 0.114728 0.420449 0.067910
v 0.126220 0.457340 0.064152
v 0.125969 0.475498 0.068026
v 0.135466 0.474052 0.080716
v 0.111169 0.413984 0.069567
v 0.117867 0.475561 0.058628
v 0.121900 0.480703 0.056492
v 0.095962 0.431602 0.030272
v 0.138046 0.452443 0.072936
v 0.131424 0.442971 0.068917
v 0.142418 0.463554 0.082759
v 0.131820 0.429342 0.075387
v 0.130939 0.413681 0.078649
v 0.150031 0.440528 0.074690
v 0.145920 0.471853 0.084785
v 0.158939 0.429408 0.081796
v 0.162739 0.440801 0.080727
v 0.152375 0.412881 0.084234
v 0.160225 0.456422 0.084924
v 0.174088 0.473943 -0.004519
v 0.183803 0.458910 0.000381
v 0.175532 0.458495 -0.010877
v 0.182892 0.474455 0.006002
v 0.165188 0.472391 -0.013832
v 0.192354 0.469183 0.012657
v 0.196786 0.451336 0.005523
v 0.168042 0.455238 -0.016638
v 0.180324 0.451146 -0.013813
v 0.193864 0.449213 -0.003121
v 0.186834 0.425439 -0.008224
v 0.173327 0.424833 -0.017326
v 0.182781 0.419940 -0.014353
v 0.197579 0.416581 0.000836
v 0.164288 0.424885 -0.022445
v 0.196831 0.423009 0.006175
v 0.157270 0.434134 -0.019427
v 0.173094 0.439324 -0.015901
v 0.155392 0.459392 -0.017787
v 0.154093 0.473396 -0.016999
v -0.028081 0.215030 -0.286512
v -0.001774 0.214304 -0.285718
v -0.015121 0.205447 -0.287025
v -0.003587 0.197626 -0.286534
v -0.048987 0.166903 -0.286880
v -0.012614 0.123886 -0.288489
v 0.051916 0.171104 -0.286396
v 0.013466 0.210658 -0.286199
v 0.059405 0.122581 -0.287373
v -0.067624 0.124550 -0.287225
v -0.062697 0.248468 -0.286325
v -0.035702 0.252083 -0.285656
v -0.055622 0.277809 -0.286505
v -0.081588 0.171083 -0.285186
v 0.025904 0.248158 -0.286757
v 0.005969 0.248753 -0.286237
v 0.012615 0.284402 -0.287070
v 0.056186 0.337889 -0.286163
v -0.048187 0.338061 -0.286859
v 0.000593 0.262081 -0.286668
v -0.024917 0.278258 -0.286909
v -0.082188 0.333748 -0.284840
v -0.014911 0.223082 -0.287503
v 0.076136 0.129365 -0.284903
v 0.075172 0.341040 -0.284430
v -0.087159 0.118765 -0.287415
v -0.091449 0.126960 -0.284053
v 0.001912 0.203809 -0.287251
v -0.048433 0.353358 -0.284370
v 0.048487 0.353835 -0.283809
v -0.006731 0.268015 -0.284476
v -0.093629 0.264663 -0.282596
v -0.093220 0.184237 -0.282565
v -0.084348 0.357286 -0.280096
v -0.026330 0.266243 -0.284203
v 0.074961 0.116906 -0.288189
v 0.086944 0.178666 -0.281773
v 0.085238 0.331694 -0.281734
v 0.087462 0.126582 -0.282430
v -0.016721 0.260892 -0.287187
v 0.075412 0.367863 -0.276533
v -0.092359 0.334934 -0.281477
v 0.106457 0.118569 -0.278535
v 0.095139 0.076493 -0.282867
v 0.062066 0.089346 -0.291767
v 0.068083 0.008904 -0.289955
v 0.021708 0.008083 -0.296294
v 0.029470 0.089093 -0.296103
v -0.004782 0.021466 -0.297961
v -0.003898 0.091722 -0.297877
v -0.036001 0.089991 -0.296534
v -0.031973 0.008762 -0.296708
v 0.032837 0.119100 -0.294451
v -0.007598 0.118860 -0.296317
v -0.042026 0.118646 -0.294612
v -0.057331 0.025597 -0.294578
v -0.062193 0.112743 -0.292909
v -0.081781 0.008389 -0.289126
v -0.087951 0.067242 -0.288101
v 0.094631 0.008494 -0.282413
v -0.112458 0.106577 -0.279887
v -0.099304 0.006713 -0.283702
v 0.041063 0.371576 -0.276975
v -0.056460 0.371846 -0.276536
v 0.086047 0.356974 -0.276820
v -0.104104 0.121876 -0.280910
v -0.137079 0.036901 -0.269354
v -0.138494 0.121232 -0.267990
v 0.127168 0.019849 -0.269624
v 0.116502 0.006272 -0.273090
v 0.132965 0.113696 -0.266798
v -0.137403 0.006241 -0.267039
v 0.150084 0.006412 -0.256593
v 0.146748 0.122669 -0.258189
v 0.152105 0.029840 -0.256279
v -0.056242 0.006078 -0.291762
v 0.167821 0.115370 -0.246018
v 0.124581 0.123159 -0.268289
v 0.057437 0.006172 -0.289997
v -0.161803 0.009145 -0.254465
v -0.084347 0.375336 -0.269962
v 0.174432 0.018296 -0.241343
v 0.176091 0.006304 -0.238875
v -0.158962 0.121535 -0.256233
v -0.166117 0.054907 -0.253001
v -0.092402 0.361055 -0.274631
v -0.101197 0.131139 -0.277878
v 0.185688 0.121659 -0.231706
v 0.189011 0.021369 -0.229644
v 0.094217 0.125399 -0.277058
v -0.190731 0.115043 -0.235033
v -0.187826 0.007871 -0.236736
v 0.210653 0.008596 -0.209304
v 0.208317 0.114366 -0.211985
v -0.099057 0.198719 -0.277715
v 0.091308 0.325993 -0.275760
v -0.098956 0.334998 -0.276260
v -0.194248 0.122801 -0.230062
v -0.215013 0.066973 -0.214577
v -0.211916 0.006890 -0.215768
v -0.218867 0.120328 -0.209086
v 0.085185 0.375264 -0.264298
v 0.208436 0.124723 -0.207458
v -0.166411 0.006223 -0.248637
v 0.091349 0.227910 -0.276230
v 0.092604 0.350018 -0.269233
v 0.090145 0.370749 -0.259260
v 0.092622 0.170749 -0.270876
v 0.092883 0.209198 -0.269650
vn -0.0112 -0.9114 -0.4114
vn -0.0135 -0.8649 -0.5018
vn 0.0212 -0.9154 -0.4021
vn 0.0655 -0.9455 -0.3190
vn 0.0487 -0.9352 -0.3508
vn 0.1352 -0.9514 -0.2766
vn -0.0982 -0.9171 -0.3863
vn -0.1604 -0.8139 -0.5585
vn -0.1580 -0.9368 -0.3121
vn -0.0654 -0.9443 -0.3224
vn -0.1400 -0.9309 -0.3373
vn 0.0226 -0.9474 -0.3193
vn -0.0403 -0.9351 -0.3522
vn -0.1375 -0.9681 -0.2096
vn -0.1915 -0.9558 -0.2233
vn -0.0051 -0.9732 -0.2298
vn 0.1297 -0.9601 -0.2476
vn 0.1376 -0.9536 -0.2678
vn 0.1179 -0.9489 -0.2927
vn 0.0319 -0.9885 -0.1481
vn 0.0752 -0.9252 -0.3721
vn -0.1601 -0.9641 -0.2118
vn -0.4041 -0.8735 -0.2716
vn -0.3924 -0.8776 -0.2753
vn -0.2820 -0.9029 -0.3244
vn -0.2221 -0.9356 -0.2745
vn -0.2602 -0.9435 -0.2051
vn -0.2637 -0.9529 -0.1498
vn -0.2164 -0.9587 -0.1843
vn -0.2878 -0.9203 -0.2650
vn -0.2838 -0.9307 -0.2309
vn -0.4291 -0.8582 -0.2816
vn -0.0713 -0.9226 -0.3791
vn 0.0279 -0.8401 -0.5417
vn 0.0117 -0.9501 -0.3118
vn -0.0337 -0.9287 -0.3694
vn -0.2975 -0.8080 -0.5086
vn -0.3057 -0.8569 -0.4151
vn -0.0626 -0.9675 -0.2451
vn 0.0688 -0.9664 -0.2476
vn 0.0478 -0.9634 -0.2639
vn -0.0711 -0.9588 -0.2750
vn -0.0786 -0.9192 -0.3859
vn -0.0454 -0.9095 -0.4131
vn 0.0562 -0.8664 -0.4961
vn -0.0056 -0.9165 -0.3999
vn -0.3978 -0.8893 -0.2256
vn -0.3965 -0.8545 -0.3357
vn 0.2372 -0.8933 -0.3819
vn 0.1381 -0.9236 -0.3576
vn -0.0460 -0.9453 -0.3230
vn 0.0936 -0.8519 -0.5152
vn -0.0765 -0.9352 -0.3457
vn -0.1733 -0.9424 -0.2861
vn -0.0754 -0.9334 -0.3509
vn -0.3006 -0.8715 -0.3875
vn -0.1848 -0.7678 -0.6135
vn -0.0072 -0.9485 -0.3167
vn -0.1652 -0.9516 -0.2590
vn -0.2597 -0.9356 -0.2390
vn -0.1483 -0.9471 -0.2846
vn -0.2789 -0.9330 -0.2274
vn -0.3375 -0.9144 -0.2234
vn -0.2958 -0.9522 0.0763
vn -0.2377 -0.9672 -0.0897
vn -0.3359 -0.9207 -0.1989
vn -0.0244 -0.9994 0.0229
vn -0.3554 -0.9294 -0.0994
vn -0.3720 -0.7919 -0.4843
vn -0.1933 -0.9487 -0.2504
vn -0.2826 -0.9366 -0.2069
vn -0.1616 -0.9449 -0.2847
vn -0.3918 -0.9001 -0.1908
vn -0.2769 -0.9592 -0.0579
vn -0.0800 -0.9818 -0.1722
vn 0.1515 0.9858 -0.0718
vn 0.3664 0.9098 -0.1950
vn 0.1746 0.9842 0.0283
vn 0.1336 0.9570 0.2575
vn -0.5084 0.8237 0.2512
vn -0.0535 0.9982 0.0253
vn 0.0831 0.9954 0.0471
vn 0.1998 0.9761 0.0851
vn 0.1508 0.9786 0.1403
vn -0.2138 0.8433 0.4932
vn -0.1663 0.8524 0.4957
vn 0.2232 0.9683 0.1122
vn -0.6361 0.7705 0.0410
vn -0.0266 0.9996 0.0115
vn -0.5806 0.8070 -0.1085
vn -0.1125 0.9921 0.0548
vn 0.0172 0.9959 0.0891
vn 0.0596 0.9974 0.0398
vn 0.2335 0.9636 0.1303
vn 0.2820 0.9515 0.1228
vn 0.2000 0.9715 0.1275
vn 0.2680 0.9549 0.1282
vn 0.2844 0.9461 0.1551
vn 0.2170 0.9699 0.1105
vn 0.0527 0.9979 -0.0386
vn 0.1129 0.9934 0.0177
vn 0.1920 0.9792 0.0652
vn -0.1460 0.9890 0.0237
vn 0.1239 0.9879 0.0934
vn 0.0292 0.9968 0.0740
vn 0.2472 0.9627 0.1097
vn 0.1632 0.9802 0.1120
vn 0.0129 0.9997 -0.0193
vn -0.5894 0.7904 0.1670
vn 0.0233 0.9988 0.0422
vn 0.4118 0.8640 0.2896
vn 0.3787 0.9047 0.1953
vn 0.2076 0.9782 -0.0071
vn 0.2968 0.9332 0.2027
vn 0.1015 0.9948 -0.0043
vn 0.1923 0.9779 0.0824
vn 0.5567 0.7674 -0.3182
vn 0.4664 0.7469 -0.4739
vn -0.5257 0.7563 0.3893
vn 0.1526 0.9880 0.0236
vn 0.1614 0.9407 0.2982
vn 0.0785 0.9961 -0.0401
vn -0.1222 0.8790 0.4610
vn 0.0120 0.9474 0.3198
vn 0.1243 0.9922 0.0128
vn 0.2183 0.9759 0.0016
vn 0.1148 0.9920 0.0526
vn 0.2036 0.9760 0.0779
vn -0.0183 0.9997 0.0164
vn -0.0017 0.9950 0.0999
vn 0.1527 0.9881 -0.0175
vn 0.1819 0.9827 0.0344
vn -0.5186 0.8406 -0.1565
vn -0.0340 0.9990 0.0295
vn 0.1542 0.9880 0.0074
vn -0.2547 0.8368 -0.4847
vn -0.6326 0.7343 -0.2463
vn -0.0260 0.9991 0.0332
vn -0.5644 0.7682 -0.3022
vn -0.0147 0.9999 0.0066
vn 0.2426 0.9538 0.1771
vn 0.0013 0.7774 -0.6290
vn 0.1319 0.9895 0.0592
vn -0.4361 0.4817 -0.7601
vn -0.3004 0.9304 -0.2101
vn -0.4359 0.8238 -0.3625
vn -0.1772 0.7797 -0.6005
vn -0.7817 0.6200 0.0682
vn 0.2104 0.9736 0.0886
vn 0.1518 0.8770 -0.4558
vn -0.0245 0.9946 -0.1007
vn -0.8421 0.5087 0.1791
vn -0.9366 0.2664 -0.2276
vn -0.6060 0.7238 0.3299
vn 0.4650 0.8368 -0.2889
vn -0.3215 0.8401 -0.4370
vn 0.0101 0.2597 -0.9656
vn -0.0286 0.0981 -0.9948
vn 0.4385 0.1559 -0.8851
vn -0.1358 -0.3467 -0.9281
vn -0.0909 -0.2797 -0.9558
vn 0.0778 -0.6352 -0.7684
vn 0.6441 -0.0649 -0.7622
vn 0.4772 0.5762 -0.6635
vn -0.2197 -0.4589 0.8609
vn -0.2945 -0.4882 0.8215
vn -0.4191 -0.5616 0.7134
vn -0.4319 -0.6811 0.5913
vn 0.9055 -0.3644 -0.2174
vn 0.9878 -0.0049 -0.1560
vn 0.9898 -0.0554 -0.1315
vn 0.9972 -0.0131 -0.0739
vn 0.9341 0.3476 -0.0813
vn 0.8534 0.5134 -0.0901
vn 0.8434 0.5372 0.0106
vn 0.9999 -0.0098 -0.0066
vn 0.9958 -0.0183 0.0893
vn 0.6853 0.7258 0.0600
vn 0.9442 0.3148 0.0966
vn 0.9873 -0.0125 0.1583
vn 0.9744 -0.0285 0.2232
vn 0.9706 0.1144 -0.2117
vn 0.9850 0.1310 -0.1121
vn 0.9849 0.0938 -0.1455
vn 0.9960 0.0894 -0.0012
vn 1.0000 0.0001 0.0002
vn 0.9853 0.0935 -0.1433
vn 0.9996 -0.0010 -0.0270
vn 0.9949 0.1008 0.0035
vn 0.8038 0.5939 -0.0327
vn 0.9897 0.1391 0.0337
vn 0.9995 -0.0004 0.0321
vn 0.9473 0.2887 0.1390
vn 0.8774 0.4745 0.0711
vn 0.9365 0.1279 0.3265
vn 0.9674 0.0812 0.2397
vn 0.4659 0.8576 -0.2178
vn 0.2037 0.9590 -0.1968
vn 0.3258 0.8995 -0.2913
vn 0.9402 0.0255 -0.3397
vn 0.9362 -0.0028 -0.3514
vn 0.9375 -0.0412 -0.3454
vn 0.9691 0.1176 -0.2167
vn 0.8785 0.3370 -0.3388
vn 0.9503 0.0756 -0.3019
vn 0.9787 0.0025 -0.2051
vn 0.9922 0.0002 -0.1247
vn 0.9633 -0.1130 -0.2434
vn 0.9205 0.2979 -0.2527
vn 0.9975 0.0708 -0.0055
vn 0.9762 -0.2154 -0.0257
vn 0.9706 0.2402 -0.0169
vn 0.9328 0.3527 0.0742
vn 0.9127 0.4072 -0.0334
vn 0.9716 0.0775 0.2238
vn 0.9675 -0.1675 0.1897
vn 0.9148 0.4020 0.0391
vn 0.9945 0.1020 0.0250
vn 0.8744 0.3396 0.3467
vn 0.9865 0.0774 0.1444
vn 0.9937 -0.0441 0.1032
vn 0.9252 0.1103 0.3630
vn 0.8690 0.0155 0.4945
vn 0.6834 0.0005 0.7300
vn 0.7167 0.0361 0.6964
vn 0.9478 0.0034 0.3188
vn 0.1811 0.9610 0.2089
vn 0.1270 0.9821 0.1394
vn 0.3669 0.9210 0.1312
vn 0.9468 -0.0149 0.3214
vn 0.8515 0.3232 -0.4129
vn 0.8632 0.2014 -0.4630
vn 0.8423 -0.2969 -0.4498
vn 0.0547 0.9982 -0.0250
vn 0.0544 0.0304 -0.9981
vn 0.5326 0.0171 -0.8462
vn 0.1373 0.0285 -0.9901
vn 0.8661 0.1480 -0.4775
vn 0.8962 -0.1766 -0.4070
vn 0.7235 0.3692 -0.5834
vn 0.8245 0.5082 -0.2489
vn 0.8400 -0.4880 -0.2373
vn 0.8160 0.5246 -0.2428
vn 0.8564 -0.5044 -0.1098
vn 0.9375 0.2016 0.2837
vn 0.8820 -0.4650 0.0766
vn 0.8585 0.4750 0.1934
vn 0.9373 -0.1472 0.3159
vn 0.6939 0.7195 -0.0285
vn 0.7053 0.7086 0.0222
vn 0.7782 0.6277 -0.0194
vn 0.8632 0.5036 0.0357
vn 0.8353 0.4744 0.2778
vn 0.7136 0.3629 0.5992
vn 0.2154 0.2571 0.9421
vn 0.2188 0.0618 0.9738
vn 0.4782 0.1462 0.8660
vn 0.0467 0.0514 0.9976
vn 0.6544 0.0205 0.7559
vn -0.1325 0.0125 0.9911
vn 0.1065 0.0347 0.9937
vn -0.1942 0.0440 0.9800
vn -0.0839 0.0376 0.9958
vn 0.0340 0.9989 0.0308
vn 0.9148 -0.0256 0.4031
vn 0.9093 -0.0792 0.4086
vn 0.8930 -0.0336 0.4487
vn -0.1946 0.9808 -0.0085
vn 0.7924 -0.0522 -0.6077
vn -0.0881 0.9759 -0.1997
vn 0.7913 0.3893 -0.4714
vn 0.8120 -0.3979 -0.4270
vn 0.2504 0.2413 -0.9376
vn 0.2285 0.3768 -0.8977
vn 0.4936 0.5136 -0.7018
vn 0.6735 0.7153 -0.1861
vn 0.8290 0.5592 0.0093
vn 0.7000 -0.7064 -0.1048
vn 0.8007 0.4786 0.3604
vn 0.8037 0.3891 0.4502
vn 0.8696 0.2405 0.4313
vn 0.8443 -0.5139 0.1517
vn 0.7817 0.2283 0.5803
vn 0.8432 0.0397 0.5362
vn -0.1906 0.0191 0.9815
vn 0.2096 -0.0082 0.9778
vn -0.1355 -0.0051 0.9908
vn 0.0044 -0.0255 0.9997
vn 0.3876 0.1025 0.9161
vn -0.2570 0.0283 0.9660
vn -0.1146 0.9756 0.1871
vn -0.1347 0.9890 -0.0611
vn 0.8386 -0.3075 0.4496
vn 0.8403 -0.0616 0.5386
vn 0.8436 -0.0470 -0.5350
vn 0.7967 0.3269 -0.5083
vn 0.6533 0.6361 -0.4106
vn 0.0004 1.0000 -0.0009
vn 0.7565 0.1704 -0.6314
vn -0.1933 0.9735 -0.1221
vn 0.7498 -0.6371 -0.1783
vn 0.7273 0.5883 -0.3534
vn 0.7288 0.6375 -0.2500
vn 0.5113 0.7842 -0.3517
vn 0.7975 0.5781 0.1727
vn 0.7422 -0.6696 -0.0287
vn 0.5532 0.8330 -0.0040
vn 0.6239 0.7812 0.0242
vn 0.6675 0.4476 0.5950
vn 0.7667 0.0153 0.6418
vn 0.8240 -0.1720 0.5398
vn 0.6863 0.7252 0.0556
vn 0.6062 0.7867 0.1165
vn 0.1394 -0.0119 0.9902
vn -0.1460 0.6198 0.7711
vn 0.0096 0.8669 0.4985
vn 0.0378 0.9929 0.1130
vn 0.2534 0.9512 0.1764
vn 0.3507 0.9149 0.1997
vn 0.8405 -0.0274 0.5412
vn 0.8468 -0.0437 0.5301
vn 0.7979 -0.0297 -0.6021
vn -0.2225 0.9641 0.1450
vn 0.2472 0.9476 -0.2023
vn 0.2003 0.9382 -0.2823
vn 0.6088 0.7655 -0.2082
vn 0.5759 0.8174 0.0087
vn 0.6963 0.7178 0.0051
vn 0.6931 0.7126 0.1088
vn 0.7223 0.6202 0.3061
vn 0.6957 0.5972 0.3993
vn 0.5620 -0.8044 -0.1923
vn 0.6198 0.2296 0.7504
vn 0.7445 -0.2104 0.6336
vn 0.6201 0.0152 0.7844
vn 0.4538 0.8283 0.3287
vn 0.7025 -0.0420 0.7104
vn 0.3905 0.5267 0.7550
vn 0.3676 0.4655 0.8051
vn 0.2357 0.3453 0.9084
vn 0.0246 0.0642 0.9976
vn 0.2251 0.1576 0.9615
vn 0.7546 0.2911 0.5880
vn 0.7009 0.0511 0.7114
vn 0.7805 0.0038 0.6251
vn -0.0384 0.9988 -0.0301
vn 0.7915 0.0780 -0.6062
vn 0.7058 -0.0949 -0.7020
vn 0.7501 -0.2822 -0.5981
vn 0.6351 0.3512 -0.6880
vn 0.5799 0.3161 -0.7509
vn 0.6386 0.4559 -0.6200
vn 0.6711 0.6378 -0.3781
vn 0.8125 -0.5631 -0.1508
vn 0.8163 -0.4640 -0.3441
vn 0.8732 0.1431 -0.4658
vn 0.8964 -0.0018 -0.4432
vn 0.8821 0.0439 -0.4691
vn 0.8712 -0.0030 -0.4908
vn 0.3576 0.8367 -0.4148
vn 0.4427 0.8958 -0.0399
vn 0.6531 0.6838 0.3255
vn 0.6295 -0.7760 0.0399
vn 0.5246 0.4157 0.7430
vn 0.7111 -0.6423 0.2860
vn 0.6829 -0.3128 0.6602
vn 0.8655 0.0023 0.5008
vn 0.8726 -0.0001 0.4884
vn 0.4675 0.8491 0.2461
vn 0.4093 0.8813 0.2362
vn 0.1003 0.9931 0.0603
vn -0.1724 0.9757 -0.1349
vn 0.7965 -0.0383 0.6034
vn -0.2105 0.9633 0.1665
vn 0.0743 0.9933 -0.0888
vn 0.6634 0.5874 -0.4634
vn 0.5405 0.4950 -0.6803
vn 0.5685 0.6276 -0.5319
vn 0.6370 0.5661 -0.5232
vn 0.7260 0.5363 -0.4304
vn 0.8308 0.2397 -0.5023
vn 0.8890 -0.0110 -0.4578
vn 0.8650 -0.0218 -0.5012
vn 0.8839 -0.4548 -0.1092
vn 0.8963 -0.0320 -0.4423
vn 0.9002 -0.0394 -0.4338
vn 0.8677 -0.0357 -0.4958
vn 0.5780 0.7344 -0.3558
vn 0.4648 0.8243 -0.3232
vn 0.0322 0.1355 -0.9902
vn 0.0613 0.4205 -0.9052
vn 0.7448 0.4294 -0.5108
vn 0.4690 0.6783 -0.5656
vn 0.2274 0.4446 -0.8663
vn 0.8764 -0.4790 0.0500
vn 0.7287 -0.6845 -0.0231
vn 0.4764 0.8532 -0.2125
vn 0.7053 -0.7089 -0.0067
vn 0.5469 0.8163 0.1859
vn 0.5780 0.6077 0.5446
vn 0.3686 0.9295 -0.0097
vn 0.4925 0.1603 0.8554
vn 0.5118 -0.1718 0.8418
vn 0.5364 -0.3229 0.7798
vn 0.3300 0.7104 0.6216
vn 0.1161 0.2508 0.9611
vn -0.0058 0.0471 0.9989
vn 0.7441 0.4824 0.4621
vn 0.8393 -0.0215 0.5432
vn 0.8550 -0.0778 0.5128
vn 0.7086 0.4578 0.5370
vn 0.8261 0.1786 0.5344
vn 0.8262 -0.0044 0.5633
vn 0.0342 0.9986 0.0396
vn 0.7908 -0.0198 0.6117
vn 0.3449 0.8954 0.2815
vn 0.7820 -0.0696 0.6194
vn 0.7705 0.0009 -0.6374
vn -0.2217 0.9594 0.1743
vn 0.1823 0.9638 -0.1948
vn 0.3565 0.8967 -0.2623
vn 0.8257 0.0775 -0.5588
vn 0.4777 0.7169 -0.5079
vn 0.8479 -0.4380 -0.2987
vn 0.3023 0.9517 -0.0540
vn 0.8685 -0.4452 0.2182
vn 0.6393 -0.7653 -0.0749
vn 0.6011 -0.6820 0.4166
vn 0.4061 0.2934 0.8655
vn 0.3655 0.0529 0.9293
vn -0.0023 0.0780 0.9970
vn 0.4547 0.8154 0.3582
vn 0.5855 0.6863 0.4314
vn 0.4755 0.8319 0.2861
vn 0.8259 0.0142 0.5636
vn 0.4286 0.8548 0.2927
vn 0.7385 0.1171 -0.6640
vn 0.7565 -0.0090 -0.6540
vn 0.0100 0.9999 -0.0123
vn 0.4555 0.8187 -0.3495
vn 0.7195 0.4866 -0.4955
vn 0.8135 -0.0134 -0.5815
vn 0.5648 0.7050 -0.4289
vn 0.2391 0.9420 -0.2356
vn 0.8916 -0.4252 -0.1556
vn 0.2536 0.9645 -0.0733
vn 0.9197 -0.3897 0.0475
vn 0.8868 -0.3849 0.2559
vn 0.3471 0.9256 0.1511
vn 0.4944 0.8117 0.3111
vn 0.7171 -0.6969 0.0083
vn 0.4569 0.5611 0.6902
vn 0.3312 0.2004 0.9220
vn 0.3898 -0.2681 0.8810
vn 0.3211 0.8736 0.3657
vn 0.0518 0.2711 0.9611
vn 0.1945 0.7175 0.6688
vn 0.4173 0.8561 0.3048
vn 0.0026 0.9998 -0.0205
vn -0.2097 0.9627 -0.1709
vn 0.7689 -0.0190 0.6390
vn -0.2168 0.9579 0.1882
vn 0.7465 0.2829 -0.6023
vn 0.7861 0.0057 -0.6181
vn 0.7048 0.5603 -0.4351
vn 0.7436 -0.3406 -0.5753
vn 0.3191 0.9326 -0.1689
vn 0.3467 0.7101 -0.6128
vn 0.2834 0.9437 -0.1708
vn 0.1335 0.9487 -0.2866
vn 0.2158 0.8513 -0.4782
vn 0.1685 0.9214 -0.3501
vn 0.3898 0.8763 0.2832
vn 0.2405 -0.9317 0.2722
vn 0.2615 -0.6926 0.6722
vn 0.1157 -0.8825 0.4558
vn 0.0253 -0.5063 0.8620
vn -0.1965 -0.6922 0.6944
vn 0.3235 -0.0809 0.9428
vn 0.3566 0.9006 0.2487
vn 0.7188 0.3778 0.5837
vn 0.7920 -0.0097 0.6105
vn 0.7744 0.1082 0.6234
vn 0.7730 -0.0013 0.6344
vn 0.3892 0.8415 0.3748
vn 0.0313 0.9915 0.1264
vn 0.2804 0.9124 0.2982
vn 0.7633 -0.0506 0.6441
vn 0.7591 0.0630 -0.6479
vn 0.7544 -0.0101 -0.6564
vn 0.7566 -0.4348 -0.4884
vn 0.3509 0.7904 -0.5021
vn 0.8375 -0.4560 -0.3010
vn 0.8976 -0.3721 0.2363
vn 0.2441 0.9697 0.0062
vn 0.8510 -0.3756 0.3671
vn 0.8068 -0.3134 0.5009
vn 0.7856 -0.2753 0.5541
vn 0.8125 -0.2799 0.5115
vn 0.4053 0.7182 0.5656
vn 0.3541 0.5428 0.7616
vn 0.2382 0.1459 0.9602
vn 0.2782 0.9604 -0.0179
vn 0.3453 0.8825 0.3194
vn 0.2729 0.6769 0.6837
vn -0.0486 0.2379 0.9701
vn -0.0619 0.0774 0.9951
vn 0.6931 -0.0277 0.7203
vn 0.6282 -0.0453 0.7767
vn 0.6914 -0.0262 0.7220
vn 0.6409 0.0582 -0.7654
vn 0.6803 0.2870 -0.6744
vn 0.6781 0.1382 -0.7219
vn -0.2161 0.9493 0.2284
vn 0.2884 0.9081 -0.3035
vn 0.7901 0.0233 -0.6125
vn 0.7234 0.2322 -0.6502
vn 0.6128 0.5652 -0.5522
vn 0.6356 -0.1752 -0.7519
vn 0.3561 0.8821 -0.3084
vn -0.0582 0.9833 -0.1721
vn 0.9640 0.1028 -0.2452
vn 0.9830 0.1316 -0.1279
vn 0.9865 -0.1629 -0.0158
vn 0.9473 0.0395 -0.3178
vn 0.9834 -0.1575 -0.0898
vn 0.9093 -0.4127 -0.0528
vn -0.0134 0.9967 -0.0804
vn 0.9948 0.0997 -0.0223
vn 0.9851 -0.1024 0.1380
vn 0.9437 -0.1798 0.2778
vn 0.9744 0.1001 0.2016
vn 0.7991 -0.1913 0.5700
vn 0.6736 -0.1584 0.7219
vn 0.9227 -0.0550 0.3815
vn 0.2481 0.2460 0.9370
vn -0.2930 -0.5030 0.8131
vn 0.0305 0.0157 0.9994
vn -0.0342 -0.1345 0.9903
vn 0.0108 -0.2177 0.9760
vn 0.1396 0.7355 0.6629
vn 0.7445 -0.0096 0.6676
vn 0.7199 0.0381 0.6931
vn 0.3918 0.8548 0.3403
vn 0.6483 -0.0300 0.7608
vn 0.6788 -0.0262 0.7339
vn 0.2810 0.8957 0.3445
vn 0.6525 -0.0364 -0.7569
vn -0.1647 0.9649 0.2047
vn 0.6310 0.4571 -0.6268
vn 0.7971 -0.4627 -0.3880
vn 0.1989 0.9211 -0.3347
vn 0.7205 0.1692 -0.6724
vn 0.7422 -0.0616 -0.6673
vn 0.9002 0.1988 -0.3875
vn 0.0722 0.8062 -0.5872
vn 0.9134 0.1447 -0.3804
vn 0.9781 0.1118 -0.1756
vn 0.2239 0.9738 -0.0387
vn 0.9930 0.1184 -0.0016
vn 0.9142 -0.3721 0.1606
vn 0.9966 0.0729 -0.0397
vn 0.2248 0.9744 0.0053
vn 0.0238 0.9997 0.0064
vn 0.9844 0.0495 0.1686
vn 0.2368 0.9715 0.0113
vn 0.8734 -0.3263 0.3614
vn 0.1488 0.9679 0.2027
vn 0.9697 0.1065 0.2198
vn 0.7739 0.3872 -0.5012
vn 0.8425 0.1711 -0.5108
vn 0.7671 0.3166 -0.5580
vn 0.9248 0.1309 0.3572
vn 0.8457 0.4919 0.2069
vn 0.9561 0.2797 0.0873
vn 0.9911 0.0959 -0.0925
vn 0.9840 0.1494 -0.0975
vn 0.2835 0.7510 0.5964
vn 0.2733 -0.2802 0.9202
vn -0.0557 -0.6541 0.7543
vn 0.6018 -0.3196 0.7319
vn 0.7061 -0.0740 0.7042
vn 0.9131 0.1293 0.3866
vn 0.9821 0.0771 0.1718
vn 0.9399 0.3301 0.0870
vn 0.9665 0.2210 -0.1307
vn 0.8750 -0.2082 0.4372
vn 0.8711 0.2625 0.4151
vn 0.9788 0.1859 0.0861
vn 0.9340 0.0896 0.3457
vn 0.9215 0.0501 0.3852
vn 0.8344 0.1002 0.5420
vn 0.3928 0.9192 -0.0299
vn -0.0357 0.3178 0.9475
vn 0.2308 0.9581 0.1699
vn 0.6818 0.2459 0.6890
vn 0.7078 0.0005 0.7064
vn 0.7139 -0.0427 0.6989
vn 0.0822 0.9909 0.1062
vn -0.1790 0.9676 -0.1781
vn -0.0087 0.9999 -0.0066
vn 0.6281 -0.0270 0.7777
vn 0.6750 -0.0303 -0.7372
vn 0.6065 -0.0861 -0.7904
vn 0.5912 -0.0413 -0.8054
vn 0.6882 0.1411 -0.7116
vn 0.7074 0.0659 -0.7037
vn 0.3100 0.5698 -0.7610
vn 0.3318 0.6328 -0.6996
vn 0.5107 0.7502 -0.4199
vn -0.1878 0.9744 -0.1236
vn 0.8469 -0.4466 -0.2888
vn 0.7954 0.1717 -0.5813
vn -0.2914 0.9322 -0.2147
vn -0.2482 0.9496 -0.1917
vn 0.9633 0.0409 -0.2652
vn 0.9588 0.0559 -0.2787
vn 0.9783 -0.0218 -0.2061
vn 0.8976 0.0084 -0.4407
vn 0.9996 0.0052 0.0261
vn 0.9994 -0.0095 -0.0319
vn 0.9402 0.1816 -0.2883
vn 0.9938 0.1103 -0.0130
vn 0.9736 0.2278 -0.0174
vn 0.9849 0.0015 0.1734
vn 0.9448 0.1711 0.2795
vn 0.9640 0.0649 0.2580
vn 0.9374 0.0213 0.3475
vn 0.4918 0.3049 -0.8155
vn 0.6370 0.4827 -0.6011
vn 0.2931 0.8427 0.4516
vn 0.9397 0.0743 0.3337
vn 0.9000 0.0411 0.4340
vn 0.8303 -0.3109 0.4626
vn 0.8274 0.1275 0.5470
vn 0.7205 0.1192 0.6831
vn 0.7283 0.1138 0.6757
vn -0.2628 0.7407 0.6183
vn 0.6618 0.0143 0.7495
vn 0.7829 0.0272 0.6216
vn -0.0971 -0.0811 0.9920
vn -0.3007 -0.3410 0.8907
vn 0.6748 -0.0637 0.7352
vn 0.7412 0.3783 0.5545
vn 0.5521 0.8323 -0.0501
vn -0.0590 0.1855 0.9809
vn 0.5552 0.6145 0.5605
vn 0.3926 0.7917 0.4680
vn 0.1763 0.9488 -0.2619
vn 0.3245 0.8500 -0.4150
vn 0.0592 0.9923 -0.1091
vn 0.6842 -0.0079 -0.7292
vn 0.4395 0.7314 -0.5214
vn 0.2030 0.9698 -0.1351
vn 0.7009 -0.4604 -0.5447
vn 0.6326 0.6861 -0.3592
vn 0.6894 0.2291 -0.6872
vn 0.0508 0.2343 -0.9708
vn -0.0264 0.3652 -0.9306
vn -0.0504 0.2601 -0.9643
vn 0.8431 0.0536 -0.5352
vn 0.8378 0.0231 -0.5455
vn 0.8941 0.1012 -0.4363
vn -0.0072 0.9883 0.1521
vn 0.5922 0.4333 -0.6794
vn 0.6976 0.1175 -0.7067
vn 0.7614 0.4095 -0.5026
vn 0.5525 0.3965 -0.7332
vn 0.8959 0.0628 0.4398
vn 0.8256 -0.3648 0.4305
vn -0.3385 -0.4526 0.8250
vn 0.7523 0.2491 0.6099
vn 0.7768 0.1213 0.6179
vn 0.7133 0.1895 0.6748
vn 0.8427 -0.1509 0.5168
vn 0.8135 0.0454 0.5798
vn 0.1802 0.9788 0.0976
vn 0.0423 0.9935 0.1058
vn 0.2484 0.9564 0.1534
vn 0.3716 0.9074 0.1965
vn 0.2496 0.9413 0.2274
vn 0.1363 0.1069 0.9849
vn 0.5548 0.1082 0.8249
vn 0.5771 0.6445 0.5015
vn 0.5320 0.6629 0.5269
vn 0.4275 -0.0343 0.9034
vn 0.4882 0.8659 -0.1088
vn -0.0594 0.1415 0.9882
vn 0.0846 0.7321 0.6759
vn 0.3296 0.8531 0.4044
vn 0.6820 -0.0004 0.7314
vn 0.3291 0.8751 0.3549
vn 0.3586 0.8551 0.3744
vn -0.1347 0.9771 -0.1649
vn 0.5501 -0.0446 0.8339
vn -0.1153 0.9822 0.1481
vn 0.5244 0.6489 -0.5513
vn 0.1820 0.9618 -0.2044
vn 0.6134 0.7196 -0.3254
vn 0.7831 -0.4606 -0.4179
vn -0.3461 -0.4169 0.8405
vn -0.3467 -0.4041 0.8465
vn -0.2290 -0.3734 0.8990
vn 0.5953 0.1509 -0.7892
vn 0.7103 0.0658 -0.7009
vn 0.8841 -0.0062 -0.4673
vn 0.9061 0.1445 -0.3976
vn 0.7607 -0.0374 -0.6480
vn 0.8568 -0.4436 -0.2627
vn 0.9458 0.1829 -0.2685
vn 0.9839 0.1748 -0.0376
vn -0.2065 0.9676 -0.1454
vn 0.9500 0.1897 0.2479
vn 0.8710 -0.2794 0.4042
vn 0.2735 0.1675 -0.9472
vn 0.8445 -0.2843 0.4540
vn 0.0771 0.9353 0.3453
vn 0.8949 0.2090 0.3942
vn 0.8712 0.0886 0.4829
vn 0.8448 0.0276 0.5343
vn 0.1979 0.6356 0.7462
vn 0.6809 0.0037 0.7323
vn 0.7326 0.0871 0.6751
vn -0.0389 -0.0880 0.9954
vn 0.0689 0.0545 0.9961
vn -0.2194 -0.2288 0.9484
vn 0.8033 0.0335 0.5946
vn 0.4345 0.0363 0.8999
vn 0.8140 0.4144 0.4071
vn 0.9397 0.0813 0.3321
vn 0.6821 0.1948 0.7048
vn 0.7179 0.6865 -0.1153
vn 0.8607 0.3334 0.3847
vn 0.6127 0.4958 0.6155
vn 0.9749 0.1495 -0.1647
vn -0.0040 0.2515 0.9679
vn -0.0380 0.1752 0.9838
vn -0.0884 0.1922 0.9774
vn 0.2241 0.9496 0.2194
vn 0.6484 0.0942 0.7555
vn 0.6461 0.0032 0.7633
vn 0.6308 0.0132 -0.7758
vn 0.4680 0.5241 -0.7115
vn 0.5425 0.6002 -0.5877
vn 0.5981 0.7450 -0.2953
vn -0.2739 -0.2590 0.9262
vn 0.1976 0.9574 -0.2108
vn 0.6175 0.7335 0.2839
vn 0.5837 0.7866 0.2015
vn 0.6347 0.7617 0.1301
vn 0.6441 0.7472 0.1638
vn -0.4686 -0.2233 0.8547
vn -0.4966 -0.2523 0.8305
vn -0.6994 -0.2418 0.6726
vn -0.8466 -0.1403 0.5134
vn -0.6223 -0.2108 0.7539
vn 0.3732 0.8457 0.3814
vn 0.0819 0.9956 0.0459
vn 0.8947 0.1846 -0.4067
vn 0.9144 -0.3682 -0.1682
vn 0.0985 0.9725 -0.2111
vn 0.9871 0.1515 -0.0522
vn 0.9677 0.1444 0.2066
vn 0.4192 0.5333 -0.7348
vn 0.4293 0.2808 -0.8584
vn 0.9197 -0.2884 0.2663
vn 0.4266 0.2191 -0.8775
vn 0.1665 0.9596 -0.2267
vn 0.0617 0.9972 -0.0412
vn 0.1709 0.9730 0.1548
vn 0.8024 0.1758 0.5703
vn 0.7510 0.1777 0.6360
vn 0.7398 0.0752 0.6686
vn 0.1232 0.9914 0.0436
vn 0.1843 0.3408 0.9219
vn 0.8134 -0.2797 0.5101
vn 0.6672 0.0518 0.7431
vn 0.5740 0.0210 0.8186
vn 0.5038 0.0859 0.8595
vn 0.8177 -0.2325 0.5266
vn 0.7294 0.6437 0.2317
vn 0.8863 0.2445 -0.3932
vn -0.0193 -0.0285 0.9994
vn -0.0304 -0.1072 0.9938
vn -0.0600 0.5937 0.8025
vn -0.0928 0.5961 0.7975
vn -0.0190 0.5591 0.8289
vn -0.1257 0.0132 0.9920
vn 0.5631 0.4130 0.7158
vn -0.1358 0.9754 -0.1735
vn 0.5652 0.1105 -0.8175
vn 0.5147 -0.0132 -0.8573
vn 0.0550 0.9926 -0.1085
vn -0.1411 0.9740 0.1774
vn 0.5480 0.4694 -0.6924
vn 0.4879 0.6389 -0.5948
vn 0.9222 0.0493 -0.3835
vn 0.8675 -0.1037 -0.4865
vn 0.9103 -0.0627 -0.4091
vn 0.8797 0.2073 -0.4279
vn 0.5266 0.7222 0.4484
vn 0.8306 -0.4320 -0.3514
vn 0.9477 0.1508 -0.2814
vn 0.1422 0.9891 -0.0374
vn 0.9753 -0.2200 0.0224
vn 0.9821 0.1842 -0.0395
vn 0.9591 0.1940 0.2063
vn 0.1595 0.9412 -0.2978
vn 0.0436 0.9527 -0.3007
vn 0.8323 -0.2473 0.4961
vn 0.9067 0.1608 0.3900
vn 0.8922 0.1995 0.4053
vn 0.7940 0.1592 0.5867
vn 0.7533 0.1578 0.6384
vn -0.0961 -0.1261 0.9874
vn 0.7196 0.2875 0.6320
vn 0.7280 0.2222 0.6486
vn 0.1097 0.9878 0.1107
vn 0.2703 0.9586 0.0890
vn 0.6280 0.7064 0.3264
vn 0.6357 0.7582 0.1449
vn 0.5803 0.5434 0.6066
vn -0.0682 -0.2691 0.9607
vn 0.2678 0.8925 0.3630
vn 0.2734 0.8980 0.3448
vn 0.5313 -0.0561 0.8453
vn 0.5352 -0.0450 0.8435
vn 0.3015 0.8522 -0.4277
vn 0.6241 0.0206 -0.7811
vn 0.5796 -0.0181 -0.8147
vn 0.2428 0.9028 -0.3549
vn 0.8524 0.0772 -0.5172
vn 0.9026 -0.1954 -0.3835
vn -0.3018 -0.1808 0.9361
vn 0.6568 0.7444 0.1207
vn 0.8537 -0.1622 -0.4948
vn -0.8430 0.0345 0.5369
vn -0.8090 0.0551 0.5853
vn -0.7065 -0.0620 0.7049
vn 0.8722 0.1672 -0.4597
vn 0.8990 0.1271 -0.4190
vn 0.0543 0.9166 -0.3961
vn 0.9777 0.0687 -0.1986
vn 0.1775 0.9411 0.2879
vn -0.2572 0.9436 -0.2086
vn 0.9527 -0.1415 -0.2690
vn 0.9993 0.0321 -0.0205
vn -0.1671 0.9844 -0.0560
vn 0.9638 -0.0982 0.2477
vn 0.9714 0.0844 0.2217
vn 0.8676 -0.1659 0.4688
vn 0.9111 0.1240 0.3931
vn -0.0542 0.9863 0.1558
vn 0.8758 0.1133 0.4692
vn 0.0946 0.9944 0.0478
vn 0.6424 0.1361 0.7542
vn 0.7325 0.3103 0.6059
vn 0.7225 -0.3235 0.6110
vn 0.7171 -0.4711 0.5136
vn 0.6859 -0.4809 0.5462
vn 0.6875 -0.0009 0.7262
vn 0.6038 -0.0242 0.7968
vn 0.6170 -0.0102 0.7869
vn 0.5880 0.0457 0.8075
vn 0.5140 0.0357 0.8571
vn 0.6770 0.1157 0.7268
vn 0.7487 -0.1601 0.6432
vn -0.3877 -0.1047 0.9158
vn -0.3629 0.0059 0.9318
vn -0.2999 0.2772 0.9128
vn -0.2200 -0.2642 0.9391
vn -0.4441 -0.2642 0.8561
vn 0.1348 0.9781 0.1589
vn 0.3792 0.7289 0.5700
vn 0.6045 0.0337 0.7959
vn 0.2727 0.8576 0.4361
vn -0.0240 0.9988 -0.0419
vn 0.4501 -0.0453 0.8919
vn 0.4705 -0.1886 -0.8620
vn 0.4677 -0.3553 -0.8093
vn 0.3624 -0.3166 -0.8766
vn 0.1316 0.9636 -0.2326
vn 0.4868 -0.4370 -0.7564
vn 0.4254 -0.4554 -0.7820
vn 0.6227 -0.4543 -0.6371
vn 0.6234 -0.4946 -0.6055
vn 0.5479 -0.5049 -0.6669
vn 0.8521 -0.0936 -0.5150
vn 0.8102 0.2238 -0.5418
vn 0.8630 -0.2146 -0.4573
vn 0.6020 0.7483 -0.2787
vn 0.7658 -0.4031 -0.5011
vn 0.6903 -0.4836 -0.5381
vn 0.8211 0.2421 -0.5169
vn -0.5120 -0.1334 0.8486
vn -0.4197 -0.1068 0.9014
vn -0.8909 -0.1572 0.4261
vn -0.9057 -0.0381 0.4222
vn -0.9142 -0.1061 0.3912
vn 0.8508 -0.2659 -0.4532
vn -0.8518 0.0943 0.5153
vn -0.7096 0.0619 0.7019
vn -0.0508 0.5421 -0.8388
vn 0.0005 0.5976 -0.8018
vn -0.0613 0.6642 -0.7451
vn 0.5782 0.6379 0.5087
vn -0.1111 0.9514 -0.2871
vn -0.1174 0.9277 -0.3543
vn -0.2439 0.1225 -0.9620
vn -0.5580 0.3447 -0.7548
vn -0.3363 -0.0631 -0.9396
vn 0.9022 0.0081 0.4313
vn 0.0656 0.9977 -0.0193
vn 0.0749 0.8113 0.5799
vn 0.8190 -0.1046 0.5642
vn 0.7777 0.0731 0.6244
vn 0.2177 0.2729 0.9371
vn 0.3983 0.1768 0.9000
vn 0.0073 -0.1444 0.9895
vn 0.3509 0.9360 0.0278
vn 0.6716 -0.2351 0.7027
vn 0.6450 0.1069 0.7567
vn 0.4891 -0.6898 0.5339
vn 0.5021 -0.0329 0.8642
vn 0.2932 -0.5998 0.7445
vn 0.6869 -0.3616 0.6304
vn 0.4588 0.8883 0.0187
vn 0.3537 0.9338 0.0539
vn -0.2859 -0.1117 0.9517
vn 0.0861 0.8204 0.5653
vn 0.5643 0.0970 0.8199
vn 0.6100 0.0842 0.7879
vn 0.2831 0.8795 0.3826
vn 0.0203 0.9992 0.0355
vn 0.4336 -0.2425 0.8679
vn 0.2950 0.8525 -0.4315
vn 0.5226 -0.0012 -0.8526
vn 0.2729 0.6594 -0.7006
vn 0.2631 0.6147 -0.7435
vn 0.2869 0.5613 -0.7762
vn 0.7409 0.1706 -0.6496
vn 0.5615 -0.4970 -0.6616
vn 0.7448 0.3345 -0.5774
vn 0.3449 0.8652 -0.3639
vn 0.8249 -0.1937 -0.5310
vn 0.7438 0.3743 -0.5538
vn 0.7524 -0.0552 -0.6564
vn 0.6360 -0.4130 -0.6518
vn 0.1140 0.8976 -0.4258
vn 0.7534 0.1946 -0.6281
vn -0.6395 -0.0397 0.7677
vn 0.8078 0.1345 -0.5739
vn 0.6542 0.6994 0.2879
vn 0.8282 -0.0415 -0.5589
vn 0.4357 0.6590 0.6131
vn 0.2672 0.8498 0.4544
vn -0.4116 0.3307 -0.8492
vn 0.7280 -0.0436 0.6842
vn 0.7127 0.0874 0.6960
vn 0.6745 0.1269 0.7273
vn 0.7113 0.2873 0.6415
vn 0.6211 0.3098 0.7199
vn 0.5674 -0.5028 0.6520
vn 0.3119 0.9493 -0.0384
vn 0.5995 0.2864 0.7473
vn -0.5449 -0.2559 0.7985
vn -0.3713 0.1258 0.9200
vn 0.1287 0.9723 0.1949
vn -0.6542 -0.1567 0.7399
vn -0.3059 0.3832 0.8715
vn -0.3432 0.2385 0.9085
vn -0.2370 0.2333 0.9431
vn -0.0813 0.6460 0.7590
vn -0.0600 0.2265 0.9722
vn 0.1322 0.9624 0.2372
vn 0.5336 0.0009 0.8457
vn 0.1091 0.9797 0.1684
vn -0.0712 0.9828 -0.1705
vn 0.4185 -0.0771 0.9049
vn 0.0280 0.9995 -0.0121
vn -0.0697 0.9604 0.2698
vn 0.4716 0.5712 -0.6718
vn 0.4900 0.4908 -0.7204
vn 0.4726 0.4678 -0.7469
vn 0.2971 0.7944 -0.5298
vn 0.7713 -0.0358 -0.6355
vn 0.7737 -0.1791 -0.6077
vn 0.6461 0.3313 -0.6876
vn 0.4402 0.6391 -0.6307
vn 0.8440 -0.0874 -0.5292
vn 0.6942 -0.2182 -0.6859
vn 0.6701 0.3435 -0.6580
vn -0.1217 0.9837 -0.1322
vn -0.6401 0.5522 -0.5342
vn -0.5340 0.5561 -0.6369
vn -0.4105 0.7654 -0.4956
vn 0.7455 0.0303 0.6658
vn 0.6527 -0.0755 0.7538
vn 0.5784 -0.2419 0.7790
vn -0.5941 0.2627 0.7603
vn -0.6026 0.6961 0.3902
vn -0.7333 0.2999 0.6102
vn -0.1171 0.8420 0.5266
vn -0.0395 0.8146 0.5787
vn 0.5603 -0.0649 0.8257
vn 0.6023 -0.2976 0.7408
vn 0.1712 0.9206 0.3509
vn 0.5141 0.3812 0.7684
vn 0.5532 0.3092 0.7736
vn 0.2884 0.7782 0.5580
vn 0.0276 0.9995 -0.0141
vn 0.2792 0.9393 -0.1995
vn 0.1383 0.9352 -0.3261
vn 0.2442 0.5195 -0.8188
vn 0.3777 0.4030 -0.8336
vn 0.3128 0.5541 -0.7714
vn 0.5144 -0.4565 -0.7260
vn 0.5952 0.4314 -0.6780
vn 0.8713 0.0102 -0.4907
vn 0.6305 0.0517 -0.7744
vn 0.9481 0.0836 -0.3068
vn 0.8023 0.0614 -0.5937
vn -0.6676 -0.2440 0.7034
vn -0.5304 -0.4207 0.7360
vn -0.1753 -0.8426 0.5092
vn -0.0627 -0.9937 0.0930
vn -0.1486 -0.9120 0.3823
vn 0.5680 0.2286 -0.7906
vn -0.8281 0.1664 0.5353
vn -0.7850 0.1620 0.5979
vn -0.7621 0.0200 0.6471
vn 0.6478 0.0532 -0.7600
vn -0.7739 -0.3778 0.5083
vn -0.6840 -0.4435 0.5792
vn -0.7145 -0.3681 0.5950
vn 0.1918 0.9190 0.3446
vn -0.0554 0.9973 -0.0487
vn -0.0873 0.9948 -0.0520
vn 0.0564 0.9975 0.0416
vn 0.1205 0.7124 0.6913
vn 0.1701 0.5421 0.8229
vn 0.4001 0.3175 0.8597
vn 0.6094 0.0909 0.7876
vn 0.6242 0.0832 0.7768
vn 0.5846 0.1238 0.8018
vn 0.7749 -0.0070 0.6320
vn 0.7778 0.0287 0.6279
vn 0.7789 0.0069 0.6271
vn -0.6736 -0.0099 0.7390
vn -0.5901 0.3613 0.7220
vn -0.5196 0.4691 0.7142
vn -0.0462 0.9181 0.3937
vn 0.2497 -0.6083 0.7534
vn 0.2638 -0.7144 0.6481
vn 0.1295 0.7114 0.6907
vn 0.5009 0.2214 0.8367
vn 0.4932 -0.3580 0.7928
vn 0.6460 0.7522 0.1295
vn 0.5035 0.0370 0.8632
vn 0.3269 0.7278 0.6029
vn 0.4123 0.4190 0.8090
vn 0.1406 0.9842 0.1074
vn 0.3253 -0.0495 0.9443
vn 0.3423 0.3119 -0.8863
vn 0.4503 0.0813 -0.8892
vn 0.4266 -0.0458 -0.9033
vn 0.1165 0.9797 0.1629
vn 0.9199 0.0586 -0.3876
vn 0.9521 0.0509 -0.3015
vn 0.9462 0.0356 -0.3216
vn 0.9069 0.0574 -0.4174
vn 0.5688 0.8136 -0.1206
vn 0.5255 0.3882 -0.7571
vn 0.6043 0.7474 -0.2761
vn -0.7047 -0.0496 0.7078
vn -0.4119 -0.5676 0.7129
vn 0.6834 0.7282 -0.0515
vn -0.0463 0.6772 -0.7343
vn -0.1884 0.4779 -0.8580
vn -0.2847 0.4870 -0.8257
vn -0.1829 0.3166 -0.9308
vn -0.5292 0.5474 -0.6483
vn -0.6859 0.6337 -0.3576
vn -0.6535 0.4795 -0.5857
vn 0.1105 0.9923 -0.0554
vn 0.6627 0.0143 0.7487
vn -0.8561 0.0313 0.5158
vn -0.8653 0.3273 0.3796
vn 0.4163 0.3397 0.8434
vn 0.5170 0.3415 0.7849
vn 0.3664 -0.6334 0.6816
vn -0.7255 0.3170 0.6109
vn 0.7692 0.0363 0.6380
vn 0.8218 0.0254 0.5692
vn 0.8089 0.0415 0.5865
vn -0.1171 0.1027 0.9878
vn 0.4194 -0.1758 0.8906
vn 0.0916 0.9888 -0.1182
vn 0.3655 -0.0508 0.9294
vn 0.5856 0.1499 -0.7966
vn 0.6827 0.0543 -0.7287
vn 0.6190 -0.0521 -0.7837
vn 0.8519 0.0593 -0.5204
vn 0.8654 -0.0262 -0.5004
vn 0.7238 -0.1590 -0.6714
vn 0.8035 -0.0378 -0.5942
vn 0.8435 0.0876 -0.5300
vn -0.8112 0.1650 0.5610
vn -0.7447 0.2612 0.6142
vn 0.5078 0.6759 -0.5341
vn 0.6532 0.7283 -0.2072
vn -0.4690 -0.5449 0.6951
vn -0.5551 -0.4471 0.7014
vn 0.7047 0.6823 0.1946
vn -0.6766 -0.4303 0.5976
vn -0.4823 -0.3227 0.8144
vn 0.6230 0.5807 0.5241
vn 0.4967 0.5224 0.6931
vn 0.4184 0.6543 0.6300
vn 0.2742 0.8330 0.4806
vn -0.9616 0.2635 -0.0767
vn -0.8909 0.2098 0.4027
vn 0.7207 -0.0854 0.6879
vn 0.7509 -0.0490 0.6586
vn 0.7009 0.0104 0.7132
vn -0.8296 0.2891 0.4776
vn 0.4649 -0.2975 0.8339
vn 0.5831 0.1963 0.7883
vn 0.8592 0.0215 0.5112
vn 0.1851 -0.9699 0.1583
vn 0.2209 -0.9009 0.3736
vn 0.1795 -0.9580 0.2237
vn 0.8288 0.0679 0.5555
vn 0.3351 0.0562 0.9405
vn 0.7572 0.4979 0.4228
vn 0.6987 0.1679 0.6954
vn 0.6311 0.0023 0.7757
vn 0.4613 -0.0084 0.8872
vn 0.4966 0.0430 0.8669
vn 0.2728 0.7987 0.5364
vn 0.1181 0.9803 -0.1584
vn 0.2190 0.9754 -0.0264
vn 0.3546 0.8851 -0.3013
vn 0.3262 0.5597 -0.7618
vn 0.6812 0.5994 -0.4204
vn 0.1986 0.2423 -0.9496
vn 0.3443 0.2704 -0.8991
vn 0.7235 0.0744 -0.6863
vn 0.7814 0.1557 -0.6043
vn 0.5147 0.3552 -0.7804
vn -0.7579 -0.1015 0.6444
vn -0.6576 0.0051 0.7534
vn -0.7807 -0.0009 0.6249
vn 0.6399 0.7551 -0.1428
vn -0.3271 -0.5273 0.7842
vn 0.1782 0.7836 -0.5951
vn 0.1975 0.9007 -0.3870
vn 0.8777 0.4416 -0.1860
vn 0.9722 0.1688 0.1620
vn 0.9884 -0.1223 0.0901
vn 0.4998 0.5288 0.6859
vn -0.0652 0.9830 -0.1717
vn -0.2028 0.8496 0.4869
vn 0.0841 0.8919 0.4444
vn 0.6380 -0.1115 0.7619
vn 0.5782 0.0745 0.8125
vn 0.3947 0.2211 0.8918
vn 0.5021 0.2934 0.8135
vn 0.0904 0.8594 0.5032
vn 0.7730 -0.0187 0.6342
vn 0.7568 -0.0330 0.6528
vn 0.7161 0.0686 0.6946
vn 0.5454 0.1643 0.8219
vn 0.6515 0.0222 0.7583
vn 0.6856 0.1237 0.7174
vn 0.5026 0.7502 0.4297
vn 0.3370 0.2445 0.9092
vn 0.7878 0.0501 0.6138
vn 0.5801 0.7942 0.1810
vn 0.6347 0.6808 0.3656
vn 0.3658 0.9067 0.2100
vn 0.2841 -0.0288 0.9584
vn 0.5020 0.8601 -0.0914
vn 0.3648 0.6361 -0.6799
vn 0.4407 0.8636 -0.2450
vn 0.0348 0.3374 -0.9407
vn 0.1103 0.3595 -0.9266
vn 0.6468 -0.1117 -0.7545
vn 0.4806 -0.1544 -0.8632
vn 0.6652 -0.1721 -0.7266
vn 0.5295 -0.1619 -0.8327
vn 0.6629 0.1109 -0.7405
vn -0.5634 0.2237 0.7953
vn -0.7337 0.1139 0.6698
vn 0.6367 -0.0479 -0.7696
vn -0.6446 0.1675 0.7460
vn -0.7712 0.1889 0.6079
vn -0.6227 -0.4305 0.6534
vn -0.3697 -0.6028 0.7071
vn -0.4476 -0.4787 0.7553
vn 0.8325 0.4515 -0.3210
vn 0.3127 0.7468 -0.5870
vn 0.1965 0.5839 -0.7877
vn 0.0756 0.7626 -0.6424
vn 0.6252 0.4399 0.6447
vn 0.0036 0.6320 -0.7750
vn 0.8004 0.4318 0.4158
vn 0.5234 0.8431 0.1237
vn 0.9091 -0.2724 0.3152
vn 0.9443 -0.3268 -0.0391
vn 0.4400 0.7160 0.5420
vn 0.6346 -0.0234 0.7725
vn 0.5844 0.0105 0.8114
vn -0.0548 0.9849 0.1642
vn 0.0009 0.9052 0.4249
vn 0.2651 0.4324 0.8618
vn 0.4526 0.8122 0.3681
vn 0.2627 0.3770 0.8882
vn 0.6455 0.0552 0.7617
vn 0.6507 0.0103 0.7593
vn 0.8013 -0.0440 0.5967
vn 0.5123 -0.0100 0.8587
vn 0.2319 -0.5882 0.7747
vn 0.4123 0.1306 0.9016
vn 0.2581 0.3212 0.9112
vn 0.2822 0.2805 0.9174
vn 0.0896 -0.6626 0.7436
vn 0.5984 0.0124 0.8011
vn 0.5474 -0.0805 0.8330
vn 0.5490 0.1060 0.8290
vn 0.7979 0.1759 0.5766
vn 0.1765 -0.0144 0.9842
vn 0.6797 0.7212 0.1338
vn 0.6120 0.7694 0.1828
vn 0.4134 0.8559 0.3107
vn 0.1282 0.9893 0.0693
vn 0.0555 0.9742 0.2186
vn 0.2682 -0.0693 0.9609
vn 0.2236 -0.0054 0.9747
vn 0.1787 -0.0316 0.9834
vn 0.3848 0.1773 -0.9058
vn 0.5457 0.5931 -0.5920
vn 0.6260 0.0164 -0.7796
vn 0.9027 0.0612 -0.4259
vn 0.9799 0.0014 -0.1996
vn 0.9899 -0.0298 0.1386
vn 0.9756 0.0026 -0.2197
vn 0.9822 -0.0049 0.1876
vn 0.9765 -0.0003 0.2157
vn 0.9915 0.0340 0.1252
vn 0.9994 0.0355 -0.0025
vn 0.6000 0.1975 -0.7752
vn 0.5637 0.1469 -0.8128
vn 0.4087 0.4078 -0.8165
vn 0.3971 0.4084 -0.8219
vn -0.6091 -0.1251 0.7832
vn -0.3781 -0.0656 0.9234
vn -0.3958 0.1207 0.9104
vn 0.3011 0.5403 -0.7858
vn 0.1235 0.4824 -0.8672
vn 0.2570 0.4553 -0.8524
vn 0.1776 0.2201 -0.9592
vn 0.2986 0.1789 -0.9374
vn -0.1454 -0.6377 0.7564
vn 0.3974 0.6649 -0.6324
vn -0.1282 -0.6195 0.7745
vn 0.7463 0.6461 -0.1600
vn -0.1630 -0.3115 0.9362
vn 0.4121 0.4566 -0.7884
vn 0.2428 0.1841 -0.9524
vn 0.7222 0.4984 0.4796
vn 0.3549 0.8748 0.3298
vn 0.6901 -0.1859 0.6995
vn 0.6114 0.1045 0.7844
vn 0.8723 -0.4804 0.0904
vn 0.8066 -0.2122 0.5517
vn 0.6907 0.1122 0.7144
vn 0.2789 0.8464 0.4537
vn 0.1960 0.9267 0.3206
vn 0.7658 -0.0581 0.6405
vn 0.6207 0.0373 0.7831
vn 0.6530 0.0273 0.7569
vn 0.0866 -0.4842 0.8707
vn 0.2042 -0.4723 0.8575
vn 0.5054 -0.0958 0.8575
vn 0.7432 0.1594 0.6498
vn 0.1649 0.2229 0.9608
vn 0.1422 -0.3488 0.9263
vn 0.8178 0.1531 0.5548
vn 0.9015 -0.0031 0.4327
vn 0.9954 0.0787 0.0549
vn 0.9242 0.0127 0.3818
vn 0.9319 0.0163 0.3624
vn 0.9132 0.0141 0.4072
vn 0.9999 0.0097 0.0042
vn 0.9471 0.0791 0.3111
vn 0.9998 -0.0152 -0.0140
vn 0.5257 0.0627 -0.8483
vn 0.5842 0.2924 -0.7571
vn 0.7286 0.0439 -0.6835
vn 0.7969 -0.0033 -0.6041
vn 0.8234 0.1949 -0.5329
vn 0.9315 -0.0375 -0.3619
vn 0.6669 0.5525 -0.5000
vn 0.8151 0.4631 -0.3481
vn 0.8056 0.3601 -0.4705
vn 0.8414 0.3120 -0.4411
vn 0.9930 -0.0106 0.1174
vn 1.0000 0.0020 0.0090
vn 0.9927 0.0190 -0.1188
vn 0.8564 0.5026 0.1181
vn 0.6730 0.6807 -0.2893
vn 0.3515 0.7376 -0.5766
vn 0.9953 -0.0394 0.0884
vn 0.9976 0.0683 0.0090
vn 0.9905 0.1333 -0.0330
vn 0.8598 0.1355 -0.4924
vn 0.8257 -0.0045 -0.5640
vn 0.7625 -0.0085 -0.6470
vn 0.7575 0.0151 -0.6527
vn 0.5368 -0.0142 -0.8436
vn 0.8695 0.4654 -0.1652
vn 0.9985 -0.0085 0.0534
vn 0.8116 0.5679 -0.1370
vn 0.9634 0.2678 -0.0133
vn 0.9309 0.3576 -0.0744
vn 0.4847 0.2133 -0.8483
vn 0.6869 0.7246 -0.0555
vn 0.0841 0.4018 -0.9118
vn 0.5026 0.1317 -0.8544
vn -0.7939 -0.2309 0.5625
vn -0.3634 -0.1976 0.9104
vn -0.5640 -0.4024 0.7211
vn 0.5167 0.8408 -0.1616
vn -0.5618 -0.2958 0.7726
vn -0.3276 -0.2238 0.9179
vn 0.9880 0.1542 0.0107
vn 0.9999 0.0019 0.0107
vn -0.1969 -0.4146 0.8884
vn -0.1174 -0.5384 0.8344
vn 0.3151 0.4829 -0.8170
vn 0.1760 0.5699 -0.8027
vn -0.1453 -0.6814 0.7173
vn -0.1026 -0.4952 0.8627
vn 0.7346 0.6753 -0.0654
vn 0.5949 0.7155 -0.3662
vn 0.6307 0.7426 -0.2255
vn 0.9892 0.0536 -0.1367
vn 0.9636 0.0451 -0.2636
vn 0.7794 0.4768 0.4064
vn 0.5236 0.5649 -0.6377
vn 0.5910 0.4121 0.6935
vn -0.0351 0.5175 -0.8550
vn 0.2385 0.4707 -0.8495
vn 0.3702 0.6888 -0.6233
vn 0.3978 0.6407 0.6567
vn 0.6489 0.1679 0.7421
vn 0.8664 0.0724 0.4940
vn -0.0769 0.9933 -0.0865
vn 0.5353 0.7644 0.3593
vn 0.1303 0.5557 0.8211
vn 0.3891 -0.1077 0.9149
vn 0.5879 -0.0943 0.8034
vn 0.8104 0.5563 0.1841
vn 0.9580 0.1481 0.2454
vn 0.6366 -0.0391 0.7702
vn 0.5230 0.1068 0.8456
vn 0.9011 0.3075 0.3057
vn 0.3305 0.1721 0.9280
vn 0.4145 0.0134 0.9099
vn 0.3405 0.0118 0.9402
vn 0.9532 0.3023 0.0064
vn 0.7835 0.6208 0.0268
vn 0.9839 0.1785 -0.0120
vn 0.9785 0.2058 0.0105
vn 0.9996 0.0036 -0.0273
vn 0.9837 0.1731 0.0488
vn 0.9179 0.3800 0.1142
vn 0.9938 0.1089 -0.0242
vn 0.9789 0.0696 0.1920
vn 0.8913 0.4070 0.2000
vn 0.6283 0.7305 0.2674
vn 0.4040 0.8073 0.4301
vn 0.1799 0.7289 0.6605
vn 0.9590 0.2217 0.1766
vn 0.9990 0.0068 -0.0431
vn 0.9988 0.0154 -0.0459
vn 0.8899 0.0765 0.4497
vn 0.6216 0.3809 0.6845
vn 0.4000 0.3827 0.8328
vn 0.2875 0.1241 0.9497
vn 0.7703 0.0179 0.6374
vn 0.1207 0.0121 0.9926
vn 0.2907 0.0098 0.9568
vn 0.8176 0.1836 0.5457
vn 0.0286 0.2166 0.9758
vn 0.8095 0.4296 0.4003
vn 0.2853 0.3897 -0.8756
vn 0.4986 0.5056 -0.7041
vn 0.3678 0.8807 -0.2986
vn -0.7104 -0.2224 0.6677
vn -0.4351 -0.2050 0.8767
vn -0.5416 -0.3096 0.7816
vn 0.9860 0.1652 -0.0207
vn -0.1467 0.2683 0.9521
vn -0.2448 0.2578 0.9347
vn -0.4640 0.0549 0.8841
vn -0.6920 -0.0309 0.7213
vn -0.3508 -0.1401 0.9259
vn -0.7734 -0.1954 0.6031
vn 0.4448 0.8912 -0.0888
vn 0.6747 0.7356 -0.0613
vn 0.9922 0.1144 -0.0500
vn 0.6973 0.3209 0.6409
vn 0.6950 0.5130 -0.5037
vn 0.6510 0.6424 0.4044
vn 0.8166 -0.0312 0.5763
vn 0.7361 -0.2306 0.6364
vn 0.5906 -0.5534 0.5874
vn 0.2394 0.8666 0.4379
vn 0.0245 0.6133 0.7895
vn 0.1327 0.4238 0.8960
vn 0.0631 -0.5516 0.8317
vn 0.3965 0.0671 0.9156
vn 0.2373 0.0964 0.9667
vn 0.7171 0.6952 0.0510
vn 0.9654 0.2540 0.0590
vn 0.1494 0.0964 0.9841
vn 0.0059 0.0272 0.9996
vn 0.8192 0.1787 0.5450
vn 0.6229 0.1173 0.7735
vn 0.5088 -0.0786 0.8573
vn 0.9961 0.0870 -0.0121
vn 0.5808 0.8120 0.0574
vn 0.7356 0.6767 0.0322
vn 0.4906 0.8525 0.1805
vn 0.3062 0.9375 0.1654
vn 0.8522 0.5161 0.0862
vn 0.3751 0.8759 0.3034
vn 0.6089 0.4699 0.6391
vn 0.1499 0.1652 0.9748
vn 0.1223 -0.0256 0.9922
vn -0.1058 0.2968 -0.9490
vn -0.1158 -0.2187 0.9689
vn 0.0792 -0.1396 0.9870
vn -0.2248 -0.3545 0.9076
vn -0.0832 -0.2578 0.9626
vn 0.0257 -0.0903 0.9956
vn -0.0714 0.1087 0.9915
vn -0.1603 -0.3102 0.9370
vn -0.1510 0.0832 0.9850
vn 0.0701 -0.6812 0.7287
vn 0.0176 -0.5576 0.8299
vn 0.8214 0.5505 0.1493
vn 0.6054 0.7683 -0.2077
vn 0.6971 0.5567 -0.4519
vn 0.9192 0.1346 -0.3701
vn 0.9718 0.0525 -0.2300
vn 0.9166 -0.0861 -0.3905
vn 0.9317 -0.1580 -0.3271
vn 0.9426 -0.1595 -0.2934
vn 0.9432 0.2509 -0.2176
vn 0.9932 0.1137 0.0245
vn 0.9174 -0.3513 -0.1871
vn 0.9252 -0.3695 -0.0862
vn 0.6875 0.2803 0.6699
vn 0.9836 0.1760 0.0383
vn 0.9516 -0.3017 -0.0586
vn 0.9620 0.2557 0.0960
vn 0.9800 0.0761 0.1840
vn -0.9955 0.0906 -0.0278
vn 0.9933 0.0026 0.1159
vn 0.9844 -0.0112 0.1758
vn 0.9887 -0.1492 0.0147
vn 0.4799 0.8586 0.1804
vn 0.6030 0.7904 0.1080
vn 0.0752 0.3216 0.9439
vn 0.4504 0.0458 0.8916
vn 0.4134 -0.0564 0.9088
vn 0.0630 0.1888 0.9800
vn 0.0512 0.2697 0.9616
vn -0.0410 -0.3749 0.9262
vn 0.6999 0.1065 0.7062
vn -0.0213 -0.1217 0.9923
vn 0.5437 0.1860 0.8184
vn 0.2833 0.0489 0.9578
vn 0.0523 0.7897 0.6112
vn 0.0513 0.7022 0.7101
vn 0.1089 0.6486 0.7533
vn 0.0133 0.4973 0.8675
vn 0.0295 0.3996 0.9162
vn 0.0173 0.1754 0.9843
vn 0.0354 0.0103 0.9993
vn 0.1361 -0.0225 0.9904
vn 0.0933 0.8607 -0.5005
vn 0.1128 0.9501 -0.2909
vn 0.1761 0.9667 -0.1854
vn 0.0509 -0.7822 0.6210
vn 0.1676 -0.9798 0.1095
vn 0.0381 -0.9934 -0.1081
vn 0.3006 -0.2073 0.9309
vn 0.1784 0.0590 0.9822
vn 0.1901 -0.3696 0.9095
vn 0.2170 -0.3918 0.8941
vn 0.0001 -0.0429 0.9991
vn 0.0735 -0.1832 0.9803
vn 0.0799 0.5644 -0.8217
vn -0.0820 0.4656 -0.8812
vn 0.4454 0.8907 -0.0914
vn 0.0669 -0.6603 0.7480
vn 0.0397 -0.3876 0.9210
vn 0.8530 0.4100 -0.3230
vn 0.8787 0.4723 -0.0695
vn 0.7563 0.6319 -0.1695
vn 0.9269 0.3296 -0.1794
vn 0.8307 0.2028 -0.5184
vn 0.8362 -0.0225 -0.5479
vn 0.8357 -0.1559 -0.5265
vn 0.5538 0.6406 -0.5320
vn 0.8308 0.3301 -0.4481
vn 0.9838 0.1301 0.1231
vn 0.8199 0.4756 -0.3186
vn 0.9056 0.3974 -0.1483
vn 0.9168 0.2539 0.3083
vn 0.9932 -0.0730 -0.0906
vn 0.9494 0.0952 0.2994
vn 0.8776 0.4781 -0.0357
vn 0.9057 0.1080 0.4099
vn 0.9782 -0.2036 0.0411
vn 0.9941 -0.0638 0.0873
vn 0.8984 0.4268 0.1038
vn 0.9581 -0.2829 -0.0449
vn 0.4568 0.6427 0.6150
vn 0.9567 -0.2885 -0.0378
vn 0.9337 0.2793 0.2240
vn 0.9806 -0.1299 0.1467
vn 0.9369 -0.3457 0.0516
vn 0.9430 0.0921 0.3197
vn 0.9462 0.0098 0.3234
vn 0.9407 -0.0844 0.3286
vn 0.9329 -0.2228 0.2830
vn 0.1388 -0.0251 0.9900
vn 0.3356 0.0865 0.9380
vn 0.3571 -0.0771 0.9309
vn -0.0211 0.1976 0.9801
vn -0.0262 0.1485 0.9886
vn 0.0848 0.1350 0.9872
vn 0.4551 0.1486 0.8779
vn 0.3755 0.9206 0.1076
vn 0.2822 0.9531 0.1091
vn 0.1070 0.1283 0.9859
vn 0.0677 -0.3140 0.9470
vn 0.0643 0.9614 0.2674
vn 0.0464 0.9046 0.4238
vn 0.0238 0.0025 0.9997
vn 0.0381 0.2656 -0.9633
vn 0.0209 0.3692 -0.9291
vn 0.0316 0.6308 -0.7753
vn 0.0496 0.7096 -0.7029
vn 0.1950 0.6395 -0.7436
vn 0.5891 -0.1847 0.7867
vn 0.5596 -0.3242 0.7627
vn 0.2703 -0.9580 0.0958
vn 0.6272 -0.1256 0.7687
vn 0.2436 -0.2779 0.9292
vn 0.1947 0.2045 0.9593
vn 0.4285 -0.1984 0.8815
vn 0.1937 0.0872 0.9772
vn 0.2439 -0.5370 0.8075
vn 0.1646 0.5635 -0.8096
vn 0.2574 0.6131 -0.7469
vn -0.0268 0.0204 -0.9994
vn -0.0092 0.2093 -0.9778
vn 0.2228 0.9625 -0.1547
vn 0.4918 0.5723 -0.6562
vn 0.3372 0.8932 -0.2974
vn 0.7770 0.1705 -0.6060
vn 0.7845 0.1046 -0.6112
vn 0.7669 -0.0752 -0.6374
vn 0.9352 0.1628 -0.3145
vn 0.8575 0.0804 -0.5081
vn 0.7559 0.4921 -0.4318
vn 0.6251 0.7424 -0.2408
vn 0.5015 0.8598 -0.0960
vn 0.6757 0.7318 -0.0893
vn 0.9449 -0.0358 0.3254
vn 0.6296 0.7715 0.0919
vn 0.6409 0.3736 0.6706
vn 0.7438 0.6601 0.1054
vn 0.9586 -0.2724 0.0826
vn 0.5519 0.7668 0.3278
vn 0.7511 0.6074 0.2586
vn 0.8277 0.4628 0.3174
vn 0.9206 0.1742 0.3494
vn -0.1569 0.9068 0.3912
vn -0.0313 0.8630 0.5042
vn 0.9072 -0.1133 0.4051
vn 0.9226 0.0182 0.3854
vn 0.8823 0.0407 0.4689
vn 0.7614 0.0148 0.6482
vn 0.7873 -0.1030 0.6079
vn 0.6838 -0.1077 0.7217
vn 0.1790 0.1818 0.9669
vn 0.3046 -0.0941 0.9478
vn -0.0933 -0.5195 0.8494
vn 0.2224 -0.0838 0.9714
vn -0.1250 0.2507 0.9600
vn 0.2135 0.1794 0.9603
vn -0.0455 0.0451 0.9979
vn -0.0020 -0.7938 0.6082
vn 0.1266 -0.9890 0.0761
vn -0.0954 -0.9952 -0.0203
vn 0.4018 -0.0604 0.9137
vn 0.4146 0.0789 0.9066
vn 0.2248 -0.0527 0.9730
vn 0.1744 -0.1990 0.9643
vn 0.1513 -0.6572 0.7383
vn 0.7651 -0.0170 -0.6437
vn 0.5213 0.5483 -0.6539
vn 0.6560 0.5134 -0.5532
vn 0.6595 0.4316 -0.6155
vn 0.5099 0.4074 -0.7577
vn 0.5431 0.7309 -0.4133
vn 0.4746 0.8311 -0.2898
vn 0.8918 -0.0837 0.4446
vn 0.8510 -0.0069 0.5251
vn 0.9360 -0.2296 0.2670
vn 0.5370 0.3143 0.7828
vn 0.4479 0.8510 0.2743
vn 0.9203 -0.3883 0.0473
vn 0.4999 0.4916 0.7131
vn 0.8829 -0.4683 0.0330
vn -0.1267 0.9892 0.0733
vn 0.8394 0.3742 0.3942
vn 0.9021 -0.3549 0.2454
vn 0.8856 -0.2577 0.3865
vn 0.6390 0.4371 0.6330
vn 0.7706 0.2480 0.5871
vn 0.8389 0.2077 0.5032
vn 0.5781 0.3161 0.7523
vn 0.6822 -0.0131 0.7310
vn -0.0262 0.3457 0.9380
vn 0.1532 -0.1406 0.9781
vn -0.1077 -0.5413 0.8339
vn 0.2186 0.0866 0.9720
vn 0.2811 0.9175 0.2814
vn -0.1906 0.1978 0.9615
vn 0.1745 0.9672 0.1848
vn 0.1139 0.0368 0.9928
vn -0.1358 -0.0054 0.9907
vn -0.2450 -0.1119 0.9630
vn 0.0777 0.9795 0.1858
vn -0.0049 0.1406 0.9901
vn 0.0931 -0.0241 0.9954
vn 0.0137 0.9764 -0.2156
vn 0.7979 -0.1588 0.5815
vn 0.4419 -0.1965 0.8753
vn 0.4515 0.1493 0.8797
vn 0.7660 -0.0407 0.6416
vn 0.5060 -0.3573 0.7850
vn 0.3915 -0.0065 0.9202
vn 0.5778 -0.0142 0.8161
vn 0.2553 0.3550 -0.8993
vn 0.4379 0.2105 -0.8741
vn 0.5761 0.4924 -0.6524
vn 0.2553 0.7153 -0.6505
vn 0.3869 0.7962 -0.4652
vn 0.3803 0.9206 0.0882
vn 0.8913 -0.3910 0.2296
vn 0.4292 0.7982 0.4227
vn 0.5159 0.7302 0.4478
vn 0.8341 -0.5254 0.1680
vn 0.4816 0.6679 0.5674
vn 0.5629 0.4829 0.6708
vn -0.0591 0.4846 0.8727
vn 0.7887 -0.1435 0.5978
vn 0.5153 0.0020 0.8570
vn 0.2418 0.2207 0.9449
vn 0.3053 0.0314 0.9517
vn 0.3393 -0.3767 0.8620
vn -0.1552 -0.1339 0.9788
vn 0.0400 -0.0092 0.9992
vn -0.1441 0.2679 0.9526
vn -0.2948 -0.3703 0.8809
vn 0.0902 -0.0803 0.9927
vn 0.1485 0.1388 0.9791
vn 0.1535 -0.0440 0.9872
vn 0.1849 -0.1868 0.9648
vn -0.3389 0.2530 0.9062
vn -0.2344 -0.2173 0.9475
vn -0.1964 0.1490 0.9691
vn -0.1630 0.1273 0.9784
vn -0.3198 0.0499 0.9462
vn -0.0315 0.0371 0.9988
vn 0.0215 0.3901 0.9205
vn 0.0719 -0.0299 0.9970
vn 0.0006 0.8123 -0.5832
vn 0.0065 0.9417 -0.3365
vn 0.5873 -0.0351 0.8086
vn 0.5967 0.1035 0.7958
vn 0.5464 -0.1847 0.8169
vn 0.5802 0.1100 0.8070
vn 0.4598 -0.5056 0.7300
vn 0.0966 0.9474 -0.3051
vn 0.3470 -0.4906 0.7993
vn 0.1609 -0.4601 0.8732
vn 0.2200 0.9427 -0.2507
vn 0.7758 0.0179 0.6307
vn 0.7608 0.1121 0.6393
vn 0.2057 0.9412 0.2681
vn 0.8261 -0.2017 0.5261
vn 0.8011 -0.5777 0.1566
vn 0.7870 -0.5315 0.3133
vn 0.3797 0.2450 0.8921
vn 0.7327 -0.1146 0.6709
vn 0.7163 -0.2984 0.6307
vn 0.1476 0.8942 0.4227
vn 0.3236 0.0460 0.9451
vn 0.3451 -0.0500 0.9372
vn -0.0580 0.2163 0.9746
vn -0.1529 0.1962 0.9686
vn -0.0547 0.0975 0.9937
vn 0.0310 -0.0995 0.9945
vn -0.3638 0.1693 0.9159
vn -0.1603 0.1161 0.9802
vn -0.3011 0.1789 0.9366
vn -0.4932 -0.0148 0.8698
vn -0.5271 -0.0684 0.8471
vn -0.0100 0.8503 0.5262
vn 0.0025 0.0033 1.0000
vn 0.7797 -0.2762 0.5619
vn 0.7544 -0.3282 0.5685
vn -0.0221 -0.9997 -0.0075
vn -0.1326 -0.9873 -0.0870
vn -0.1998 -0.9693 -0.1432
vn 0.1975 0.9785 -0.0587
vn 0.1530 0.9835 0.0968
vn 0.6687 -0.2658 0.6944
vn 0.0862 0.6544 0.7512
vn 0.7700 -0.4214 0.4791
vn -0.2070 0.9602 0.1875
vn 0.2125 0.9029 0.3737
vn -0.3978 0.7949 0.4582
vn 0.6592 -0.7303 0.1791
vn 0.3550 0.6170 0.7024
vn 0.2284 0.7522 0.6180
vn 0.2216 0.6442 0.7321
vn 0.2500 0.4789 0.8415
vn 0.4390 0.3774 0.8154
vn 0.8195 -0.2687 0.5062
vn 0.4508 0.0886 0.8882
vn 0.6970 -0.0341 0.7163
vn 0.6368 -0.1850 0.7485
vn -0.0404 -0.0408 0.9983
vn 0.0471 0.1354 0.9897
vn -0.1091 -0.0498 0.9928
vn -0.5073 0.0600 0.8597
vn 0.0069 0.9717 0.2363
vn -0.0096 0.9399 0.3412
vn 0.0024 0.0053 1.0000
vn 0.0165 0.3507 0.9363
vn 0.0081 0.9901 0.1401
vn 0.0015 0.9846 0.1748
vn 0.0078 0.9898 0.1424
vn 0.0183 -0.0290 0.9994
vn -0.0467 0.8621 -0.5046
vn 0.7312 0.1307 0.6696
vn 0.8222 0.0268 0.5686
vn 0.7745 -0.0420 0.6312
vn 0.7611 -0.1579 0.6291
vn 0.5357 -0.3283 0.7780
vn 0.3921 -0.4561 0.7989
vn 0.1849 0.8283 -0.5289
vn 0.1860 0.8764 -0.4442
vn -0.1513 0.6840 0.7137
vn -0.1400 0.5853 0.7987
vn -0.1085 0.3818 0.9178
vn 0.7285 -0.5659 0.3861
vn 0.5214 -0.7879 0.3276
vn 0.2839 -0.1071 -0.9529
vn 0.3346 -0.1521 -0.9300
vn 0.5012 -0.0860 -0.8610
vn 0.6065 0.1489 0.7811
vn -0.1915 0.2940 0.9364
vn 0.6847 0.1479 0.7137
vn 0.0020 -0.0617 0.9981
vn -0.2315 0.2149 0.9488
vn 0.0086 0.1634 0.9865
vn 0.0423 -0.1532 0.9873
vn 0.5778 -0.1362 -0.8047
vn 0.3482 -0.2188 -0.9115
vn 0.6164 -0.1103 -0.7796
vn -0.4155 0.0190 0.9094
vn -0.4581 -0.1461 0.8768
vn -0.6401 0.2449 0.7283
vn -0.6175 0.2288 0.7526
vn -0.5646 0.1070 0.8184
vn -0.6932 -0.0370 0.7198
vn -0.7036 -0.0773 0.7063
vn -0.0679 0.7448 0.6638
vn 0.0114 0.1111 0.9937
vn 0.4334 0.0312 0.9007
vn 0.6236 0.1187 0.7727
vn 0.3945 -0.1300 0.9097
vn 0.5305 -0.2010 0.8235
vn -0.0269 0.9791 -0.2016
vn -0.0487 0.9196 -0.3899
vn 0.0847 -0.4027 0.9114
vn 0.0143 -0.4723 0.8813
vn 0.4736 -0.1411 -0.8693
vn 0.4387 -0.0163 -0.8985
vn 0.2464 0.0591 -0.9674
vn 0.0266 -0.3816 0.9240
vn 0.4915 -0.2098 0.8452
vn 0.3133 -0.1914 0.9302
vn 0.3084 0.0013 0.9513
vn 0.2211 0.1694 0.9604
vn 0.5479 -0.5023 0.6690
vn -0.3079 0.7646 0.5662
vn 0.5594 -0.7555 0.3411
vn 0.1297 0.8236 0.5521
vn 0.0016 0.7848 0.6197
vn -0.4621 0.4598 0.7583
vn -0.4061 0.4007 0.8213
vn -0.3320 0.3509 0.8756
vn 0.0482 0.4436 0.8949
vn 0.1491 0.3083 0.9395
vn -0.0199 -0.2202 0.9752
vn 0.0291 0.1315 0.9909
vn -0.4993 0.1425 0.8547
vn 0.5160 -0.0677 -0.8539
vn 0.6616 -0.0044 -0.7499
vn 0.5034 -0.3529 0.7887
vn 0.1069 -0.0667 0.9920
vn 0.0131 -0.0332 0.9994
vn -0.0050 0.9718 0.2358
vn 0.0181 -0.0052 0.9998
vn -0.0159 0.9955 0.0935
vn -0.0474 -0.0460 0.9978
vn -0.0794 0.3946 -0.9154
vn -0.0853 0.3638 -0.9276
vn -0.5106 0.3589 -0.7813
vn 0.2470 -0.2436 0.9379
vn 0.4865 0.2217 0.8451
vn -0.1057 0.3698 -0.9231
vn 0.2809 -0.4557 0.8447
vn 0.3158 0.1752 0.9325
vn 0.5408 -0.2098 0.8146
vn 0.7493 0.2132 0.6269
vn 0.0683 -0.0056 0.9976
vn -0.0627 0.1394 0.9883
vn 0.8247 -0.0498 0.5633
vn 0.0565 0.6187 -0.7836
vn 0.0231 0.8861 -0.4629
vn 0.0026 0.9993 -0.0371
vn -0.0298 0.9635 0.2662
vn -0.5173 0.7110 0.4763
vn 0.0259 0.3330 0.9426
vn -0.4477 0.2609 0.8553
vn -0.0171 0.6235 0.7816
vn 0.0030 0.2467 0.9691
vn -0.2338 0.0632 0.9702
vn 0.6272 -0.2727 -0.7296
vn 0.5904 -0.0683 -0.8042
vn 0.4131 0.2220 0.8832
vn 0.5843 0.3554 0.7296
vn 0.5270 -0.5921 0.6097
vn 0.3800 -0.5764 0.7234
vn 0.0536 0.2453 0.9680
vn -0.4663 0.1697 0.8682
vn 0.0498 -0.1347 0.9896
vn 0.7155 -0.0851 -0.6934
vn 0.5956 -0.0539 -0.8014
vn 0.8642 0.2625 0.4292
vn 0.1190 -0.3116 0.9427
vn 0.1049 0.1369 0.9850
vn -0.0031 0.1423 0.9898
vn -0.0092 0.0487 0.9988
vn -0.0190 -0.0769 0.9969
vn -0.0040 -0.0727 0.9973
vn 0.9342 0.1760 0.3103
vn 0.9540 -0.0792 0.2892
vn 0.9704 -0.0641 0.2330
vn 0.9347 -0.3108 0.1726
vn -0.3340 -0.2475 -0.9095
vn 0.6198 0.0855 0.7801
vn 0.6379 -0.0677 0.7672
vn 0.2474 -0.0810 0.9655
vn 0.7073 0.1480 0.6912
vn 0.8056 0.3244 0.4957
vn 0.8602 -0.3071 0.4070
vn 0.9149 -0.2919 0.2787
vn -0.0223 0.2027 0.9790
vn 0.1544 0.0223 0.9878
vn -0.4663 0.3348 -0.8188
vn -0.0571 0.3583 -0.9319
vn -0.4765 0.3713 -0.7969
vn 0.3105 0.2061 0.9280
vn -0.5527 -0.0188 0.8331
vn 0.0498 0.1447 0.9882
vn 0.0547 -0.2540 0.9656
vn -0.5857 -0.0168 0.8104
vn 0.2610 0.6071 -0.7506
vn -0.0048 0.6856 -0.7280
vn 0.2140 0.7220 -0.6580
vn -0.0038 0.7776 -0.6288
vn 0.0343 0.9635 -0.2654
vn -0.0076 0.9955 0.0944
vn -0.0384 0.9359 0.3501
vn 0.4804 -0.4667 0.7426
vn 0.1181 0.6662 0.7363
vn -0.0631 0.7721 0.6324
vn 0.4333 -0.6885 0.5816
vn -0.0095 0.8547 0.5190
vn 0.0902 0.6043 0.7917
vn 0.0208 0.4786 0.8778
vn 0.9821 0.0966 0.1618
vn 0.7845 -0.1892 0.5905
vn 0.4078 -0.3973 -0.8221
vn 0.2488 -0.1783 -0.9520
vn -0.0155 0.2592 0.9657
vn -0.1184 0.3156 0.9415
vn 0.0778 -0.0710 0.9944
vn -0.0340 0.0865 0.9957
vn -0.0594 0.8998 0.4322
vn 0.1359 -0.3062 0.9422
vn 0.3722 0.0361 0.9274
vn 0.0873 0.0117 0.9961
vn 0.1269 -0.3912 0.9115
vn 0.6519 -0.7291 0.2082
vn 0.6956 0.4411 0.5670
vn 0.6810 -0.6557 0.3260
vn 0.5599 0.0694 0.8256
vn 0.4906 -0.3457 0.7999
vn -0.0024 0.4986 -0.8668
vn -0.0110 0.4840 -0.8750
vn 0.0735 0.5027 -0.8613
vn 0.1026 0.3118 -0.9446
vn -0.0839 0.7220 -0.6868
vn -0.1431 -0.1228 0.9820
vn -0.0837 0.0347 0.9959
vn -0.1139 0.2111 0.9708
vn -0.2497 -0.3260 0.9118
vn 0.1964 0.2764 0.9408
vn -0.7835 -0.0986 0.6135
vn -0.5396 0.0081 0.8419
vn -0.3139 0.3943 0.8637
vn -0.1450 0.1638 0.9758
vn -0.4847 -0.1522 0.8613
vn 0.0657 -0.6305 0.7734
vn -0.0755 -0.2014 0.9766
vn 0.0421 -0.2826 0.9583
vn -0.3761 -0.6972 0.6103
vn -0.3181 -0.5138 0.7968
vn -0.0599 -0.6729 0.7373
vn 0.4316 -0.2712 0.8603
vn -0.0523 0.0151 0.9985
vn -0.6531 0.0510 0.7556
vn -0.4867 -0.0107 0.8735
vn 0.5487 0.1010 0.8299
vn 0.1909 -0.0791 0.9784
vn -0.4259 0.5294 0.7337
vn 0.0336 0.5960 0.8023
vn -0.0431 0.2917 0.9556
vn -0.2918 0.5523 0.7809
vn -0.3517 -0.4103 0.8414
vn -0.4972 -0.5129 0.6998
vn -0.4674 -0.6834 0.5608
vn 0.0048 0.0095 0.9999
vn 0.0349 -0.0334 0.9988
vn -0.0363 0.0366 0.9987
vn -0.0606 0.9512 -0.3025
vn -0.2646 -0.1040 0.9587
vn -0.0440 0.1616 0.9859
vn -0.3366 -0.0367 0.9409
vn -0.0981 -0.4222 0.9012
vn -0.0097 -0.3663 0.9305
vn -0.2022 0.6079 -0.7679
vn -0.1582 0.9031 -0.3991
vn -0.1907 0.9812 -0.0308
vn -0.1098 -0.0779 0.9909
vn -0.1652 0.5288 0.8325
vn 0.1362 0.7659 0.6284
vn -0.2784 0.9193 0.2781
vn -0.2487 0.8240 0.5092
vn 0.4704 0.5123 0.7186
vn 0.5233 0.3517 0.7762
vn 0.4321 0.3465 0.8326
vn -0.1953 0.4991 0.8442
vn 0.4399 0.2383 0.8659
vn 0.0394 0.2974 0.9539
vn 0.2218 -0.0430 0.9741
vn 0.0367 -0.0160 0.9992
vn 0.0119 -0.1050 0.9944
vn -0.4938 -0.0389 0.8687
vn -0.3736 0.1735 0.9112
vn 0.5784 -0.1497 0.8019
vn 0.0586 0.1969 0.9787
vn -0.3047 -0.5685 0.7642
vn -0.4894 -0.6809 0.5449
vn -0.2032 -0.7693 0.6057
vn 0.3308 0.0648 0.9415
vn -0.1008 0.1553 0.9827
vn -0.0957 -0.0841 0.9919
vn -0.2566 -0.2989 0.9191
vn -0.2094 -0.1413 0.9676
vn -0.1095 0.0007 0.9940
vn -0.5228 0.1771 0.8338
vn -0.6270 0.0825 0.7746
vn -0.4650 0.0666 0.8828
vn -0.2350 -0.3010 0.9242
vn -0.6838 0.3077 0.6616
vn -0.3788 0.3631 0.8512
vn -0.5991 0.1399 0.7884
vn -0.2492 0.6900 0.6795
vn -0.0837 0.5415 -0.8365
vn -0.0344 0.2685 -0.9627
vn -0.0619 0.3985 -0.9151
vn -0.0927 -0.1799 -0.9793
vn -0.0398 -0.3172 -0.9475
vn 0.4855 -0.2157 -0.8472
vn -0.0601 0.3571 -0.9321
vn -0.0598 0.2355 -0.9700
vn 0.4335 0.1723 -0.8845
vn 0.4090 0.3518 -0.8420
vn -0.0162 0.4697 -0.8827
vn -0.4329 0.0224 0.9012
vn 0.3726 0.3939 -0.8402
vn -0.4311 -0.1803 0.8841
vn -0.0578 -0.0920 -0.9941
vn 0.2784 -0.0830 -0.9569
vn 0.4305 -0.0858 -0.8985
vn -0.0560 0.9813 -0.1843
vn 0.3445 0.4106 -0.8443
vn -0.2617 -0.0388 0.9644
vn 0.1482 -0.0737 0.9862
vn 0.2731 0.3540 -0.8945
vn -0.1065 0.1517 0.9827
vn -0.2125 -0.9201 0.3291
vn -0.1427 -0.9048 0.4011
vn -0.0851 -0.8665 0.4918
vn -0.1614 0.9650 -0.2067
vn -0.2147 0.9655 0.1473
vn -0.3441 -0.1455 0.9276
vn -0.5492 -0.2771 0.7884
vn -0.4443 -0.0378 0.8951
vn -0.3988 0.1503 0.9046
vn -0.1364 0.9270 0.3493
vn 0.3096 0.8489 0.4285
vn 0.3611 0.6242 0.6928
vn -0.2817 0.6870 0.6699
vn -0.2117 0.2556 0.9433
vn 0.1367 0.0195 0.9904
vn 0.2052 -0.0305 0.9782
vn 0.2026 -0.0675 0.9769
vn -0.3280 0.0833 0.9410
vn -0.5950 0.0977 0.7978
vn 0.3382 -0.4264 0.8389
vn 0.0590 -0.0171 0.9981
vn -0.5133 0.2397 0.8241
vn -0.8119 0.3165 0.4905
vn -0.6176 -0.3171 0.7197
vn 0.2499 0.1886 0.9497
vn 0.3453 -0.1839 0.9203
vn 0.3155 -0.4153 0.8532
vn 0.0840 0.0961 0.9918
vn 0.0343 -0.1422 0.9892
vn -0.1361 -0.1189 0.9835
vn -0.0318 -0.0181 0.9993
vn -0.6528 0.2362 0.7198
vn -0.0419 0.3973 0.9167
vn -0.0602 -0.0147 0.9981
vn 0.4004 0.0782 -0.9130
vn 0.5417 -0.0681 -0.8378
vn 0.5249 -0.0197 -0.8509
vn 0.4188 0.3582 -0.8345
vn 0.0004 -0.3764 -0.9265
vn 0.4518 -0.3154 -0.8345
vn 0.3843 -0.3860 -0.8386
vn 0.4953 -0.1463 -0.8563
vn 0.3650 -0.1168 -0.9237
vn 0.3805 -0.1098 -0.9182
vn -0.4166 0.1936 0.8882
vn 0.5834 -0.0855 -0.8077
vn -0.2172 0.9070 -0.3609
vn -0.4211 0.1959 0.8856
vn 0.1400 -0.0320 0.9896
vn 0.2673 -0.0444 0.9626
vn -0.1987 -0.5674 0.7991
vn -0.1953 0.6365 -0.7462
vn -0.2519 0.7282 -0.6374
vn -0.2712 0.8312 -0.4853
vn 0.2259 0.5298 0.8175
vn 0.2337 0.3980 0.8871
vn 0.2187 0.2997 0.9286
vn -0.3708 0.4245 0.8260
vn -0.2818 0.0040 0.9595
vn -0.2913 -0.0415 0.9557
vn 0.0648 -0.3887 0.9191
vn -0.5095 0.1216 0.8518
vn -0.7772 0.1027 0.6208
vn 0.0263 -0.0935 0.9953
vn 0.0308 -0.0253 0.9992
vn -0.0611 0.9800 0.1895
vn -0.1150 -0.0171 0.9932
vn 0.4209 -0.1356 -0.8969
vn -0.2542 -0.3443 0.9038
vn -0.3741 0.0497 0.9261
vn -0.1139 0.0250 0.9932
vn -0.3074 -0.4704 0.8272
vn -0.3887 0.8380 -0.3829
vn -0.6650 0.1008 0.7400
vn -0.4438 0.2797 0.8514
vn 0.1572 0.9501 0.2695
vn 0.2392 0.9012 0.3613
vn -0.3456 0.8581 0.3798
vn -0.4756 0.7216 0.5031
vn 0.1381 0.6071 0.7825
vn 0.8227 0.1264 0.5542
vn -0.2932 0.8040 0.5173
vn -0.5535 0.0007 0.8328
vn -0.7436 -0.0692 0.6650
vn -0.7070 -0.0610 0.7045
vn -0.7622 -0.2568 0.5943
vn -0.7079 -0.1493 0.6904
vn 0.0742 0.0034 0.9972
vn -0.1420 0.9549 0.2608
vn -0.0819 0.9485 0.3061
vn -0.0364 0.0025 0.9993
vn -0.0059 0.9803 0.1974
vn -0.0066 0.9816 0.1910
vn 0.3591 0.3923 -0.8469
vn -0.3884 -0.1676 0.9061
vn -0.3534 0.0036 0.9355
vn -0.3826 0.1531 0.9112
vn 0.6911 -0.0901 -0.7172
vn 0.7066 -0.1072 -0.6994
vn 0.5709 -0.2651 -0.7771
vn -0.2589 -0.0353 0.9653
vn -0.5694 -0.0122 0.8219
vn -0.6641 -0.0888 0.7423
vn -0.4224 0.5700 -0.7048
vn -0.4073 0.5851 -0.7012
vn -0.4800 0.8515 -0.2111
vn -0.4649 0.8682 0.1737
vn -0.4465 0.8547 0.2647
vn -0.6963 0.2973 0.6533
vn -0.8118 -0.3154 0.4915
vn -0.7769 -0.0944 0.6226
vn 0.1608 0.7880 0.5943
vn -0.5457 0.5172 0.6594
vn 0.0094 0.4708 0.8822
vn 0.0208 0.3561 0.9342
vn -0.5264 0.1428 0.8381
vn -0.5014 -0.0416 0.8642
vn -0.3438 -0.0784 0.9358
vn -0.2595 -0.1711 0.9505
vn 0.1041 -0.0455 0.9935
vn 0.0883 -0.0678 0.9938
vn -0.1249 0.0727 0.9895
vn -0.2432 0.0372 0.9693
vn -0.0560 0.0570 0.9968
vn 0.1121 -0.4810 0.8695
vn 0.0815 -0.0899 0.9926
vn -0.1148 0.9724 0.2031
vn -0.0067 0.5967 0.8025
vn -0.1154 -0.0283 0.9929
vn 0.3822 0.0358 -0.9234
vn 0.3560 0.2917 -0.8878
vn 0.4824 0.1408 -0.8645
vn -0.1644 0.9633 -0.2123
vn 0.5796 -0.0708 -0.8118
vn 0.6057 -0.0169 -0.7955
vn 0.6576 -0.0017 -0.7534
vn -0.2347 -0.2938 0.9266
vn -0.4574 0.1664 0.8736
vn -0.5181 0.0390 0.8544
vn 0.0377 0.5333 -0.8451
vn -0.0804 0.4975 -0.8637
vn 0.0511 0.4233 -0.9045
vn -0.3228 0.9402 -0.1089
vn -0.1191 -0.5862 0.8014
vn -0.2781 0.9605 -0.0090
vn 0.0686 -0.5174 0.8530
vn 0.1661 -0.3207 0.9325
vn -0.5103 0.6094 -0.6068
vn -0.5071 0.8618 0.0115
vn -0.2735 0.7719 0.5739
vn -0.0424 0.9385 0.3427
vn -0.7541 0.5505 0.3581
vn -0.8619 0.4421 0.2484
vn -0.6418 0.7204 0.2629
vn -0.4533 0.8414 0.2943
vn 0.0583 0.9753 0.2132
vn 0.0949 0.8970 0.4318
vn -0.0263 0.6734 0.7388
vn -0.0372 0.6135 0.7888
vn -0.5367 0.3211 0.7803
vn -0.5634 0.0401 0.8252
vn -0.7524 -0.0587 0.6561
vn -0.7620 -0.1484 0.6304
vn -0.1594 0.0708 0.9847
vn 0.0433 -0.0107 0.9990
vn -0.3111 0.9295 0.1978
vn 0.0178 -0.4277 0.9038
vn -0.1372 0.0438 0.9896
vn -0.1509 -0.1108 0.9823
vn -0.3009 0.0338 0.9531
vn 0.0243 0.2441 0.9694
vn 0.0416 0.1463 0.9884
vn -0.3102 0.9442 0.1105
vn -0.2110 0.1806 -0.9606
vn -0.1960 0.8989 -0.3919
vn 0.2588 0.3322 -0.9070
vn -0.1123 -0.1854 0.9762
vn -0.1489 0.0939 0.9844
vn -0.0858 -0.4608 0.8833
vn -0.6807 -0.0101 0.7325
vn -0.6636 -0.0630 0.7454
vn 0.0312 -0.6489 0.7602
vn 0.0045 -0.6746 0.7381
vn -0.5136 0.8496 -0.1199
vn -0.6309 0.6178 0.4693
vn -0.6038 0.5681 0.5592
vn -0.8417 -0.1189 0.5267
vn -0.8581 -0.2863 0.4262
vn -0.5459 0.1313 0.8275
vn -0.4969 0.7642 0.4112
vn -0.2629 -0.0230 0.9645
vn -0.3047 -0.0561 0.9508
vn -0.2391 -0.1023 0.9656
vn -0.1050 0.8657 0.4895
vn -0.1329 -0.0291 0.9907
vn 0.5736 -0.1677 -0.8018
vn -0.2854 0.1148 0.9515
vn -0.5062 -0.0403 0.8615
vn -0.5481 0.7260 -0.4153
vn -0.5124 0.7617 -0.3965
vn -0.6163 0.7653 0.1859
vn -0.8001 0.1592 0.5784
vn -0.6937 0.3456 0.6319
vn -0.6556 0.6302 0.4159
vn -0.6955 0.4294 0.5760
vn -0.6572 0.5893 0.4699
vn -0.7581 0.5643 0.3270
vn -0.8254 0.5222 0.2148
vn -0.0815 0.9727 0.2171
vn -0.8278 0.5231 0.2027
vn -0.7339 0.2503 0.6314
vn -0.8287 0.1938 0.5250
vn -0.8407 0.0172 0.5413
vn -0.3734 -0.0977 0.9225
vn 0.0177 -0.0748 0.9970
vn -0.3174 0.1166 0.9411
vn -0.3918 0.7699 -0.5038
vn 0.6691 -0.2321 -0.7060
vn 0.0143 -0.3818 0.9241
vn -0.3584 -0.0266 0.9332
vn -0.6233 0.7404 -0.2514
vn -0.6471 0.7615 -0.0382
vn -0.7683 0.3423 0.5409
vn -0.9410 -0.0574 0.3336
vn -0.1475 0.4516 0.8800
vn 0.2628 -0.7517 0.6049
vn -0.5559 0.7911 0.2551
vn -0.5483 0.8325 0.0795
vn -0.1003 0.3202 0.9420
vn -0.1766 0.0428 0.9833
vn -0.4562 -0.0200 0.8897
vn -0.1118 0.0729 0.9911
vn -0.1068 -0.2560 0.9608
vn -0.0932 0.2526 0.9631
vn -0.0393 0.6382 -0.7688
vn -0.4122 0.6439 -0.6446
vn -0.4372 0.8595 -0.2648
vn -0.4669 0.8705 -0.1558
vn 0.5234 0.0391 -0.8512
vn 0.4618 0.0784 -0.8835
vn -0.4909 -0.1385 0.8601
vn -0.6143 -0.1832 0.7675
vn 0.0917 -0.1638 0.9822
vn 0.1209 0.0706 0.9901
vn -0.0500 0.0500 0.9975
vn -0.2178 -0.1467 0.9649
vn -0.4066 -0.2014 0.8911
vn 0.1938 -0.6595 0.7263
vn -0.4116 0.2554 -0.8749
vn -0.6290 0.4445 -0.6378
vn -0.7059 0.2657 -0.6565
vn 0.3458 -0.3969 0.8502
vn 0.1799 -0.6100 0.7717
vn -0.5068 0.7272 -0.4630
vn -0.4292 0.7343 -0.5259
vn -0.7586 0.2286 0.6102
vn -0.5719 0.3975 0.7176
vn -0.3013 0.6904 0.6577
vn -0.2641 0.8229 0.5031
vn -0.4182 0.6675 0.6161
vn -0.8243 0.2846 0.4894
vn -0.0689 0.9120 0.4042
vn -0.1726 0.5788 0.7970
vn -0.4378 0.8006 0.4091
vn -0.3659 0.7829 0.5032
vn -0.6230 0.5301 0.5752
vn -0.2099 0.3702 0.9049
vn -0.1998 -0.5136 0.8344
vn -0.2973 -0.0938 0.9502
vn -0.4298 0.0179 0.9027
vn -0.2376 0.0800 0.9681
vn -0.0431 -0.0415 0.9982
vn 0.0407 -0.1336 0.9902
vn -0.1727 -0.5736 0.8007
vn -0.4064 0.8966 0.1759
vn -0.4188 0.8636 0.2809
vn -0.1205 0.7185 0.6851
vn -0.1123 0.6234 0.7738
vn -0.3430 0.1795 0.9220
vn -0.2209 0.0363 0.9746
vn -0.2551 0.0140 0.9668
vn -0.2299 -0.0211 0.9730
vn -0.1968 -0.0189 0.9803
vn 0.2505 -0.3571 0.8999
vn 0.2713 -0.0202 0.9623
vn -0.5425 0.8373 -0.0681
vn 0.2375 -0.5272 0.8158
vn -0.6645 0.7443 -0.0666
vn 0.2841 -0.6704 0.6854
vn 0.3446 -0.6668 0.6608
vn -0.5560 0.4137 -0.7209
vn -0.6133 0.5262 -0.5890
vn -0.5218 0.7229 -0.4530
vn -0.6879 0.2871 0.6666
vn -0.5879 0.3712 0.7188
vn -0.5314 0.4119 0.7402
vn -0.0282 0.9778 0.2075
vn -0.1830 0.6516 0.7361
vn -0.6767 0.6003 0.4263
vn 0.0715 0.2881 -0.9549
vn 0.1188 0.5462 -0.8292
vn 0.3091 0.0619 -0.9490
vn 0.1564 -0.2705 -0.9499
vn -0.4531 0.7659 0.4561
vn -0.7077 0.7016 0.0832
vn -0.5160 -0.0522 0.8550
vn -0.5454 -0.0876 0.8336
vn -0.5677 0.0738 0.8199
vn -0.1764 -0.0076 0.9843
vn -0.1826 0.2513 0.9505
vn -0.5407 0.8383 0.0707
vn -0.2558 0.8405 0.4776
vn -0.1104 0.6253 0.7725
vn -0.2540 0.3052 0.9178
vn -0.2543 -0.0265 0.9668
vn -0.6214 0.7649 -0.1695
vn 0.3167 -0.0406 -0.9477
vn -0.3469 -0.3233 0.8804
vn -0.3565 -0.2805 0.8912
vn -0.6246 -0.3069 0.7181
vn -0.0185 -0.2912 0.9565
vn -0.0602 -0.2989 0.9524
vn 0.0836 -0.2250 0.9708
vn 0.2505 0.0333 0.9675
vn 0.1981 -0.1012 0.9750
vn -0.8135 0.2505 0.5248
vn -0.8793 0.3179 0.3547
vn -0.6601 0.4739 0.5828
vn -0.4401 0.4696 0.7653
vn -0.0662 0.7204 -0.6904
vn 0.2258 0.9526 -0.2040
vn 0.2667 0.9630 -0.0378
vn -0.9578 0.0277 0.2860
vn -0.7298 0.2044 0.6524
vn -0.7047 0.2226 0.6736
vn -0.5926 0.0596 0.8033
vn -0.5138 0.0118 0.8579
vn -0.0367 0.9913 0.1268
vn -0.0811 0.1061 -0.9910
vn -0.5333 -0.0143 0.8458
vn -0.3478 0.0935 0.9329
vn -0.6895 -0.0238 0.7239
vn -0.1034 -0.0116 0.9946
vn -0.2690 0.0080 0.9631
vn -0.5900 0.6031 -0.5369
vn -0.6026 0.7256 -0.3322
vn -0.4662 -0.0804 0.8810
vn -0.1053 -0.2022 0.9737
vn -0.8654 0.4920 -0.0948
vn -0.9181 0.3961 -0.0165
vn -0.7791 0.6262 -0.0303
vn 0.2974 -0.1497 0.9429
vn 0.4073 0.0731 0.9104
vn -0.4010 0.4535 -0.7959
vn -0.0541 0.4298 -0.9013
vn -0.7139 0.5582 0.4228
vn -0.1192 0.8241 -0.5537
vn -0.2035 0.9418 -0.2677
vn -0.4973 0.8417 -0.2102
vn 0.0157 0.6888 -0.7248
vn -0.7882 0.3687 -0.4928
vn -0.8576 0.4536 -0.2425
vn 0.1492 0.9881 -0.0368
vn -0.6365 0.0719 0.7679
vn -0.4952 0.2902 0.8189
vn -0.8588 0.3119 0.4063
vn -0.3803 0.7360 0.5600
vn -0.5638 0.3991 0.7231
vn -0.3742 0.4521 0.8097
vn -0.1747 0.9242 0.3397
vn 0.0120 0.9844 0.1758
vn -0.7450 0.6433 0.1765
vn -0.3473 0.9165 0.1986
vn -0.1577 0.9335 0.3219
vn -0.4485 -0.5653 0.6923
vn -0.6678 -0.0070 0.7443
vn -0.2559 0.1199 0.9592
vn -0.2634 0.0811 0.9613
vn 0.1843 0.0121 0.9828
vn -0.2904 0.1674 0.9422
vn -0.3655 -0.2646 0.8924
vn -0.6614 0.7401 0.1220
vn -0.4075 0.8964 0.1741
vn -0.9537 0.2999 0.0216
vn -0.6379 0.7559 0.1474
vn -0.4403 0.0470 0.8966
vn -0.2912 0.0017 0.9567
vn -0.2411 0.3521 0.9044
vn -0.2913 -0.0282 0.9562
vn -0.9935 0.0024 0.1137
vn -0.9950 0.0149 0.0984
vn -0.8315 -0.1202 0.5424
vn -0.9911 0.1198 0.0581
vn 0.0402 -0.1859 0.9817
vn -0.1178 0.2215 -0.9680
vn -0.2777 0.1942 -0.9408
vn -0.1094 0.0951 -0.9894
vn 0.4663 0.0214 0.8844
vn 0.2948 -0.2822 0.9129
vn 0.3971 -0.2856 0.8722
vn 0.4772 0.0918 0.8740
vn 0.4070 -0.0531 0.9119
vn 0.3901 -0.1928 0.9004
vn 0.3944 -0.4285 0.8129
vn 0.4317 -0.5982 0.6751
vn -0.1419 0.9784 -0.1501
vn -0.1521 0.8576 -0.4914
vn -0.2852 0.9290 -0.2360
vn 0.5907 -0.3090 0.7454
vn 0.6264 -0.4515 0.6354
vn 0.5513 -0.4209 0.7203
vn 0.3960 -0.7417 0.5413
vn -0.5842 0.5445 0.6018
vn -0.5048 0.4904 0.7104
vn 0.0124 0.5829 -0.8124
vn 0.1028 0.3946 -0.9131
vn -0.4768 0.0575 -0.8771
vn -0.1133 -0.3189 -0.9410
vn -0.0624 -0.1403 -0.9881
vn 0.0134 0.8594 -0.5112
vn -0.6534 -0.1484 0.7423
vn -0.7467 -0.0713 0.6614
vn -0.2491 -0.3032 0.9198
vn -0.4687 -0.2749 0.8395
vn -0.6493 -0.1064 0.7530
vn -0.7878 -0.5026 0.3562
vn -0.6828 -0.4757 0.5545
vn -0.3834 0.9236 0.0084
vn -0.7723 0.6349 -0.0239
vn -0.0323 0.8532 0.5207
vn -0.0184 0.7504 0.6608
vn -0.5929 -0.2625 0.7613
vn -0.6589 -0.0379 0.7512
vn -0.7504 0.0053 0.6610
vn -0.5424 0.0729 0.8369
vn -0.4505 0.0850 0.8887
vn -0.1446 0.1283 0.9811
vn -0.0923 0.0506 0.9944
vn -0.3041 0.1985 0.9317
vn -0.1947 0.0216 0.9806
vn -0.4796 0.7748 0.4118
vn -0.1975 0.9524 0.2320
vn -0.7646 0.5578 0.3229
vn -0.6878 0.7169 0.1142
vn -0.8746 0.3597 0.3252
vn -0.6710 0.1005 0.7346
vn -0.9935 0.0042 -0.1135
vn -0.6308 0.0087 0.7759
vn -0.9774 -0.0017 0.2115
vn -0.9403 0.1997 0.2757
vn -0.9757 0.0186 -0.2185
vn -0.9874 0.0156 -0.1577
vn -0.9982 0.0490 -0.0332
vn -0.5720 0.2330 0.7865
vn -0.7926 -0.2323 0.5637
vn -0.9288 -0.0153 0.3702
vn -0.7242 -0.3998 0.5618
vn -0.1695 0.9734 -0.1540
vn -0.1297 0.9903 0.0502
vn -0.2639 0.9494 -0.1702
vn -0.2678 0.9394 -0.2141
vn -0.3213 0.6727 -0.6665
vn -0.4094 0.3869 -0.8263
vn -0.4177 0.1834 -0.8899
vn -0.3292 0.9206 -0.2100
vn -0.0711 0.9738 -0.2160
vn -0.0446 0.9779 -0.2042
vn 0.2128 -0.2234 0.9512
vn 0.2333 -0.3046 0.9235
vn 0.3626 -0.3371 0.8689
vn 0.6469 -0.0599 0.7602
vn 0.6973 -0.0144 0.7167
vn 0.7157 0.0615 0.6957
vn 0.7427 0.0357 0.6687
vn 0.7269 -0.0611 0.6840
vn 0.6511 -0.0738 0.7554
vn -0.0618 0.9812 -0.1831
vn -0.1247 0.9777 -0.1689
vn 0.4841 -0.6009 0.6361
vn 0.4892 -0.6075 0.6257
vn 0.4501 -0.6339 0.6290
vn -0.2686 0.8463 -0.4600
vn -0.1459 0.1873 -0.9714
vn -0.0743 0.0296 -0.9968
vn -0.2180 0.0874 -0.9720
vn -0.3588 0.3245 -0.8752
vn -0.7380 0.6340 0.2309
vn -0.6528 0.5997 0.4629
vn 0.7264 -0.2593 0.6364
vn -0.3569 0.6273 0.6921
vn -0.2982 0.7533 0.5861
vn 0.0035 0.9992 0.0393
vn -0.1654 0.9833 0.0758
vn -0.0158 0.9230 0.3844
vn -0.0935 0.9757 0.1983
vn -0.3581 0.4381 0.8245
vn -0.1593 0.1368 0.9777
vn -0.0463 0.2290 0.9723
vn -0.3966 0.2816 0.8738
vn -0.1743 0.0369 0.9840
vn 0.0269 0.0845 0.9961
vn 0.3524 -0.3705 0.8594
vn -0.5104 -0.5404 0.6689
vn -0.0758 0.9796 0.1860
vn -0.1128 0.9467 0.3018
vn -0.6193 0.7643 0.1796
vn -0.7634 0.5901 0.2627
vn -0.5232 0.0017 0.8522
vn -0.4112 0.8189 0.4003
vn -0.2476 0.9688 -0.0068
vn -0.4190 0.9042 0.0835
vn -0.1402 0.9784 -0.1518
vn -0.1617 0.9759 0.1463
vn -0.1385 0.9295 0.3419
vn -0.1421 0.9706 0.1942
vn -0.3394 -0.0340 0.9400
vn -0.1551 0.9171 -0.3672
vn -0.1224 0.9690 -0.2144
vn -0.0415 0.9991 -0.0052
vn -0.2921 0.8723 -0.3922
vn -0.1869 0.9133 -0.3619
vn 0.1421 -0.2525 0.9571
vn 0.0892 -0.3358 0.9377
vn 0.5387 -0.3294 0.7755
vn -0.3104 0.4103 -0.8575
vn -0.4946 0.4120 -0.7652
vn -0.3599 0.3969 -0.8443
vn 0.6814 -0.1394 0.7185
vn 0.7731 0.0970 0.6269
vn 0.7385 -0.1465 0.6581
vn -0.1807 0.9821 -0.0537
vn -0.3208 0.5510 0.7703
vn 0.4598 -0.2079 -0.8634
vn 0.4005 -0.2038 -0.8934
vn 0.3490 -0.2020 -0.9151
vn -0.6253 -0.1951 0.7556
vn -0.7356 -0.0478 0.6758
vn -0.7195 0.0944 0.6881
vn -0.4544 0.3418 0.8226
vn -0.3444 0.2255 0.9113
vn 0.0117 0.0551 0.9984
vn -0.1786 0.0855 0.9802
vn -0.2237 0.8931 0.3903
vn -0.0695 0.0538 0.9961
vn -0.4663 0.2097 0.8594
vn -0.4815 0.0603 0.8744
vn -0.5050 -0.1856 0.8429
vn -0.1424 0.9755 0.1675
vn -0.3684 0.7547 0.5429
vn -0.5255 0.1742 0.8328
vn -0.4159 0.5279 0.7405
vn -0.3741 0.7514 0.5435
vn -0.3737 0.6373 0.6739
vn -0.3941 0.5105 0.7642
vn 0.8398 -0.1446 0.5233
vn 0.8860 -0.2169 0.4098
vn 0.7702 -0.2476 0.5877
vn 0.8207 0.0362 0.5703
vn 0.8690 -0.0298 0.4938
vn 0.6771 -0.4961 0.5436
vn 0.7358 -0.2563 0.6268
vn 0.6420 -0.4765 0.6007
vn -0.1186 0.9430 -0.3108
vn -0.5023 0.5729 -0.6477
vn -0.5806 0.5169 -0.6290
vn -0.5515 0.4776 -0.6839
vn -0.6869 0.4294 -0.5863
vn 0.6486 -0.5420 0.5345
vn 0.7596 -0.4619 0.4579
vn 0.6267 -0.5661 0.5355
vn -0.0674 0.7752 -0.6281
vn -0.0545 0.8965 -0.4396
vn 0.8193 -0.3363 0.4644
vn -0.4903 0.6478 0.5830
vn -0.4480 0.6687 0.5934
vn -0.1436 0.9607 -0.2377
vn 0.1421 0.9897 0.0200
vn -0.0562 0.8754 0.4802
vn -0.5575 -0.4903 0.6699
vn -0.5486 0.1482 0.8228
vn 0.0071 0.7506 0.6607
vn -0.1609 0.9701 0.1819
vn 0.3011 0.1210 0.9459
vn 0.4303 0.0565 0.9009
vn -0.1197 0.9923 0.0311
vn -0.1000 0.9774 0.1862
vn -0.3967 -0.0259 0.9176
vn -0.2711 0.8995 -0.3427
vn 0.7536 -0.3413 0.5618
vn 0.5538 -0.6828 0.4766
vn 0.6108 -0.3908 0.6886
vn 0.6839 -0.2534 0.6841
vn 0.8263 -0.2438 0.5078
vn 0.7427 -0.2943 0.6014
vn 0.8103 0.0254 0.5855
vn -0.7060 0.6858 -0.1766
vn -0.6882 0.7242 0.0442
vn -0.7171 0.6937 0.0669
vn 0.7533 -0.4889 0.4399
vn -0.0579 0.6264 -0.7773
vn -0.6081 0.6817 0.4068
vn -0.7463 -0.1748 0.6423
vn -0.8026 0.0190 0.5962
vn -0.8177 0.1041 0.5661
vn -0.5254 -0.3916 0.7554
vn -0.6921 0.2169 0.6885
vn -0.4916 0.2001 0.8475
vn -0.2400 0.1490 0.9593
vn 0.0200 0.2608 0.9652
vn 0.0370 -0.0173 0.9992
vn -0.6560 -0.3664 0.6599
vn 0.1538 0.1799 0.9716
vn -0.6218 -0.1662 0.7653
vn -0.2299 0.9094 0.3466
vn -0.5349 0.4367 0.7233
vn -0.5517 0.2569 0.7935
vn -0.5751 -0.0026 0.8181
vn -0.5662 0.0217 0.8240
vn -0.4314 -0.0357 0.9014
vn -0.1389 0.9864 -0.0879
vn -0.4405 0.7690 -0.4633
vn -0.3905 0.6880 -0.6117
vn -0.3344 0.8158 -0.4719
vn 0.9071 -0.2948 0.3003
vn 0.9679 -0.1524 0.2001
vn 0.9870 -0.0821 0.1385
vn 0.9556 -0.0297 0.2931
vn 0.8345 -0.1489 0.5305
vn 0.9893 0.0021 0.1458
vn 0.8577 -0.2600 0.4436
vn 0.8798 0.1012 0.4645
vn 0.8681 0.0191 0.4961
vn 0.8107 -0.3877 0.4388
vn -0.7293 0.4679 -0.4992
vn -0.6713 0.6933 0.2620
vn -0.4663 0.7617 0.4498
vn 0.8895 -0.2191 0.4010
vn 0.1374 0.9905 -0.0050
vn -0.1805 0.9828 0.0396
vn 0.0990 0.9405 0.3251
vn -0.1753 0.7018 0.6905
vn -0.1104 0.5982 0.7937
vn -0.5931 -0.3071 0.7443
vn -0.4066 0.3316 0.8513
vn -0.6056 0.2616 0.7515
vn 0.0197 0.4996 0.8661
vn -0.1281 0.0612 0.9899
vn -0.6154 0.1332 0.7768
vn -0.1162 0.9152 0.3860
vn 0.2842 0.0693 0.9563
vn -0.6004 0.1006 0.7933
vn -0.4859 0.5486 0.6804
vn -0.3047 0.8697 0.3883
vn 0.1345 0.9704 -0.2004
vn -0.2533 0.8427 0.4750
vn -0.4595 -0.0527 0.8866
vn 0.9127 -0.3540 0.2042
vn 0.9871 -0.1591 0.0164
vn 0.9739 -0.2213 -0.0511
vn 0.9858 -0.1629 0.0411
vn -0.1827 0.9711 -0.1538
vn 0.9412 -0.3340 0.0513
vn 0.9612 0.0262 0.2746
vn 0.9180 0.0587 0.3921
vn 0.9368 0.0828 0.3400
vn 0.9728 -0.0472 0.2270
vn 0.9249 -0.3208 0.2042
vn 0.8754 -0.3145 0.3671
vn 0.9469 0.0454 0.3183
vn -0.5653 0.7796 0.2697
vn -0.8557 0.3222 -0.4050
vn -0.8492 0.2365 -0.4721
vn -0.7154 0.2113 -0.6660
vn 0.8799 -0.3417 0.3302
vn 0.8828 -0.3979 0.2495
vn 0.9149 -0.2597 0.3091
vn -0.1734 0.9845 -0.0274
vn 0.9734 -0.1869 0.1324
vn 0.9644 -0.2336 -0.1239
vn 0.8767 -0.2786 -0.3922
vn 0.9106 -0.2572 -0.3236
vn 0.9091 -0.2490 -0.3340
vn -0.6580 0.1718 0.7332
vn -0.5933 0.2158 0.7756
vn -0.2405 0.1373 0.9609
vn -0.0645 0.1228 0.9903
vn -0.6875 -0.0652 0.7233
vn 0.1242 0.2030 0.9713
vn -0.5300 0.5303 0.6617
vn 0.1145 0.9844 -0.1336
vn 0.0454 0.9984 0.0334
vn -0.3860 0.4964 -0.7776
vn -0.4735 0.4850 -0.7352
vn -0.4519 0.4768 -0.7539
vn 0.1522 -0.9770 -0.1496
vn 0.1865 -0.9723 -0.1411
vn 0.1821 -0.9726 -0.1441
vn 0.9192 -0.0836 0.3848
vn 0.9105 0.0732 0.4069
vn 0.9182 -0.1872 0.3491
vn 0.9105 0.1058 0.3997
vn 0.9429 0.0809 0.3231
vn 0.9406 -0.1678 0.2953
vn 0.9472 -0.0696 0.3131
vn -0.1248 0.7623 -0.6351
vn 0.8785 0.1032 0.4664
vn 0.9186 0.0710 0.3888
vn -0.1042 0.9914 0.0791
vn 0.9551 -0.2875 0.0723
vn 0.2881 0.9534 -0.0898
vn 0.9505 -0.2866 -0.1204
vn -0.0322 0.7198 0.6934
vn -0.6702 -0.4420 0.5962
vn 0.5892 -0.2440 -0.7702
vn 0.5315 -0.3209 -0.7839
vn 0.6932 -0.3625 -0.6229
vn 0.7017 -0.2850 -0.6530
vn -0.0882 0.3157 0.9447
vn -0.2013 0.1014 0.9743
vn -0.8411 0.2675 0.4702
vn -0.8159 0.2317 0.5298
vn -0.7163 0.2176 0.6630
vn -0.4123 0.2048 0.8877
vn -0.0437 0.3498 0.9358
vn -0.7440 0.1176 0.6577
vn -0.1159 0.6731 0.7304
vn -0.0276 0.2357 0.9714
vn -0.3288 0.8868 0.3246
vn -0.6497 0.0887 0.7550
vn -0.5861 0.2882 0.7572
vn -0.5228 -0.0290 0.8519
vn -0.5115 -0.0186 0.8591
vn -0.1018 0.9762 -0.1913
vn 0.1559 0.9705 0.1840
vn 0.0191 0.9966 0.0798
vn 0.9419 -0.0718 0.3281
vn 0.9210 0.0621 0.3845
vn 0.8878 0.0768 0.4538
vn -0.1597 -0.9871 0.0077
vn 0.5986 -0.7711 0.2169
vn 0.5160 -0.8364 0.1846
vn 0.3290 -0.9265 0.1825
vn 0.9418 0.0529 0.3320
vn 0.9314 -0.1501 0.3317
vn 0.9059 -0.3822 0.1825
vn 0.9546 -0.2972 -0.0188
vn 0.1225 0.9812 0.1493
vn 0.8891 -0.3648 -0.2763
vn 0.8639 -0.3441 -0.3679
vn -0.7247 -0.3881 0.5694
vn -0.4230 0.0636 0.9039
vn -0.5022 -0.4166 0.7578
vn -0.6424 -0.3828 0.6640
vn -0.5857 -0.5054 0.6336
vn -0.7513 0.2355 0.6165
vn -0.5639 0.2728 0.7795
vn 0.5498 -0.1515 -0.8214
vn 0.3483 -0.1192 -0.9298
vn 0.4957 -0.0687 -0.8658
vn -0.6598 -0.3182 0.6807
vn 0.5907 -0.0447 -0.8056
vn 0.3021 -0.1877 -0.9346
vn 0.5839 -0.2474 -0.7732
vn -0.4271 0.0401 0.9033
vn -0.4585 0.0370 0.8879
vn -0.3419 0.2138 0.9151
vn -0.3156 0.2488 0.9157
vn -0.0883 -0.0435 0.9951
vn -0.6798 0.1849 0.7097
vn -0.6348 0.0213 0.7724
vn -0.2176 0.9366 0.2746
vn -0.4960 0.5131 -0.7005
vn 0.9561 -0.1050 0.2736
vn 0.9379 -0.0031 0.3469
vn -0.9025 0.2712 -0.3348
vn -0.9173 0.2549 -0.3058
vn -0.8398 0.3490 -0.4159
vn 0.9485 -0.1912 0.2524
vn 0.9147 0.1000 0.3916
vn 0.2462 -0.9615 0.1222
vn 0.9451 -0.2963 0.1378
vn 0.9355 0.1509 0.3195
vn 0.9653 0.0210 0.2603
vn 0.9594 -0.1089 0.2601
vn 0.9103 -0.3577 -0.2084
vn 0.0369 0.8592 0.5102
vn 0.8936 -0.3007 -0.3332
vn -0.1517 0.5277 0.8358
vn 0.5963 -0.3088 -0.7410
vn 0.7132 -0.1955 -0.6731
vn 0.7538 -0.0943 -0.6504
vn -0.7249 0.2149 0.6545
vn 0.6444 -0.0820 -0.7603
vn 0.4154 -0.0107 -0.9096
vn 0.7251 -0.0406 -0.6874
vn 0.7302 -0.1955 -0.6547
vn 0.3505 -0.2418 -0.9048
vn 0.5681 -0.2316 -0.7897
vn -0.5970 0.1037 0.7955
vn 0.4551 -0.3910 -0.8000
vn -0.6400 0.1433 0.7549
vn 0.0967 -0.6537 -0.7505
vn 0.6428 -0.3144 -0.6985
vn -0.2995 0.2397 0.9235
vn -0.4392 0.0732 0.8954
vn -0.2075 0.9671 0.1475
vn -0.5857 0.4678 0.6619
vn -0.0962 0.9872 -0.1270
vn 0.0270 0.9984 0.0487
vn -0.5979 0.2398 -0.7648
vn -0.5784 0.4154 -0.7021
vn -0.6654 0.2168 -0.7143
vn -0.9109 0.1185 -0.3951
vn -0.9662 0.1315 -0.2217
vn -0.9069 0.2399 -0.3464
vn 0.9611 -0.0714 0.2667
vn 0.9227 0.0131 0.3852
vn 0.8841 0.1014 0.4561
vn 0.9801 -0.1284 0.1517
vn 0.9846 -0.1687 0.0458
vn 0.9404 0.1620 0.2991
vn 0.9787 0.0977 0.1805
vn 0.9458 -0.1025 0.3081
vn 0.9366 -0.1976 0.2895
vn -0.9637 0.2653 0.0292
vn -0.9723 0.2166 -0.0883
vn -0.9625 0.2415 0.1231
vn 0.9575 -0.1934 -0.2138
vn 0.9106 -0.1721 0.3759
vn -0.7047 -0.4440 0.5534
vn 0.0073 0.7079 0.7063
vn -0.0967 0.3017 0.9485
vn 0.0656 -0.0740 0.9951
vn -0.1120 -0.1452 0.9830
vn -0.7388 0.1594 0.6547
vn 0.9262 -0.1347 -0.3522
vn 0.9325 -0.0774 -0.3527
vn 0.8771 -0.0556 -0.4771
vn 0.9451 -0.0016 -0.3267
vn 0.9722 0.0060 -0.2341
vn 0.9340 -0.0226 -0.3566
vn 0.9332 0.0117 -0.3591
vn -0.8620 0.2322 0.4506
vn -0.8097 0.2592 0.5265
vn 0.8818 -0.0576 -0.4681
vn 0.8984 -0.0090 -0.4390
vn 0.9446 0.0486 -0.3247
vn 0.9411 -0.0530 -0.3339
vn 0.9470 -0.1246 -0.2962
vn 0.8783 -0.0083 -0.4781
vn 0.8775 -0.1457 -0.4569
vn 0.9170 -0.1770 -0.3574
vn 0.8213 -0.2179 -0.5273
vn -0.7263 -0.0072 0.6874
vn -0.7380 0.1025 0.6669
vn 0.7286 -0.2078 -0.6527
vn -0.5147 0.6939 0.5036
vn -0.5535 0.5615 0.6152
vn -0.6168 -0.0204 0.7868
vn -0.1745 0.9570 0.2316
vn -0.6156 0.4263 -0.6628
vn -0.4314 0.8083 -0.4006
vn -0.3807 0.8755 -0.2977
vn -0.7270 0.6721 -0.1405
vn -0.3372 0.8237 -0.4558
vn -0.4045 0.8820 -0.2420
vn -0.2207 0.9637 -0.1505
vn 0.1655 0.9854 -0.0412
vn 0.9692 -0.1067 0.2221
vn 0.9536 0.0132 0.3009
vn 0.9756 0.0574 0.2119
vn 0.9776 0.0683 0.1990
vn 0.9768 -0.2119 -0.0309
vn 0.9882 0.0872 0.1261
vn 0.9802 -0.1708 -0.1002
vn 0.9933 0.0716 -0.0904
vn 0.9652 -0.0688 -0.2523
vn 0.9976 0.0269 0.0636
vn 0.9273 -0.2846 0.2432
vn 0.9713 -0.0298 -0.2359
vn 0.9776 0.0075 -0.2102
vn 0.9643 -0.0055 -0.2647
vn 0.9812 -0.0323 -0.1904
vn 0.9778 -0.1690 0.1236
vn -0.0664 0.1109 0.9916
vn 0.9903 -0.1228 -0.0653
vn -0.8535 0.1735 0.4914
vn 0.9295 -0.3042 -0.2084
vn -0.2330 0.9675 0.0981
vn -0.1682 0.9171 0.3614
vn 0.8849 -0.2830 -0.3699
vn -0.7037 0.1469 0.6951
vn -0.7837 0.0468 0.6194
vn -0.1577 0.7988 0.5806
vn -0.0193 0.1966 0.9803
vn -0.2074 0.9707 0.1214
vn -0.7679 0.2247 0.5999
vn -0.6319 0.2724 0.7256
vn -0.6681 0.2210 0.7105
vn -0.6957 0.0319 0.7176
vn -0.5317 0.6406 0.5540
vn -0.2145 0.9420 0.2580
vn 0.1233 0.9825 -0.1394
vn -0.6159 -0.0318 0.7872
vn -0.5872 -0.0504 0.8078
vn 0.0988 0.9896 0.1042
vn -0.2069 0.9746 -0.0859
vn -0.2039 0.8532 -0.4801
vn 0.0762 0.9721 -0.2217
vn -0.1983 0.9786 -0.0544
vn -0.2517 0.9677 -0.0141
vn 0.9938 -0.0053 0.1106
vn 0.9950 -0.0683 -0.0731
vn 0.9979 0.0153 -0.0624
vn 0.9995 0.0322 -0.0060
vn -0.1726 0.9617 0.2128
vn -0.1131 0.8569 0.5029
vn 0.2587 -0.2410 0.9354
vn -0.3754 0.0052 0.9269
vn -0.7919 0.1113 0.6004
vn 0.0218 -0.0434 0.9988
vn 0.1249 -0.1334 0.9832
vn 0.9611 -0.2714 0.0519
vn -0.8818 0.2446 0.4031
vn -0.9014 0.2043 0.3817
vn 0.8809 -0.4594 -0.1135
vn -0.9338 0.1076 0.3413
vn -0.9336 0.0754 0.3502
vn -0.9410 0.0253 0.3375
vn -0.9247 0.0176 0.3802
vn -0.9707 0.1159 0.2107
vn -0.9351 0.1498 0.3211
vn 0.4630 -0.8626 -0.2039
vn 0.1524 -0.9883 -0.0065
vn 0.0334 -0.9940 0.1038
vn 0.0447 -0.0661 0.9968
vn -0.3044 0.9392 0.1590
vn -0.7397 0.0863 0.6673
vn -0.7067 -0.0026 0.7076
vn -0.2528 0.9345 0.2507
vn 0.1719 0.9701 0.1712
vn -0.3561 0.9225 -0.1491
vn -0.3763 0.6198 -0.6886
vn -0.5306 0.5548 -0.6409
vn -0.2079 0.8209 -0.5319
vn -0.1617 0.9127 -0.3753
vn -0.0802 0.9964 -0.0269
vn 0.0620 -0.4528 0.8895
vn -0.5045 0.1428 0.8515
vn -0.0276 0.2415 0.9700
vn -0.0778 0.4984 0.8634
vn -0.6611 0.4683 0.5862
vn -0.7270 0.0297 0.6860
vn -0.5881 0.5983 0.5443
vn -0.6791 0.4380 -0.5891
vn -0.7138 0.2194 -0.6651
vn -0.1348 0.9744 -0.1801
vn -0.3468 0.8288 0.4391
vn -0.9674 0.0067 0.2533
vn -0.9767 0.0256 0.2131
vn -0.9723 0.0012 0.2337
vn -0.9717 -0.0067 0.2362
vn 0.2182 -0.2378 0.9465
vn -0.6790 -0.2410 0.6934
vn -0.7775 0.0337 0.6280
vn -0.3475 0.4302 0.8331
vn -0.0259 0.1327 0.9908
vn -0.2873 0.9531 0.0955
vn -0.4991 0.7887 0.3588
vn -0.7466 0.0280 0.6647
vn -0.4288 0.7766 0.4615
vn -0.6603 -0.0115 0.7510
vn -0.3118 0.9042 -0.2920
vn 0.0493 0.9984 0.0275
vn -0.4369 0.8689 -0.2327
vn -0.2790 0.9292 -0.2425
vn -0.1360 0.8646 -0.4837
vn -0.3397 0.8282 -0.4457
vn -0.3240 0.9436 -0.0685
vn -0.8587 -0.1579 0.4876
vn -0.8507 -0.0954 0.5169
vn -0.4418 0.7500 0.4922
vn -0.2547 0.6759 0.6916
vn -0.3638 0.5567 0.7468
vn -0.3183 0.9462 0.0586
vn -0.3009 0.2282 0.9260
vn -0.1746 0.0636 0.9826
vn -0.3070 0.8571 0.4138
vn -0.6816 0.5072 0.5275
vn -0.6518 0.5602 0.5112
vn -0.1662 0.9713 0.1703
vn 0.1439 0.9829 -0.1153
vn -0.4940 0.7184 -0.4899
vn -0.4478 0.6687 -0.5936
vn -0.3414 0.6858 -0.6428
vn -0.3462 0.9173 -0.1967
vn -0.4026 0.9148 0.0308
vn 0.0426 -0.3146 0.9483
vn -0.0746 -0.1017 0.9920
vn -0.2922 0.9345 0.2034
vn 0.1057 0.9899 0.0947
vn 0.1962 0.9698 0.1451
vn -0.5384 0.7869 0.3016
vn 0.1455 -0.6340 0.7595
vn 0.1494 -0.7245 0.6729
vn 0.1509 -0.8367 0.5264
vn -0.0643 -0.2084 0.9759
vn 0.0119 0.0412 0.9991
vn -0.0916 0.3997 0.9121
vn -0.5002 0.7932 0.3472
vn -0.7657 -0.0020 0.6432
vn -0.8163 0.0820 0.5718
vn -0.6640 -0.2262 0.7127
vn 0.0504 0.9984 0.0257
vn -0.7077 0.5428 0.4522
vn 0.1312 0.9840 -0.1203
vn -0.7379 -0.0024 0.6749
vn -0.7788 -0.0056 0.6272
vn -0.7386 -0.0125 0.6740
vn -0.3129 0.9107 0.2698
vn -0.4429 0.7890 -0.4258
vn -0.5016 0.8330 -0.2336
vn -0.3871 0.7735 -0.5018
vn -0.5943 0.6802 0.4292
vn -0.5237 0.3770 0.7639
vn -0.2612 -0.5635 0.7837
vn -0.5301 -0.8448 -0.0724
vn -0.3883 -0.8991 0.2021
vn -0.2771 0.0236 0.9605
vn -0.3969 0.6833 0.6128
vn -0.1614 0.3474 0.9237
vn -0.7732 0.1936 0.6039
vn -0.6674 0.5862 0.4594
vn -0.6451 0.5983 0.4754
vn -0.2631 0.9172 0.2991
vn 0.2043 0.9700 -0.1316
vn -0.0449 0.9990 0.0061
vn -0.7867 -0.0339 0.6164
vn -0.4510 0.8141 -0.3660
vn -0.1097 0.9924 -0.0560
vn 0.2255 0.9715 0.0726
vn 0.2532 0.9670 0.0289
vn -0.5086 0.8068 -0.3007
vn -0.4346 0.8987 -0.0586
vn -0.6219 0.7792 0.0780
vn -0.5103 0.8599 0.0073
vn -0.4690 0.1173 0.8754
vn -0.3737 -0.0852 0.9236
vn -0.4158 -0.3445 0.8417
vn -0.2112 0.2411 0.9472
vn -0.7158 0.5785 0.3911
vn 0.0790 0.9962 0.0364
vn -0.5160 0.5705 -0.6390
vn -0.5723 0.6232 -0.5329
vn -0.6047 0.7116 -0.3578
vn -0.6188 0.7234 -0.3062
vn -0.6298 0.7647 -0.1366
vn -0.5107 0.8567 0.0723
vn -0.5147 0.7664 0.3844
vn 0.1585 0.9837 -0.0845
vn 0.1355 0.9908 0.0026
vn -0.1704 0.9664 -0.1924
vn -0.5390 0.7841 -0.3075
vn -0.1030 0.9266 -0.3615
vn -0.1608 0.7970 -0.5822
vn -0.6017 0.7967 -0.0563
vn -0.7255 0.6414 0.2495
vn -0.6342 0.2441 0.7337
vn -0.6035 -0.3345 0.7238
vn -0.3610 -0.4616 0.8103
vn 0.1956 -0.0187 0.9805
vn -0.7361 0.4403 0.5141
vn -0.6335 0.6099 0.4761
vn -0.5879 0.7143 0.3796
vn -0.1172 0.9836 0.1370
vn 0.0896 0.9953 -0.0361
vn -0.7508 0.6491 -0.1219
vn -0.7742 0.6228 0.1125
vn -0.6943 0.4411 0.5686
vn -0.6921 -0.0273 0.7213
vn -0.1345 0.2080 0.9688
vn -0.5887 0.6919 0.4179
vn -0.3565 0.8349 0.4193
vn -0.0742 0.9752 0.2084
vn -0.0974 0.9945 0.0392
vn -0.1242 0.9902 -0.0641
vn 0.0644 0.7217 -0.6892
vn -0.6274 0.7784 0.0214
vn -0.6348 0.7252 0.2665
vn 0.2593 -0.0058 0.9658
vn 0.1795 0.0066 0.9837
vn 0.0422 0.0036 0.9991
vn 0.1778 -0.0057 0.9840
vn -0.1185 0.0087 0.9929
vn 0.2389 0.0056 0.9710
vn 0.3589 0.0143 0.9333
vn -0.0077 0.9488 0.3159
vn -0.1786 0.9649 -0.1927
vn 0.0654 0.0021 -0.9979
vn 0.0741 -0.0171 -0.9971
vn 0.1906 0.0064 -0.9817
vn 0.1206 -0.0116 -0.9926
vn -0.4342 -0.0088 -0.9008
vn -0.1682 -0.0222 -0.9855
vn 0.3563 0.0355 -0.9337
vn -0.7585 0.6028 -0.2475
vn -0.7602 0.2375 0.6048
vn -0.7123 -0.2226 0.6656
vn -0.5956 0.6264 0.5029
vn -0.4342 0.3216 0.8415
vn -0.1999 0.1373 0.9701
vn 0.0832 0.0022 0.9965
vn 0.1338 0.0525 0.9896
vn 0.1853 0.0555 0.9811
vn -0.0784 0.7953 0.6011
vn -0.4001 0.9056 0.1409
vn -0.8458 0.0001 0.5336
vn -0.8905 0.0018 0.4549
vn -0.8974 -0.0077 0.4412
vn -0.3830 0.9123 -0.1451
vn -0.6190 0.4075 -0.6714
vn -0.7224 0.3195 -0.6133
vn -0.6851 0.4416 -0.5794
vn -0.5770 0.6930 -0.4323
vn -0.6729 0.6287 -0.3899
vn -0.6946 0.7189 -0.0252
vn -0.1384 0.0272 0.9900
vn -0.3638 0.0152 0.9313
vn -0.3527 0.0752 0.9327
vn -0.3025 0.9341 0.1894
vn -0.2006 0.9775 0.0648
vn -0.9303 0.0446 0.3640
vn -0.8266 0.5556 0.0895
vn -0.8862 0.4622 0.0306
vn -0.9161 0.3403 0.2122
vn -0.8696 0.3736 0.3228
vn -0.9080 0.0502 0.4159
vn -0.8015 0.1455 0.5800
vn -0.5724 -0.0005 0.8200
vn -0.6049 0.0465 0.7949
vn -0.5946 0.0684 0.8011
vn -0.4932 0.8600 0.1307
vn -0.9665 0.2562 -0.0154
vn -0.9945 0.1019 -0.0249
vn -0.9812 0.1886 0.0420
vn -0.8533 0.5214 -0.0062
vn -0.8539 0.5163 0.0650
vn -0.8677 0.4915 0.0738
vn -0.8769 0.4605 0.1375
vn -0.9250 0.3234 0.1997
vn -0.9457 0.2121 0.2462
vn -0.9699 -0.0042 0.2433
vn -0.9322 -0.2966 0.2072
vn -0.9387 -0.0416 0.3423
vn -0.8537 0.5048 -0.1282
vn -0.8349 0.5436 -0.0859
vn -0.8505 0.5258 -0.0134
vn 0.3921 -0.9199 0.0042
vn 0.5419 -0.8401 0.0238
vn 0.0475 -0.9989 0.0056
vn 0.0275 -0.9996 -0.0015
vn 0.9580 -0.2488 0.1423
vn 0.6433 -0.7528 0.1398
vn 0.0180 -0.9998 0.0045
vn 0.6397 0.0717 -0.7653
vn 0.5049 0.0764 -0.8598
vn 0.6805 0.0048 -0.7327
vn 0.6123 0.0669 -0.7878
vn 0.2529 0.0417 -0.9666
vn 0.7424 -0.5503 -0.3821
vn 0.1430 0.0636 -0.9877
vn -0.0082 -1.0000 0.0053
vn 0.0006 -1.0000 -0.0001
vn -0.0239 0.0423 -0.9988
vn 0.2004 0.0067 -0.9797
vn 0.2173 -0.0086 -0.9761
vn -0.2332 -0.0307 -0.9720
vn -0.2943 0.2406 -0.9249
vn -0.1390 -0.1745 -0.9748
vn -0.2252 -0.0354 -0.9737
vn 0.4415 0.6515 -0.6170
vn -0.1210 -0.0468 -0.9916
vn 0.0449 0.1006 -0.9939
vn 0.6822 0.0292 -0.7306
vn 0.6630 0.0284 -0.7481
vn 0.6301 -0.0658 -0.7737
vn -0.0569 -0.0958 -0.9938
vn -0.0633 -0.1401 -0.9881
vn 0.1387 0.2802 -0.9499
vn 0.0585 -0.9977 0.0338
vn 0.0206 -0.9996 0.0200
vn 0.0848 -0.9952 0.0498
vn 0.5668 0.1904 -0.8016
vn 0.6392 -0.0847 -0.7643
vn 0.5515 -0.8338 -0.0246
vn 0.6982 0.2800 -0.6589
vn 0.4900 0.2251 -0.8421
vn 0.4520 0.3796 -0.8072
vn -0.0522 0.2292 -0.9720
vn 0.3222 -0.9114 -0.2560
vn 0.0122 -0.9998 -0.0126
vn 0.4109 -0.8105 -0.4174
vn 0.0250 -0.9994 -0.0236
vn 0.5169 0.1232 -0.8471
vn -0.0657 0.0574 -0.9962
vn 0.0496 -0.9761 0.2117
vn -0.0800 -0.9645 0.2518
vn 0.5200 0.1167 -0.8461
vn 0.5115 -0.0307 -0.8587
vn 0.5687 -0.1139 -0.8146
vn 0.4748 0.2525 -0.8431
vn 0.4129 0.3818 -0.8269
vn 0.1828 -0.9793 -0.0871
vn 0.2407 -0.9644 -0.1095
vn 0.1641 -0.9847 -0.0582
vn -0.0515 0.5251 -0.8495
vn -0.0385 -0.9992 -0.0044
vn -0.0533 -0.9986 -0.0071
vn -0.0169 -0.9999 -0.0031
vn -0.0134 -0.9998 -0.0115
vn -0.5349 -0.7990 0.2747
vn 0.0122 -0.9997 -0.0198
vn -0.0350 0.8804 -0.4730
vn -0.2929 -0.5031 0.8131
vn -0.0001 -1.0000 -0.0001
vn 0.6219 -0.2690 -0.7355
vn 0.3856 -0.1662 -0.9076
vn -0.0666 0.2931 -0.9538
vn -0.0761 0.1676 -0.9829
vn -0.9736 -0.2196 0.0619
vn -0.8173 -0.5712 -0.0764
vn -0.9772 -0.2075 -0.0456
vn -0.5167 -0.8433 -0.1479
vn 0.6938 0.2805 -0.6633
vn 0.6041 0.3517 -0.7151
vn 0.0034 -1.0000 0.0021
vn 0.0628 -0.9957 0.0677
vn 0.4810 -0.7376 0.4739
vn 0.6553 0.2037 -0.7274
vn 0.6452 -0.3687 -0.6692
vn 0.4323 0.2136 -0.8760
vn 0.0494 -0.9900 0.1324
vn -0.7213 -0.5025 0.4766
vn -0.6283 -0.7362 0.2513
vn -0.8865 -0.3826 0.2600
vn -0.9558 -0.1608 0.2460
vn -0.9835 -0.1538 0.0950
vn -0.9857 -0.1324 0.1043
vn -0.9897 -0.1248 -0.0700
vn -0.9646 -0.1311 -0.2290
vn 0.1664 0.0798 -0.9828
vn 0.7090 0.3082 -0.6343
vn -0.9013 -0.2050 -0.3815
vn -0.6696 -0.3912 -0.6314
vn -0.4104 -0.6563 -0.6331
vn 0.0058 -0.9989 -0.0475
vn 0.4831 0.2282 -0.8453
vn 0.5171 0.0638 -0.8536
vn 0.5619 -0.2130 -0.7993
vn 0.2967 0.5338 -0.7918
vn 0.1821 0.1743 -0.9677
vn 0.1727 -0.1409 -0.9748
vn -0.0990 -0.9584 0.2677
vn -0.8466 -0.2409 0.4746
vn -0.9367 -0.1843 0.2978
vn -0.9667 -0.1406 0.2140
vn -0.9926 -0.1208 0.0119
vn -0.9724 -0.1130 -0.2040
vn -0.9459 -0.1308 -0.2970
vn -0.8812 -0.1375 -0.4524
vn -0.7444 -0.1541 -0.6497
vn 0.5006 0.0913 -0.8608
vn 0.5069 -0.0529 -0.8604
vn 0.6000 0.1896 -0.7772
vn 0.1294 0.1098 -0.9855
vn 0.2417 0.1839 -0.9528
vn 0.5746 0.0714 -0.8153
vn -0.0633 0.2962 -0.9530
vn -0.7849 -0.2431 0.5699
vn -0.9387 -0.1602 0.3054
vn -0.9672 -0.0605 0.2466
vn -0.9906 -0.1330 0.0315
vn -0.9776 -0.0775 0.1959
vn -0.9995 -0.0180 -0.0253
vn -0.9724 -0.0016 0.2335
vn -0.9986 -0.0510 0.0097
vn -0.9753 -0.0122 -0.2204
vn -0.9746 -0.0276 -0.2223
vn -0.9671 -0.0362 -0.2520
vn 0.1674 0.1180 -0.9788
vn 0.2326 0.1682 -0.9579
vn -0.9662 -0.0221 -0.2568
vn -0.9123 -0.0918 -0.3991
vn -0.7559 -0.0943 -0.6479
vn -0.5964 -0.0889 -0.7977
vn -0.5548 -0.1458 -0.8191
vn -0.4396 -0.3919 -0.8082
vn 0.2186 -0.9241 0.3135
vn -0.0338 -0.9867 -0.1590
vn 0.0002 -1.0000 0.0006
vn 0.3497 0.1462 -0.9254
vn 0.1399 -0.9362 0.3223
vn -0.0792 0.0556 -0.9953
vn -0.8248 -0.1151 0.5536
vn -0.8794 -0.0084 0.4760
vn -0.9461 -0.0744 0.3152
vn -0.9471 -0.0110 0.3207
vn -0.9328 -0.0247 0.3594
vn -0.9814 -0.1537 0.1148
vn -0.9532 -0.1499 0.2625
vn -0.0003 -1.0000 0.0002
vn -0.9650 -0.1511 -0.2144
vn -0.9485 -0.3158 0.0248
vn -0.9883 -0.1288 -0.0816
vn -0.9819 -0.1190 0.1474
vn 0.2803 0.0798 -0.9566
vn -0.9391 -0.1020 -0.3282
vn -0.9122 0.0012 -0.4098
vn -0.8812 -0.0049 -0.4727
vn -0.8542 -0.0511 -0.5175
vn -0.3378 -0.5903 -0.7331
vn -0.0166 -0.9850 -0.1718
vn 0.5414 0.0475 -0.8394
vn 0.5661 -0.0320 -0.8237
vn 0.4149 0.1330 -0.9001
vn 0.3953 -0.0492 -0.9173
vn 0.3973 -0.1912 -0.8976
vn 0.3548 0.4460 -0.8217
vn -0.0501 0.1191 -0.9916
vn -0.0795 0.0922 -0.9926
vn -0.0526 0.0716 -0.9960
vn 0.2473 0.1158 -0.9620
vn 0.2127 -0.9151 -0.3425
vn 0.1932 -0.9797 -0.0530
vn -0.0987 0.5535 -0.8270
vn -0.8715 0.0327 0.4893
vn -0.8533 0.0457 0.5195
vn -0.9414 -0.3113 0.1301
vn -0.2602 -0.0113 -0.9655
vn -0.0215 0.2176 -0.9758
vn -0.8327 -0.4764 -0.2822
vn -0.8484 -0.3591 -0.3890
vn -0.7867 -0.2966 -0.5414
vn -0.8401 -0.1426 -0.5233
vn -0.8398 -0.0268 -0.5422
vn -0.7162 0.0248 -0.6975
vn -0.7154 -0.0401 -0.6975
vn -0.4855 -0.1142 -0.8668
vn 0.4479 -0.5041 -0.7384
vn -0.0143 0.1052 -0.9943
vn 0.1752 0.0689 -0.9821
vn -0.0561 0.1724 -0.9834
vn 0.5124 0.0447 -0.8576
vn 0.0996 0.6030 -0.7915
vn 0.1621 0.8480 -0.5045
vn -0.9037 -0.2071 0.3747
vn -0.9214 -0.3281 0.2083
vn -0.9090 -0.4085 -0.0828
vn -0.6106 0.0457 -0.7907
vn -0.0074 0.3051 -0.9523
vn -0.7937 -0.4423 -0.4177
vn -0.6679 -0.3021 -0.6802
vn -0.6950 -0.2033 -0.6896
vn -0.7979 -0.0885 -0.5963
vn -0.7325 0.0473 -0.6792
vn -0.5452 -0.0079 -0.8383
vn -0.6080 -0.0685 -0.7909
vn -0.4310 -0.2476 -0.8677
vn -0.0911 -0.9546 -0.2837
vn 0.3008 0.0788 -0.9504
vn 0.4683 0.0689 -0.8809
vn -0.8948 -0.1040 0.4341
vn -0.9144 0.0211 0.4042
vn -0.9244 0.0699 0.3751
vn -0.8950 -0.2849 0.3433
vn -0.8942 -0.3961 0.2084
vn -0.9167 -0.3876 -0.0974
vn -0.6564 -0.3532 -0.6666
vn -0.6673 -0.2095 -0.7147
vn -0.6673 0.0799 -0.7405
vn -0.6471 0.0738 -0.7588
vn -0.5907 -0.0003 -0.8069
vn -0.5545 -0.0453 -0.8309
vn 0.3828 0.3741 -0.8447
vn 0.4010 -0.0821 -0.9124
vn 0.4739 0.1552 -0.8668
vn 0.4941 -0.0170 -0.8692
vn 0.3179 -0.4386 -0.8406
vn 0.0095 -0.9995 -0.0293
vn 0.4417 -0.8604 -0.2544
vn -0.8739 -0.1955 0.4450
vn -0.8661 0.0463 0.4977
vn 0.0197 0.1920 -0.9812
vn 0.0169 0.1265 -0.9918
vn -0.8830 -0.3628 0.2979
vn -0.6563 0.5069 -0.5588
vn -0.7865 0.0850 -0.6118
vn -0.7206 0.1078 -0.6849
vn -0.7139 0.0898 -0.6945
vn -0.5469 -0.1350 -0.8263
vn -0.7500 -0.2425 -0.6154
vn 0.1737 -0.8523 0.4933
vn -0.1894 -0.9640 -0.1865
vn 0.0256 -0.9987 -0.0437
vn 0.2120 -0.1851 -0.9596
vn 0.2952 -0.5058 -0.8106
vn 0.3738 -0.4696 -0.7999
vn -0.8534 -0.0932 0.5128
vn -0.8121 -0.1079 0.5735
vn -0.8259 0.0705 0.5594
vn -0.7893 -0.2590 0.5567
vn -0.0269 -0.9996 -0.0020
vn 0.5960 -0.2877 -0.7497
vn -0.7803 -0.4390 0.4454
vn -0.5912 -0.3159 -0.7421
vn -0.7369 0.0400 -0.6748
vn -0.6669 -0.0179 -0.7450
vn -0.8405 -0.1575 -0.5184
vn -0.4258 -0.1570 -0.8911
vn -0.3985 -0.1771 -0.8999
vn -0.6069 0.0869 -0.7900
vn -0.6578 0.0833 -0.7486
vn 0.0020 -1.0000 0.0046
vn 0.4824 -0.0315 -0.8754
vn 0.1684 -0.0544 -0.9842
vn -0.7677 -0.2381 0.5949
vn -0.8133 0.2541 -0.5235
vn -0.8808 0.2494 -0.4025
vn -0.5443 -0.2724 -0.7934
vn -0.4897 -0.3277 -0.8080
vn -0.4919 -0.2388 -0.8373
vn -0.4676 -0.2994 -0.8317
vn -0.7074 0.0410 -0.7056
vn -0.7308 0.0708 -0.6789
vn -0.7048 -0.0859 -0.7041
vn -0.6269 -0.0236 -0.7787
vn -0.4159 -0.7913 -0.4481
vn 0.3167 -0.0010 -0.9485
vn 0.3232 -0.0388 -0.9455
vn 0.1556 0.0724 -0.9852
vn 0.1856 -0.3434 -0.9206
vn 0.2021 -0.4719 -0.8582
vn 0.4147 0.4614 -0.7843
vn 0.4483 0.4262 -0.7857
vn -0.0973 -0.9949 -0.0280
vn 0.0787 -0.9953 -0.0561
vn -0.0948 -0.9955 0.0033
vn -0.4518 -0.8919 0.0203
vn -0.7195 -0.4392 0.5380
vn 0.5717 -0.0183 -0.8203
vn 0.4971 0.2138 -0.8410
vn -0.9537 0.1788 -0.2418
vn -0.9463 0.3206 0.0416
vn -0.9743 0.1437 -0.1733
vn -0.9770 -0.0230 -0.2118
vn -0.9212 -0.3353 -0.1972
vn -0.8737 0.2220 -0.4328
vn -0.9210 0.3155 -0.2287
vn -0.9933 0.0094 -0.1149
vn -0.9627 0.2701 -0.0159
vn -0.5922 -0.3182 -0.7403
vn -0.5364 -0.1587 -0.8289
vn -0.7505 -0.0354 -0.6600
vn -0.8235 -0.0648 -0.5636
vn -0.4836 -0.1965 -0.8530
vn 0.5102 0.1857 -0.8398
vn 0.4434 -0.7556 -0.4821
vn -0.1751 -0.9843 0.0231
vn 0.3156 -0.4161 -0.8528
vn 0.3916 -0.2625 -0.8819
vn -0.8393 -0.0462 0.5417
vn -0.9049 -0.1744 0.3883
vn -0.8026 0.0047 0.5965
vn -0.9548 0.2933 -0.0479
vn -0.7918 -0.0239 -0.6104
vn -0.6502 -0.0144 -0.7596
vn -0.8978 -0.0263 -0.4397
vn -0.4648 -0.8593 -0.2132
vn -0.2852 -0.9567 -0.0579
vn 0.0355 -0.4458 -0.8944
vn 0.4949 -0.0281 -0.8685
vn 0.4421 0.3666 -0.8186
vn -0.1209 -0.9920 0.0365
vn 0.1946 -0.4931 -0.8479
vn 0.3915 0.5249 -0.7558
vn 0.2636 0.4321 -0.8624
vn -0.8977 -0.1756 0.4040
vn -0.9413 -0.2187 0.2570
vn -0.8907 -0.3228 0.3202
vn -0.8756 -0.1100 0.4703
vn 0.2695 -0.2617 -0.9268
vn 0.3304 -0.0427 -0.9429
vn -0.0681 0.5891 -0.8052
vn 0.3720 0.3516 -0.8591
vn 0.1222 0.2084 -0.9704
vn 0.4358 0.0051 -0.9000
vn 0.2923 -0.0943 -0.9517
vn 0.5286 -0.1990 -0.8252
vn 0.1213 -0.4608 -0.8792
vn 0.3689 -0.4949 -0.7867
vn 0.3074 -0.5974 -0.7407
vn 0.2128 -0.8342 -0.5087
vn -0.4310 -0.2711 -0.8607
vn -0.3709 -0.2452 -0.8957
vn -0.7363 0.0401 -0.6755
vn -0.7623 0.0113 -0.6471
vn -0.8505 -0.1062 -0.5151
vn -0.5040 -0.1192 -0.8554
vn -0.7258 0.0491 -0.6861
vn -0.6969 0.0498 -0.7154
vn -0.9177 -0.0690 -0.3913
vn -0.0801 -0.9946 0.0663
vn -0.0638 -0.9957 0.0675
vn 0.1980 0.1463 -0.9692
vn 0.2074 -0.3659 -0.9073
vn 0.1688 -0.7932 -0.5851
vn 0.0063 -0.9994 -0.0338
vn -0.0035 0.1602 -0.9871
vn -0.0141 0.0146 -0.9998
vn 0.0050 -0.1482 -0.9889
vn 0.0004 -0.2997 -0.9540
vn 0.5284 -0.0380 -0.8481
vn 0.1916 -0.0188 -0.9813
vn 0.4960 0.2125 -0.8419
vn 0.0496 0.1205 -0.9915
vn -0.4857 -0.2077 -0.8491
vn -0.7664 -0.1092 -0.6330
vn -0.4156 -0.0521 -0.9081
vn -0.4778 0.0020 -0.8785
vn -0.7922 -0.1600 -0.5890
vn -0.8580 -0.1213 -0.4992
vn -0.8843 -0.1516 -0.4416
vn 0.1894 0.0139 -0.9818
vn 0.1682 0.1090 -0.9797
vn 0.1325 -0.5033 -0.8539
vn 0.4690 0.1714 -0.8664
vn 0.1180 0.3837 -0.9159
vn 0.3054 0.2004 -0.9309
vn 0.1375 0.2251 -0.9646
vn 0.2871 0.0077 -0.9579
vn 0.1528 0.0500 -0.9870
vn 0.0656 -0.1277 -0.9896
vn 0.3495 -0.1621 -0.9228
vn 0.4136 -0.5944 -0.6897
vn 0.3900 -0.1495 -0.9086
vn 0.4832 -0.0231 -0.8752
vn 0.0976 -0.4588 -0.8831
vn 0.1076 0.1528 -0.9824
vn 0.0252 -0.6062 -0.7949
vn -0.0132 -0.4354 -0.9001
vn 0.2941 -0.8646 -0.4073
vn 0.3443 -0.9355 -0.0790
vn 0.4054 -0.8535 -0.3274
vn -0.1682 -0.1268 -0.9776
vn -0.6676 0.0171 -0.7443
vn -0.5869 -0.0722 -0.8064
vn -0.5616 0.0082 -0.8273
vn -0.5932 -0.1572 -0.7896
vn -0.5174 -0.1687 -0.8389
vn -0.7098 -0.2556 -0.6564
vn -0.8159 -0.1880 -0.5468
vn -0.7996 -0.4721 -0.3711
vn -0.2227 -0.9673 -0.1215
vn 0.2123 0.1397 -0.9672
vn 0.0413 -0.0295 -0.9987
vn 0.0839 0.1768 -0.9807
vn 0.1790 -0.1040 -0.9783
vn 0.0565 -0.9732 -0.2230
vn 0.1427 -0.8558 -0.4973
vn 0.1046 -0.1592 -0.9817
vn -0.4681 -0.1138 -0.8763
vn -0.3165 -0.1466 -0.9372
vn -0.1068 -0.1315 -0.9855
vn -0.2914 -0.0704 -0.9540
vn -0.4087 -0.0126 -0.9126
vn -0.5282 0.0210 -0.8489
vn -0.5746 -0.0574 -0.8164
vn -0.6151 -0.3190 -0.7211
vn -0.5347 -0.2465 -0.8083
vn -0.7794 -0.2103 -0.5902
vn -0.4244 -0.8253 -0.3724
vn 0.0002 -1.0000 -0.0008
vn 0.0291 -0.9892 0.1440
vn 0.0017 -0.9995 0.0325
vn 0.0468 0.0807 -0.9956
vn -0.1791 0.0063 -0.9838
vn -0.2023 0.1718 -0.9642
vn -0.2454 -0.1689 -0.9546
vn -0.1830 -0.1538 -0.9710
vn -0.1109 -0.0729 -0.9911
vn 0.2109 0.2168 -0.9532
vn 0.1102 0.2250 -0.9681
vn -0.0279 -0.0029 -0.9996
vn 0.0985 -0.1389 -0.9854
vn 0.2133 -0.0056 -0.9770
vn 0.1327 0.1222 -0.9836
vn -0.0233 0.5088 -0.8606
vn -0.1375 -0.4741 -0.8697
vn -0.0002 -0.4139 -0.9103
vn 0.0162 -0.2894 -0.9571
vn 0.4453 -0.8278 -0.3413
vn 0.5015 -0.6152 0.6082
vn -0.4628 -0.0532 -0.8849
vn 0.0066 -0.1755 -0.9845
vn -0.5110 -0.3126 -0.8007
vn -0.1664 -0.2831 -0.9445
vn -0.0071 -0.9586 -0.2848
vn 0.0386 0.0106 -0.9992
vn -0.3162 0.0029 -0.9487
vn -0.2124 0.2584 -0.9424
vn -0.2205 0.1503 -0.9637
vn -0.1738 0.0193 -0.9846
vn -0.2062 -0.3327 -0.9202
vn -0.1738 -0.4475 -0.8772
vn -0.1588 -0.1268 -0.9791
vn -0.1279 0.1448 -0.9812
vn -0.1830 0.4559 -0.8710
vn -0.3381 -0.0058 -0.9411
vn -0.1277 -0.0782 -0.9887
vn -0.1367 -0.0632 -0.9886
vn -0.2977 -0.0454 -0.9536
vn -0.2137 -0.2155 -0.9528
vn -0.1877 -0.3536 -0.9164
vn -0.2162 -0.3237 -0.9211
vn 0.2169 -0.9666 -0.1365
vn 0.0931 -0.8285 0.5522
vn -0.2609 0.0857 -0.9615
vn -0.2569 0.3069 -0.9164
vn -0.1969 0.2873 -0.9374
vn -0.3378 0.3553 -0.8716
vn -0.3110 0.4446 -0.8400
vn -0.1812 0.5839 -0.7914
vn -0.1179 0.5527 -0.8250
vn -0.1742 -0.4265 -0.8876
vn 0.0819 -0.1304 -0.9881
vn 0.0767 -0.2876 -0.9547
vn 0.1653 -0.3128 -0.9353
vn -0.0030 -0.0054 -1.0000
vn -0.5552 -0.0240 -0.8314
vn -0.5850 -0.1326 -0.8001
vn -0.1991 -0.2972 -0.9338
vn -0.0983 -0.1339 -0.9861
vn -0.1652 0.2482 -0.9545
vn 0.5927 0.2072 -0.7783
vn 0.6295 0.0804 -0.7728
vn 0.5751 -0.0331 -0.8174
vn 0.5563 -0.0142 -0.8308
vn -0.1926 0.0597 -0.9795
vn -0.0331 -0.0124 -0.9994
vn 0.1507 -0.0815 -0.9852
vn -0.0051 -0.0708 -0.9975
vn 0.2044 -0.1802 -0.9622
vn 0.3933 -0.4197 -0.8180
vn 0.0937 0.0187 -0.9954
vn 0.0889 -0.0348 -0.9954
vn -0.0045 -0.0107 -0.9999
vn -0.4358 -0.0755 -0.8969
vn -0.3677 -0.1866 -0.9111
vn -0.4152 0.0249 -0.9094
vn -0.4238 -0.1042 -0.8997
vn -0.4953 0.1020 -0.8627
vn -0.4443 0.2953 -0.8458
vn -0.4781 -0.0983 -0.8728
vn -0.3593 0.0582 -0.9314
vn -0.3958 0.5005 -0.7700
vn -0.4850 0.3651 -0.7946
vn -0.4228 0.4265 -0.7996
vn -0.3150 0.5377 -0.7821
vn -0.2669 0.4609 -0.8463
vn -0.2427 0.3960 -0.8856
vn -0.2116 0.1079 -0.9714
vn -0.0253 0.3388 -0.9405
vn 0.4492 0.1073 -0.8870
vn 0.4524 -0.0661 -0.8894
vn 0.5089 0.6627 -0.5494
vn -0.0839 0.0086 -0.9964
vn 0.0672 0.0379 -0.9970
vn 0.2527 -0.0739 -0.9647
vn 0.5393 -0.2484 -0.8046
vn 0.2048 -0.9781 -0.0366
vn -0.4561 0.1342 -0.8798
vn -0.7398 -0.0192 -0.6726
vn -0.7941 -0.1064 -0.5985
vn -0.3938 -0.3825 -0.8358
vn -0.4749 0.3676 -0.7996
vn -0.2248 -0.9611 -0.1603
vn -0.3141 -0.4440 -0.8392
vn -0.2365 -0.0067 -0.9716
vn 0.3712 0.2605 -0.8913
vn -0.0040 0.0089 -1.0000
vn -0.4440 -0.2543 -0.8592
vn -0.5094 0.1819 -0.8411
vn -0.5562 -0.0068 -0.8310
vn -0.7067 0.0189 -0.7073
vn -0.5891 -0.0043 -0.8080
vn -0.4001 -0.3756 -0.8360
vn -0.3613 0.3653 -0.8579
vn -0.3292 -0.1570 -0.9311
vn 0.0254 0.3277 -0.9444
vn 0.0968 0.1960 -0.9758
vn 0.3495 0.6834 -0.6409
vn 0.0095 -0.0111 -0.9999
vn 0.4016 -0.8694 -0.2879
vn -0.0730 -0.9821 0.1739
vn 0.0961 -0.2289 0.9687
vn -0.6143 -0.0125 -0.7890
vn -0.6753 -0.0802 -0.7331
vn -0.7304 -0.0533 -0.6809
vn -0.8051 -0.0661 -0.5895
vn -0.4618 -0.3994 -0.7919
vn -0.4112 -0.2736 -0.8695
vn 0.2547 -0.1078 -0.9610
vn 0.2247 0.3957 -0.8905
vn -0.0330 0.0526 -0.9981
vn 0.1015 0.0145 -0.9947
vn 0.0004 -1.0000 -0.0001
vn 0.0057 0.0296 -0.9995
vn 0.0069 -0.0405 -0.9992
vn -0.0320 0.0846 -0.9959
vn -0.0444 0.0368 -0.9983
vn -0.0089 -0.0094 -0.9999
vn -0.6036 0.1965 -0.7727
vn -0.6096 -0.1866 -0.7704
vn -0.6071 0.0705 -0.7915
vn -0.6312 -0.0967 -0.7695
vn -0.5779 -0.3217 -0.7500
vn -0.8490 -0.1110 -0.5165
vn -0.7936 -0.1027 -0.5998
vn 0.2060 0.1232 -0.9708
vn 0.1384 -0.1279 -0.9821
vn 0.3805 -0.9034 0.1978
vn -0.0249 0.0381 -0.9990
vn 0.3371 -0.0247 -0.9411
vn 0.2508 -0.9214 -0.2967
vn -0.2349 -0.9006 0.3658
vn -0.6974 0.0265 0.7162
vn 0.0135 0.0195 -0.9997
vn 0.0703 -0.1161 -0.9908
vn 0.0093 0.0078 -0.9999
vn -0.6617 -0.1137 -0.7411
vn -0.4965 -0.0518 -0.8665
vn 0.0617 -0.9978 0.0240
vn -0.1746 -0.4029 -0.8984
vn 0.0280 0.4114 -0.9110
vn 0.1378 -0.9835 0.1169
vn -0.0343 0.2957 -0.9547
vn -0.2873 -0.4199 -0.8609
vn -0.0137 -0.3337 -0.9426
vn -0.0447 -0.1707 -0.9843
vn -0.0137 0.2084 -0.9780
vn 0.0656 0.0671 -0.9956
vn 0.0425 0.1569 -0.9867
vn -0.0668 -0.0347 -0.9972
vn -0.0274 0.0829 -0.9962
vn 0.0271 0.4718 -0.8813
vn 0.2995 -0.9228 0.2422
vn 0.0007 0.0213 -0.9998
vn 0.3217 -0.8984 -0.2991
vn -0.7364 0.1347 0.6630
vn -0.7466 0.0647 0.6621
vn -0.7554 -0.0021 0.6553
vn 0.0054 -0.9457 -0.3250
vn -0.0055 -0.9984 -0.0554
vn -0.3921 0.0190 -0.9197
vn -0.3319 0.2006 -0.9218
vn -0.4623 -0.0202 -0.8865
vn -0.3176 -0.1745 -0.9320
vn -0.2852 -0.1388 -0.9484
vn -0.5601 -0.3502 -0.7507
vn -0.3377 -0.0834 -0.9375
vn -0.0358 -0.8367 -0.5464
vn 0.0265 0.2402 -0.9704
vn 0.0484 -0.0149 -0.9987
vn -0.5493 -0.3593 0.7544
vn 0.0901 -0.0415 -0.9951
vn -0.1169 0.2400 -0.9637
vn -0.0815 0.0377 -0.9960
vn 0.1030 -0.8193 -0.5640
vn 0.3139 -0.8992 0.3047
vn 0.2409 0.0262 -0.9702
vn 0.2046 0.0023 -0.9788
vn 0.2534 -0.1903 -0.9484
vn 0.3077 -0.8397 0.4475
vn -0.7555 -0.0756 0.6508
vn 0.3447 -0.9200 0.1863
vn -0.0429 0.0836 -0.9956
vn 0.0128 -0.0479 -0.9988
vn -0.0913 0.0664 -0.9936
vn 0.1657 -0.1901 -0.9677
vn -0.0285 -0.0319 -0.9991
vn 0.3488 -0.3841 -0.8549
vn -0.9784 -0.0507 0.2002
vn -0.0948 0.0390 -0.9947
vn 0.2243 -0.8679 -0.4432
vn -0.6317 -0.5754 0.5195
vn -0.4243 -0.8327 0.3558
vn -0.6412 -0.5989 0.4797
vn -0.4753 -0.8144 0.3330
vn -0.1656 -0.9633 0.2110
vn 0.0209 -0.0537 -0.9983
vn -0.0225 0.0792 -0.9966
vn 0.0039 0.0074 -1.0000
vn 0.0239 0.0350 -0.9991
vn 0.3698 0.2243 -0.9016
vn -0.0623 -0.7746 -0.6294
vn 0.1722 -0.8431 -0.5094
vn -0.1330 -0.1142 -0.9845
vn 0.4168 -0.3578 -0.8356
vn 0.1960 0.1892 -0.9622
vn 0.1868 0.3916 -0.9010
vn 0.3435 -0.2255 -0.9117
vn 0.2230 -0.0202 -0.9746
vn -0.2666 -0.9074 0.3250
vn -0.3586 -0.8946 0.2665
vn -0.4392 -0.8697 0.2250
vn 0.0220 -0.2889 -0.9571
vn -0.1607 -0.9768 0.1413
vn 0.0098 -0.0205 -0.9997
vn -0.2077 -0.8907 0.4043
vn 0.1926 -0.9719 -0.1349
vn 0.2224 -0.9273 -0.3010
vn -0.5815 -0.6890 0.4327
vn -0.0778 0.0245 -0.9967
vn -0.0719 -0.0496 -0.9962
vn -0.0070 -0.8640 -0.5034
vn 0.1718 -0.0558 -0.9836
vn -0.0130 0.0045 -0.9999
vn 0.4003 -0.0318 -0.9158
vn -0.1493 0.1953 -0.9693
vn 0.1883 0.2752 -0.9428
vn -0.0642 0.0990 -0.9930
vn -0.1890 0.4478 -0.8739
vn -0.6227 -0.6361 0.4556
vn -0.1574 0.0262 -0.9872
vn -0.0743 -0.0580 -0.9956
vn -0.3020 -0.1858 -0.9351
vn 0.0957 0.0031 -0.9954
vn -0.2125 0.0658 -0.9750
vn -0.2595 -0.9372 0.2329
vn 0.0159 -0.1232 -0.9923
vn 0.0271 -0.9210 -0.3885
vn -0.5961 -0.7225 0.3502
vn -0.7066 -0.1401 0.6936
vn -0.9119 0.0265 0.4096
vn -0.0272 0.0158 -0.9995
vn 0.4057 -0.1132 -0.9070
vn 0.2196 -0.4113 -0.8847
vn 0.1865 -0.8645 -0.4667
vn -0.2008 0.0414 -0.9788
vn -0.1599 -0.0694 -0.9847
vn 0.1649 -0.3233 -0.9318
vn 0.0842 -0.1808 -0.9799
vn 0.0128 0.1509 -0.9885
vn -0.6244 -0.7586 0.1859
vn -0.0200 -0.9640 0.2652
vn -0.0159 -0.8915 0.4528
vn -0.0010 -0.0111 -0.9999
vn -0.0128 -0.9998 -0.0162
vn 0.3208 -0.2750 -0.9063
vn 0.3247 0.1272 -0.9372
vn 0.2633 -0.3805 -0.8865
vn 0.2704 0.3958 -0.8776
vn 0.1817 -0.4553 -0.8716
vn -0.2241 -0.9575 0.1816
vn 0.0618 0.1440 -0.9876
vn 0.0141 -0.0143 -0.9998
vn 0.0606 -0.0283 -0.9978
vn -0.0571 0.0096 -0.9983
vn -0.1041 0.0251 -0.9942
vn -0.0602 0.1455 -0.9875
vn 0.1358 -0.1383 -0.9810
vn 0.1370 0.0522 -0.9892
vn 0.0551 -0.0090 -0.9984
vn -0.7789 -0.5093 0.3660
vn -0.0074 -0.9986 0.0524
vn 0.2737 0.2919 -0.9165
vn 0.5194 -0.0714 -0.8515
vn 0.6148 -0.4547 -0.6444
vn -0.1644 -0.9782 0.1269
vn -0.3511 0.3343 -0.8746
vn -0.8070 -0.5490 0.2176
vn -0.7872 -0.5984 0.1490
vn 0.1997 -0.0244 -0.9796
vn 0.0647 -0.0554 -0.9964
vn 0.0755 0.0470 -0.9960
vn -0.0007 -0.1232 -0.9924
vn -0.0358 -0.8082 -0.5879
vn 0.0089 -0.9939 -0.1103
vn -0.1496 -0.0316 -0.9882
vn -0.0278 0.0031 -0.9996
vn 0.2135 -0.1869 -0.9589
vn 0.2388 -0.0010 -0.9711
vn 0.3510 -0.0853 -0.9325
vn -0.0035 -0.4666 -0.8845
vn -0.1671 -0.9771 0.1321
vn -0.0487 -0.3692 -0.9281
vn -0.4011 0.0135 -0.9159
vn 0.1537 0.3301 -0.9314
vn -0.1365 -0.1987 -0.9705
vn -0.1575 0.1150 -0.9808
vn -0.2384 -0.0409 -0.9703
vn -0.1316 -0.4435 -0.8866
vn -0.0500 0.0773 -0.9958
vn 0.2399 0.1382 -0.9609
vn 0.2094 -0.0723 -0.9752
vn 0.1430 -0.3086 -0.9404
vn 0.2195 0.3545 -0.9089
vn 0.1091 -0.4070 -0.9069
vn 0.0982 0.2586 -0.9610
vn 0.0934 0.1252 -0.9877
vn 0.1634 -0.0884 -0.9826
vn 0.0681 0.4075 -0.9106
vn 0.4057 0.0121 -0.9139
vn 0.2634 0.4126 -0.8720
vn 0.0524 -0.4848 -0.8730
vn -0.7374 -0.0863 0.6699
vn -0.7359 -0.1866 0.6509
vn -0.1743 0.2449 -0.9538
vn -0.0856 0.3903 -0.9167
vn -0.1873 0.0577 -0.9806
vn -0.5660 -0.0877 -0.8197
vn -0.5364 0.0850 -0.8397
vn -0.5926 0.4314 -0.6802
vn -0.6574 0.3410 -0.6720
vn -0.8937 -0.1335 0.4283
vn -0.8992 -0.3757 0.2242
vn -0.7492 0.6398 0.1712
vn -0.8750 -0.4821 0.0453
vn -0.8669 -0.4569 0.1993
vn 0.2653 -0.0194 -0.9640
vn -0.0571 0.1842 -0.9812
vn 0.0088 0.0072 -0.9999
vn 0.1663 -0.0404 -0.9853
vn -0.5828 0.1875 -0.7907
vn -0.6479 -0.0529 -0.7599
vn -0.6710 0.4766 -0.5679
vn -0.9343 -0.1936 0.2992
vn 0.3230 -0.1908 -0.9270
vn -0.7970 0.3800 0.4695
vn 0.1541 -0.0678 -0.9857
vn -0.0073 -0.2201 -0.9754
vn -0.1427 -0.2246 -0.9639
vn -0.6666 -0.0985 0.7389
vn -0.6976 -0.1178 0.7067
vn -0.0393 -0.9992 0.0016
vn 0.0221 -0.6371 -0.7705
vn -0.0176 -0.9995 0.0277
vn -0.2631 0.3158 -0.9116
vn -0.1292 0.0119 -0.9915
vn 0.1674 0.0467 -0.9848
vn 0.1178 0.3181 -0.9407
vn 0.0093 -0.0069 -0.9999
vn 0.2304 0.0948 -0.9685
vn 0.1791 0.4499 -0.8749
vn -0.0005 -0.9860 -0.1667
vn 0.0059 -0.9882 -0.1530
vn -0.0694 -0.4715 -0.8791
vn 0.0870 0.4795 -0.8732
vn -0.2258 -0.4173 -0.8803
vn -0.3125 -0.2492 -0.9166
vn -0.3502 -0.0121 -0.9366
vn -0.3398 0.2153 -0.9155
vn -0.9162 -0.0227 0.4002
vn -0.9338 -0.1622 0.3190
vn -0.8014 0.5427 0.2514
vn -0.8511 0.4438 0.2805
vn -0.9423 -0.2746 0.1914
vn -0.9240 -0.2270 0.3078
vn -0.9057 -0.4230 0.0262
vn -0.8890 -0.4566 -0.0346
vn -0.9505 -0.3012 0.0758
vn -0.9186 -0.3084 0.2470
vn -0.9224 -0.3117 0.2280
vn -0.9132 -0.3040 0.2715
vn -0.8833 0.3074 0.3541
vn -0.9079 -0.2999 0.2929
vn -0.9387 -0.1681 0.3010
vn 0.4225 -0.0837 -0.9025
vn 0.1706 -0.0661 -0.9831
vn 0.1884 -0.0400 -0.9813
vn -0.0691 -0.9976 -0.0042
vn -0.2631 0.0016 -0.9648
vn -0.1837 0.0860 -0.9792
vn -0.2887 0.1648 -0.9431
vn 0.0079 -0.2256 -0.9742
vn 0.1737 0.1573 -0.9722
vn -0.0650 0.3678 -0.9277
vn -0.0407 -0.3585 -0.9326
vn -0.1521 0.4372 -0.8864
vn -0.1615 0.2891 -0.9436
vn -0.1066 -0.0564 -0.9927
vn -0.1972 0.5787 -0.7914
vn -0.2799 0.5445 -0.7907
vn -0.1853 -0.5199 -0.8339
vn -0.4643 0.5790 -0.6702
vn -0.2639 0.5019 -0.8237
vn -0.7656 0.0078 -0.6433
vn -0.7558 0.2536 -0.6037
vn -0.7814 0.0268 -0.6235
vn -0.8129 0.5331 -0.2344
vn -0.7314 0.5703 -0.3739
vn -0.7907 0.4684 -0.3943
vn -0.8136 0.2504 0.5248
vn -0.9699 -0.1453 0.1953
vn -0.9637 -0.2642 0.0394
vn -0.9419 -0.3359 -0.0089
vn -0.9404 0.2375 0.2435
vn -0.9428 0.1532 0.2960
vn -0.9337 0.0635 0.3524
vn 0.3425 -0.1038 -0.9338
vn 0.1013 0.2202 -0.9702
vn -0.1351 -0.7357 -0.6637
vn -0.0403 -0.9897 -0.1373
vn -0.1992 0.4798 -0.8545
vn -0.0056 -0.9999 -0.0119
vn -0.0086 0.1546 -0.9879
vn 0.0099 -0.0485 -0.9988
vn 0.1927 0.1211 -0.9738
vn -0.0689 0.3748 -0.9245
vn -0.1763 0.0774 -0.9813
vn -0.1328 -0.0782 -0.9881
vn -0.1418 0.4846 -0.8631
vn 0.3395 -0.6146 0.7121
vn -0.8931 0.1814 -0.4117
vn -0.8910 -0.0206 -0.4535
vn -0.9063 0.0471 -0.4199
vn -0.9412 -0.0211 -0.3371
vn -0.9504 0.2214 -0.2182
vn -0.9873 0.0938 -0.1282
vn -0.9646 0.0042 -0.2637
vn -0.9011 0.2677 -0.3412
vn -0.9024 0.3785 -0.2060
vn -0.9933 -0.1146 -0.0177
vn -0.9398 0.3368 0.0586
vn -0.9864 0.0301 0.1617
vn -0.8372 0.5468 -0.0130
vn -0.9072 0.4201 0.0231
vn -0.9514 -0.3054 0.0384
vn -0.9736 -0.0924 0.2086
vn -0.9163 0.0650 0.3953
vn -0.9644 -0.0278 0.2628
vn -0.9650 -0.1584 0.2092
vn -0.4947 0.4816 0.7234
vn -0.9607 0.2091 0.1827
vn -0.9432 -0.2836 0.1732
vn -0.9770 0.0977 0.1894
vn -0.9674 0.0513 0.2479
vn -0.9807 0.0229 0.1940
vn -0.9847 -0.1076 0.1372
vn -0.9807 -0.0309 0.1932
vn 0.4346 -0.1289 -0.8914
vn -0.0522 -0.1604 -0.9857
vn 0.1322 0.3022 -0.9440
vn 0.1576 0.0132 -0.9874
vn -0.0113 -0.9992 0.0384
vn -0.4710 0.1083 -0.8754
vn -0.2379 0.0028 -0.9713
vn -0.4245 0.0101 -0.9054
vn -0.4200 0.3539 -0.8356
vn -0.0914 0.3718 -0.9238
vn 0.0241 -0.9586 -0.2836
vn -0.4313 0.2292 -0.8726
vn -0.8825 0.4505 -0.1349
vn -0.9783 0.1465 -0.1467
vn -0.9849 0.0489 -0.1660
vn -0.9752 -0.0092 -0.2212
vn -0.9776 -0.0266 -0.2088
vn -0.9750 -0.1249 -0.1838
vn -0.8201 0.5606 0.1144
vn -0.9772 -0.1192 -0.1759
vn -0.9834 -0.1520 -0.0990
vn -0.9916 0.0536 -0.1175
vn -0.9872 -0.1480 -0.0602
vn -0.7740 -0.1942 -0.6026
vn -0.1856 -0.7851 -0.5909
vn -0.0450 -0.4664 -0.8834
vn -0.9836 0.1787 0.0262
vn -0.9959 0.0886 0.0188
vn -0.9478 -0.3162 -0.0400
vn -0.8019 -0.5816 0.1368
vn -0.8685 -0.1964 0.4551
vn -0.7539 -0.4255 0.5005
vn -0.2790 -0.8713 0.4038
vn -0.9375 0.0664 0.3417
vn -0.3464 0.1968 -0.9172
vn -0.6157 0.1119 -0.7800
vn -0.5943 0.5323 -0.6028
vn -0.1764 -0.1042 -0.9788
vn -0.1923 -0.2471 -0.9497
vn -0.0408 -0.9806 -0.1916
vn -0.9911 0.1328 -0.0101
vn -0.9988 0.0077 0.0489
vn -0.9645 0.2607 -0.0430
vn -0.9991 0.0206 0.0371
vn -0.2992 0.1488 -0.9425
vn -0.2723 -0.0258 -0.9619
vn -0.2723 -0.0969 -0.9573
vn -0.2801 -0.0413 -0.9591
vn -0.2911 0.0635 -0.9546
vn -0.9499 0.3086 -0.0499
vn -0.9543 0.2813 -0.1010
vn -0.9831 0.1398 -0.1185
vn -0.9459 0.3199 -0.0544
vn -0.3535 0.4706 -0.8085
vn -0.9779 0.1942 -0.0780
vn -0.4220 -0.3257 -0.8461
vn -0.5985 0.5827 -0.5498
vn -0.4372 -0.0215 -0.8991
vn -0.9783 0.1413 -0.1517
vn -0.9744 0.0189 -0.2241
vn -0.9840 0.0353 -0.1744
vn -0.7853 0.6149 -0.0714
vn 0.4443 -0.3958 0.8037
vn -0.7369 0.3401 -0.5842
vn -0.7987 0.0551 -0.5992
vn -0.2002 -0.6268 -0.7530
vn -0.2436 -0.8485 -0.4698
vn -0.5047 0.4904 0.7104
vn -0.1685 -0.9121 -0.3737
vn -0.7625 -0.3109 0.5674
vn -0.5895 -0.8012 0.1030
vn -0.4480 -0.8833 0.1384
vn 0.3337 -0.1841 -0.9245
vn 0.3191 -0.1846 -0.9296
vn 0.2427 -0.1109 -0.9637
vn -0.1936 -0.1666 -0.9668
vn 0.2124 -0.0696 -0.9747
vn -0.8727 0.4836 0.0670
vn -0.8873 0.4167 0.1975
vn -0.9362 0.2972 0.1878
vn -0.9942 0.0985 0.0430
vn -0.9904 0.1353 -0.0271
vn -0.9010 0.4338 -0.0070
vn -0.7531 0.6569 0.0359
vn -0.9989 0.0189 -0.0430
vn -0.9981 0.0543 -0.0303
vn -0.8936 0.4434 0.0699
vn -0.3529 0.0498 -0.9343
vn -0.3388 -0.0238 -0.9405
vn -0.9339 0.0073 -0.3575
vn -0.9861 0.0396 -0.1612
vn -0.7202 0.0079 -0.6937
vn -0.6383 0.0005 -0.7698
vn -0.4784 0.1695 -0.8616
vn -0.9608 0.1455 -0.2360
vn -0.7922 0.3137 -0.5235
vn -0.9202 0.3120 -0.2366
vn -0.9717 0.2254 -0.0712
vn -0.9920 0.0330 0.1216
vn -0.9992 0.0009 0.0412
vn -0.9973 -0.0178 0.0707
vn -0.9934 0.0906 0.0699
vn -0.9897 0.0490 -0.1344
vn -0.4871 0.4405 -0.7541
vn -0.4742 0.1998 -0.8574
vn -0.5209 0.2311 -0.8218
vn -0.9901 0.0103 -0.1398
vn -0.9670 -0.0243 -0.2535
vn -0.8479 0.4942 -0.1919
vn -0.7756 0.4060 -0.4832
vn -0.9643 0.2594 -0.0529
vn -0.6680 0.5445 -0.5073
vn -0.8377 0.5412 -0.0727
vn -0.6512 0.7359 -0.1855
vn -0.0803 -0.0134 -0.9967
vn -0.2286 0.3077 -0.9236
vn -0.2070 0.0905 -0.9741
vn -0.3126 0.3445 -0.8852
vn -0.3038 0.4928 -0.8154
vn -0.4021 0.4764 -0.7819
vn -0.2432 -0.5177 -0.8203
vn -0.2934 0.6154 -0.7316
vn -0.5677 0.6071 -0.5560
vn -0.1692 0.1174 -0.9786
vn -0.6579 -0.7491 -0.0775
vn -0.0006 0.0700 -0.9975
vn -0.1291 -0.1233 -0.9839
vn 0.1950 0.0355 -0.9802
vn -0.2530 -0.1726 -0.9519
vn -0.8857 0.2382 0.3986
vn -0.3901 -0.7057 0.5915
vn -0.9750 0.2222 -0.0092
vn -0.9918 0.1264 -0.0200
vn -0.9961 0.0727 -0.0502
vn -0.8874 0.4287 0.1693
vn -0.7839 0.5599 0.2683
vn -0.9110 0.3277 0.2503
vn -0.7732 0.5139 0.3715
vn -0.9924 0.1232 0.0079
vn -0.7419 0.4730 0.4752
vn -0.9462 0.2224 0.2350
vn -0.9822 0.0212 -0.1867
vn -0.9678 0.1173 -0.2228
vn -0.9524 0.3045 -0.0171
vn -0.2900 0.8907 -0.3501
vn -0.5205 0.3554 -0.7764
vn -0.4949 0.0569 -0.8671
vn -0.4653 -0.0072 -0.8851
vn -0.1219 0.1319 -0.9837
vn -0.1064 -0.8769 -0.4688
vn -0.2420 0.2455 -0.9387
vn -0.2272 -0.4095 -0.8836
vn -0.5688 -0.1300 -0.8122
vn -0.4518 -0.0220 -0.8918
vn -0.5998 -0.0849 -0.7957
vn -0.6064 0.0869 -0.7904
vn -0.3424 -0.5551 -0.7581
vn -0.5367 0.5427 -0.6461
vn -0.4856 -0.4422 -0.7541
vn -0.6959 -0.1797 -0.6953
vn -0.6835 -0.0191 -0.7297
vn -0.6914 -0.1560 -0.7054
vn -0.1010 -0.0856 -0.9912
vn -0.2932 0.1128 -0.9494
vn -0.3371 0.0109 -0.9414
vn -0.3273 0.6161 -0.7165
vn -0.8348 0.4398 0.3312
vn -0.1752 -0.1714 -0.9695
vn -0.2797 -0.2516 -0.9265
vn -0.1456 -0.8971 -0.4172
vn -0.1451 -0.9717 -0.1865
vn -0.9998 0.0170 0.0056
vn -0.6993 0.7138 0.0387
vn -0.9887 0.0485 0.1416
vn -0.9285 0.0516 0.3678
vn -0.9054 0.0140 0.4244
vn -0.7352 0.0205 0.6776
vn -0.4335 -0.0231 -0.9008
vn -0.5141 -0.0034 -0.8577
vn -0.0246 -0.9718 0.2346
vn 0.0847 -0.9446 0.3172
vn -0.5546 -0.0428 -0.8310
vn -0.6729 -0.0889 -0.7344
vn -0.5849 0.2125 -0.7828
vn -0.7062 0.2021 -0.6786
vn -0.7091 0.0319 -0.7044
vn -0.7288 0.6766 -0.1054
vn -0.6376 0.6639 -0.3906
vn -0.6176 0.2341 -0.7508
vn 0.0037 -0.1443 -0.9895
vn -0.9881 -0.0730 -0.1351
vn -0.8010 -0.4007 -0.4447
vn -0.9624 -0.2708 -0.0192
vn -0.9208 0.3090 -0.2379
vn -0.9780 0.1382 0.1564
vn -0.8961 -0.4431 -0.0257
vn -0.9127 -0.3341 0.2352
vn 0.2897 -0.1629 -0.9431
vn 0.2668 -0.0584 -0.9620
vn -0.0148 -0.9990 0.0411
vn -0.3906 0.0333 -0.9200
vn -0.5095 0.2900 -0.8101
vn -0.4432 0.2253 -0.8676
vn -0.4707 0.2768 -0.8378
vn 0.1650 -0.9565 0.2406
vn -0.3970 0.2912 -0.8704
vn -0.5847 0.2946 -0.7558
vn -0.5370 0.0848 -0.8393
vn -0.6044 0.1512 -0.7822
vn -0.6139 0.2766 -0.7393
vn -0.7799 -0.1957 -0.5945
vn -0.7752 -0.0673 -0.6282
vn -0.5645 0.4319 -0.7035
vn -0.4332 -0.5116 -0.7420
vn 0.6924 -0.3550 0.6281
vn -0.7837 -0.2200 -0.5809
vn -0.7763 0.0265 -0.6298
vn 0.0191 -0.0782 -0.9968
vn 0.6263 -0.2277 -0.7456
vn 0.2656 -0.0189 -0.9639
vn 0.2648 -0.0387 -0.9635
vn 0.0813 -0.1609 -0.9836
vn -0.1166 -0.2457 -0.9623
vn -0.0226 -0.9994 0.0245
vn -0.4472 0.0258 -0.8940
vn -0.4340 -0.0895 -0.8965
vn -0.5739 0.0706 -0.8159
vn -0.5405 0.2652 -0.7985
vn -0.3642 -0.4956 -0.7885
vn -0.3998 -0.1517 -0.9040
vn -0.4177 -0.6182 -0.6659
vn -0.3802 -0.3242 -0.8662
vn -0.3955 -0.4576 -0.7963
vn -0.6881 0.0342 -0.7248
vn -0.7652 0.2724 -0.5833
vn -0.6705 0.3306 -0.6642
vn -0.7912 0.1615 -0.5899
vn -0.4247 -0.5540 -0.7160
vn -0.5102 -0.4900 -0.7068
vn -0.6118 -0.5028 -0.6106
vn -0.5912 -0.4546 -0.6662
vn -0.6148 -0.4454 -0.6509
vn 0.0442 -0.2121 -0.9762
vn -0.5261 0.4746 -0.7057
vn -0.6591 0.2153 -0.7206
vn -0.5492 0.1536 -0.8214
vn -0.4705 -0.5907 -0.6555
vn 0.3944 -0.9006 0.1826
vn -0.7595 0.1416 -0.6349
vn -0.7744 -0.2325 -0.5885
vn -0.7183 0.4028 -0.5673
vn -0.7712 -0.1716 -0.6131
vn -0.7921 0.0726 -0.6060
vn -0.6577 -0.5371 -0.5282
vn -0.8653 -0.1284 -0.4846
vn 0.7118 -0.2042 -0.6721
vn -0.2543 -0.3776 -0.8904
vn -0.1784 -0.9818 -0.0651
vn -0.7156 -0.3306 -0.6153
vn -0.4522 -0.7829 -0.4274
vn -0.8397 -0.4614 -0.2865
vn -0.4994 -0.3807 -0.7783
vn 0.1081 -0.9768 -0.1846
vn 0.0011 -0.9471 -0.3210
vn -0.7967 -0.0948 -0.5968
vn -0.8404 0.2096 -0.4999
vn -0.8348 0.1060 -0.5402
vn -0.7681 -0.0145 -0.6401
vn -0.6927 0.6823 -0.2335
vn -0.6518 -0.5437 -0.5287
vn -0.5529 -0.5588 -0.6181
vn -0.7977 -0.4393 -0.4131
vn -0.8928 -0.3364 -0.2995
vn -0.8987 0.0851 -0.4303
vn -0.8201 -0.1294 0.5574
vn -0.8646 0.0640 0.4984
vn 0.0784 -0.4374 -0.8959
vn -0.1404 -0.9899 -0.0191
vn 0.1377 -0.8749 0.4644
vn -0.0936 -0.9797 0.1775
vn -0.5268 0.0272 -0.8495
vn -0.6249 0.1937 -0.7562
vn -0.5667 0.4570 -0.6856
vn -0.5000 0.5905 -0.6334
vn -0.5583 0.1196 -0.8210
vn -0.8587 0.1291 -0.4959
vn -0.5495 0.2826 -0.7863
vn -0.5492 -0.2190 -0.8065
vn -0.9204 -0.1830 -0.3456
vn -0.8718 0.2146 -0.4403
vn -0.6342 0.4680 -0.6154
vn -0.5238 -0.5009 -0.6890
vn -0.8156 0.2553 -0.5192
vn -0.7318 -0.1692 -0.6602
vn -0.1990 -0.9800 -0.0038
vn -0.2235 -0.9745 -0.0192
vn 0.0475 -0.0246 -0.9986
vn -0.7281 -0.5662 -0.3863
vn -0.7547 -0.5333 -0.3821
vn 0.0535 -0.0688 -0.9962
vn -0.8504 -0.4589 -0.2573
vn -0.9416 -0.1489 -0.3021
vn -0.9716 0.1520 -0.1816
vn -0.9208 -0.2307 0.3144
vn -0.9519 -0.1020 0.2890
vn -0.9340 -0.1040 0.3417
vn -0.9346 0.1434 0.3256
vn -0.9600 0.1110 0.2572
vn -0.9573 0.2247 0.1821
vn -0.8845 0.2398 0.4001
vn -0.1121 -0.9763 -0.1853
vn -0.5405 -0.0019 -0.8413
vn -0.4945 -0.3410 -0.7995
vn -0.4089 -0.6443 -0.6463
vn -0.5767 0.3590 -0.7338
vn -0.6474 -0.0059 -0.7621
vn -0.5635 -0.0447 -0.8249
vn -0.9645 0.1075 -0.2411
vn -0.8830 -0.4601 -0.0925
vn -0.9527 0.0928 -0.2895
vn -0.8447 0.0639 -0.5313
vn -0.7874 -0.6142 -0.0525
vn -0.8650 -0.1222 -0.4866
vn -0.9918 -0.0169 -0.1268
vn -0.9998 -0.0071 -0.0208
vn -0.9977 0.0166 -0.0663
vn -0.9470 -0.2903 -0.1375
vn 0.0235 0.2322 -0.9724
vn -0.8464 -0.4986 -0.1870
vn -0.9317 0.2662 -0.2470
vn -0.9678 -0.2429 -0.0666
vn -0.9925 -0.0145 -0.1217
vn -0.9574 -0.2811 0.0655
vn -0.9940 -0.0542 0.0950
vn -0.9903 0.1198 0.0707
vn -0.9148 -0.3234 0.2421
vn -0.9557 -0.1238 0.2670
vn -0.0471 -0.9971 0.0597
vn -0.6601 0.0328 -0.7504
vn -0.9954 -0.0447 -0.0853
vn -0.8682 -0.1135 -0.4830
vn -0.9948 -0.0770 -0.0673
vn -0.6749 0.5440 -0.4985
vn -0.9803 -0.0044 -0.1973
vn -0.6619 -0.4773 -0.5780
vn -0.9277 -0.0230 -0.3727
vn -0.9744 -0.0920 -0.2051
vn -0.9692 -0.0674 -0.2370
vn -0.9617 -0.0440 -0.2707
vn -0.9285 -0.3062 -0.2099
vn -0.6421 -0.7272 -0.2427
vn -0.9340 0.2131 -0.2867
vn 0.5203 -0.8494 0.0881
vn -0.8812 -0.4725 0.0178
vn -0.9355 -0.3530 -0.0133
vn -0.8573 -0.4625 0.2262
vn -0.8355 -0.4127 0.3628
vn -0.8727 0.2498 0.4195
vn -0.8214 0.2218 0.5254
vn 0.0024 -1.0000 0.0002
vn -0.1710 -0.9459 0.2756
vn 0.1533 -0.9861 -0.0647
vn -0.6357 -0.0717 -0.7686
vn -0.5940 -0.2624 -0.7605
vn -0.9455 0.1708 -0.2773
vn -0.9457 -0.0841 -0.3140
vn -0.9181 -0.0616 -0.3916
vn -0.9265 -0.1103 -0.3597
vn -0.8988 -0.2070 -0.3864
vn -0.9441 0.2959 -0.1454
vn -0.8588 -0.4999 -0.1119
vn 0.1932 -0.9804 0.0394
vn -0.9459 0.2535 0.2024
vn -0.2311 -0.8394 0.4919
vn -0.6263 0.1990 -0.7537
vn -0.5944 0.1280 -0.7939
vn -0.6099 -0.0438 -0.7913
vn -0.6949 -0.0066 -0.7191
vn -0.6191 0.4616 -0.6353
vn -0.7094 0.1897 -0.6788
vn -0.6144 0.5647 -0.5510
vn -0.6462 0.0699 -0.7600
vn -0.6327 -0.1834 -0.7524
vn -0.5500 0.2929 -0.7821
vn -0.7294 -0.4011 -0.5542
vn -0.6582 -0.4068 -0.6335
vn -0.0159 -0.9998 -0.0121
vn -0.7211 0.4993 -0.4803
vn -0.9629 0.0045 -0.2697
vn -0.9698 -0.0830 -0.2295
vn -0.7601 -0.4782 -0.4400
vn -0.8233 -0.4953 -0.2771
vn -0.9708 0.0488 -0.2351
vn -0.9701 -0.0648 -0.2340
vn -0.8788 -0.0621 -0.4731
vn -0.8538 -0.0775 -0.5148
vn -0.8674 -0.1441 -0.4762
vn -0.8282 -0.2037 -0.5220
vn -0.9709 0.2372 0.0338
vn -0.6091 -0.7452 -0.2714
vn -0.1509 -0.9820 -0.1134
vn -0.8998 -0.4348 0.0362
vn 0.0059 -1.0000 0.0029
vn -0.8196 -0.4746 0.3210
vn -0.9559 0.2449 0.1620
vn 0.3499 -0.9335 0.0787
vn -0.7962 0.2502 0.5509
vn -0.7406 -0.2183 0.6354
vn -0.3175 -0.8968 0.3082
vn -0.6636 0.3603 0.6556
vn -0.6077 0.1282 -0.7837
vn -0.4777 0.4099 -0.7770
vn -0.7528 -0.2999 -0.5860
vn -0.6878 -0.3443 -0.6391
vn -0.9109 -0.0126 -0.4125
vn -0.9296 0.0604 -0.3636
vn -0.9579 0.1320 -0.2548
vn -0.8638 -0.0301 -0.5030
vn -0.8469 -0.0729 -0.5268
vn -0.9542 0.2169 -0.2063
vn -0.8799 -0.4289 0.2043
vn -0.9702 0.2381 0.0444
vn -0.9486 0.2790 0.1492
vn -0.8497 0.0265 0.5266
vn -0.1026 -0.9858 0.1326
vn -0.7130 0.0278 -0.7006
vn -0.7282 -0.1887 -0.6589
vn -0.8126 -0.4269 -0.3967
vn -0.1677 0.7711 -0.6142
vn -0.1862 0.6582 -0.7294
vn -0.0321 0.3705 -0.9283
vn -0.0739 0.3838 -0.9205
vn -0.9053 -0.4166 -0.0826
vn -0.9196 0.0158 -0.3926
vn -0.8882 -0.1101 -0.4460
vn -0.3346 -0.9226 -0.1918
vn -0.1898 -0.9818 0.0061
vn -0.8825 -0.3511 0.3129
vn -0.9623 0.1562 0.2227
vn -0.2657 -0.9637 0.0255
vn -0.7512 -0.3169 0.5791
vn -0.8372 -0.1914 0.5123
vn -0.0480 -0.9949 0.0890
vn -0.9606 0.0267 0.2767
vn -0.9557 0.0025 0.2945
vn -0.9651 0.0464 0.2576
vn -0.9792 0.0322 0.2003
vn -0.7864 0.1132 0.6073
vn -0.2577 -0.9050 -0.3384
vn -0.0806 -0.9925 -0.0914
vn -0.6944 0.4636 -0.5503
vn -0.6107 0.0440 -0.7906
vn -0.6523 -0.0790 -0.7539
vn -0.7081 -0.0922 -0.7001
vn -0.7182 -0.1514 -0.6792
vn -0.8823 -0.4251 -0.2020
vn 0.0368 -0.0190 -0.9991
vn -0.9286 -0.3621 0.0807
vn -0.9737 0.0667 -0.2179
vn -0.9297 -0.0525 -0.3647
vn -0.9863 0.1646 0.0124
vn -0.9732 -0.0490 -0.2245
vn -0.8827 -0.2130 -0.4189
vn -0.9678 0.0981 0.2320
vn -0.9901 0.0288 0.1375
vn -0.9950 0.0922 0.0370
vn -0.9973 0.0678 0.0273
vn -0.9669 0.1626 0.1967
vn -0.9248 0.1869 0.3313
vn -0.9629 -0.0895 0.2545
vn -0.9228 -0.3045 0.2361
vn -0.8572 -0.3385 0.3881
vn -0.8788 0.0064 0.4772
vn -0.0481 -0.9977 0.0477
vn -0.2581 -0.9206 0.2932
vn -0.6418 -0.0077 -0.7668
vn -0.6560 -0.0189 -0.7545
vn -0.7693 0.0759 -0.6343
vn -0.7545 -0.0035 -0.6563
vn -0.5110 0.1796 -0.8406
vn -0.8346 -0.3783 -0.4004
vn -0.9152 -0.4030 -0.0007
vn -0.9422 -0.3338 0.0299
vn -0.9740 -0.0088 -0.2263
vn -0.9948 0.0979 0.0273
vn -0.9996 0.0144 0.0238
vn -0.9999 -0.0066 0.0158
vn -0.9826 -0.0395 -0.1812
vn -0.9335 -0.3010 0.1948
vn -0.9894 -0.1334 -0.0567
vn -0.9974 -0.0054 0.0716
vn -0.9910 -0.1014 0.0870
vn -0.9180 -0.2603 0.2993
vn -0.9885 -0.1454 0.0404
vn -0.9632 -0.2687 -0.0105
vn -0.7726 0.2094 -0.5994
vn -0.6473 0.5997 -0.4704
vn -0.7911 -0.2751 -0.5463
vn -0.4530 0.4138 -0.7897
vn -0.9594 -0.2288 0.1651
vn -0.9150 -0.1439 0.3769
vn -0.6519 -0.3445 0.6755
vn -0.6484 0.1801 -0.7397
vn -0.7161 0.0201 -0.6977
vn -0.6749 0.0271 -0.7374
vn -0.7297 0.0029 -0.6837
vn -0.7722 0.3188 -0.5496
vn -0.8919 -0.4148 -0.1803
vn 0.0073 0.0486 -0.9988
vn -0.9162 -0.3872 0.1036
vn -0.9332 -0.2990 0.1995
vn -0.9128 -0.1664 0.3728
vn -0.9266 -0.1648 0.3379
vn -0.7381 -0.6660 -0.1083
vn 0.1495 -0.8869 0.4371
vn -0.7730 0.2220 0.5943
vn -0.7229 0.3999 -0.5634
vn -0.8345 -0.0018 -0.5510
vn -0.7831 0.2299 -0.5778
vn -0.7292 0.4798 -0.4879
vn -0.5503 0.1729 -0.8168
vn -0.0314 0.1318 -0.9908
vn -0.8675 -0.4481 0.2158
vn -0.3721 -0.9042 -0.2095
vn -0.4366 -0.8655 -0.2456
vn -0.3043 -0.9451 -0.1189
vn -0.8096 0.0309 0.5862
vn -0.7750 0.0288 -0.6313
vn -0.7722 0.0034 -0.6354
vn -0.7624 -0.2294 -0.6051
vn -0.7354 -0.0605 -0.6749
vn -0.8326 0.0617 -0.5504
vn -0.6636 -0.2529 -0.7041
vn -0.7755 -0.3822 -0.5025
vn -0.8930 -0.3353 -0.3002
vn -0.1393 0.4112 -0.9008
vn 0.0182 0.0165 -0.9997
vn -0.7054 -0.7088 0.0065
vn -0.5444 -0.7998 -0.2528
vn -0.0571 -0.9978 0.0336
vn -0.7815 0.0002 0.6239
vn -0.7127 -0.4448 -0.5423
vn -0.6794 0.4277 -0.5962
vn -0.8235 0.3408 -0.4535
vn -0.6876 -0.2821 -0.6690
vn -0.1295 0.1913 -0.9730
vn -0.8539 -0.4815 -0.1975
vn -0.8693 -0.4859 0.0908
vn -0.5860 0.5185 0.6227
vn -0.8360 0.1862 0.5162
vn -0.8583 0.0267 0.5125
vn -0.8557 0.0026 0.5174
vn -0.8637 0.0040 0.5040
vn -0.8286 0.0579 -0.5568
vn -0.8338 -0.0014 -0.5520
vn -0.8621 -0.1225 -0.4918
vn -0.5524 -0.7473 -0.3693
vn -0.1324 -0.9878 -0.0820
vn -0.6823 0.6015 -0.4156
vn -0.0898 -0.9956 -0.0270
vn -0.5857 0.0091 -0.8105
vn -0.8631 0.1608 -0.4788
vn -0.8849 0.0052 -0.4657
vn -0.8934 -0.0134 -0.4492
vn -0.9043 0.1098 -0.4126
vn -0.4721 0.2248 -0.8524
vn -0.0505 0.0978 -0.9939
vn -0.5648 -0.7816 -0.2649
vn -0.8261 0.1229 -0.5499
vn -0.7110 -0.4590 -0.5327
vn -0.5856 0.0752 -0.8071
vn -0.8348 -0.0250 -0.5500
vn -0.4476 0.5375 -0.7147
vn -0.7265 -0.6821 -0.0826
vn -0.6091 -0.7823 -0.1307
vn -0.0169 -0.9998 0.0060
vn -0.8738 -0.0012 0.4863
vn -0.8867 -0.0241 0.4617
vn -0.8823 0.0524 0.4678
vn -0.8812 0.0041 0.4727
vn -0.6737 0.2163 -0.7066
vn -0.7194 -0.6253 -0.3024
vn -0.0328 0.0074 -0.9994
vn -0.7532 -0.6553 -0.0570
vn -0.7057 0.5246 0.4762
vn -0.8919 -0.0382 0.4505
vn -0.8306 -0.1812 0.5266
vn -0.8453 -0.0467 0.5323
vn -0.8859 0.0441 -0.4617
vn -0.8900 -0.0118 -0.4557
vn -0.7671 -0.4057 -0.4969
vn 0.1163 0.5095 -0.8525
vn -0.0560 -0.9984 -0.0099
vn -0.7828 0.4231 0.4564
vn -0.6089 -0.7631 -0.2166
vn -0.3054 -0.9521 0.0173
vn -0.2896 0.0217 0.9569
vn -0.0976 -0.9941 0.0474
vn -0.7617 -0.1573 -0.6286
vn 0.1121 0.0041 -0.9937
vn -0.7010 -0.6699 -0.2447
vn -0.6110 -0.7312 0.3033
vn -0.7007 -0.6267 -0.3410
vn -0.9287 -0.0604 -0.3659
vn -0.4174 -0.8905 -0.1810
vn -0.0868 0.0319 -0.9957
vn -0.2501 0.0094 -0.9682
vn -0.0590 0.0693 -0.9959
vn -0.8178 0.5335 0.2159
vn -0.9264 0.1218 -0.3564
vn -0.9236 0.2905 -0.2503
vn -0.7249 0.0047 -0.6888
vn -0.1606 0.0409 -0.9862
vn -0.3553 0.0593 -0.9329
vn -0.8263 0.4462 -0.3436
vn -0.6999 0.3408 -0.6276
vn -0.8852 0.3001 -0.3554
vn -0.8120 0.1885 -0.5523
vn -0.8805 0.1525 -0.4489
vn -0.8784 -0.1783 -0.4434
vn -0.8833 -0.4002 -0.2441
vn -0.8927 0.4482 -0.0456
vn -0.8370 0.5465 -0.0267
vn -0.8239 0.5664 -0.0191
vn -0.8417 0.5214 0.1406
vn -0.8628 0.4151 0.2886
vn -0.8377 0.3468 0.4218
vn -0.8107 0.1435 0.5676
vn -0.9150 -0.3880 0.1108
vn -0.8103 0.0154 0.5859
vn -0.8044 0.5939 0.0140
vn -0.9352 -0.0054 0.3541
vn -0.9630 -0.0793 -0.2576
vn -0.9292 0.2879 -0.2318
vn -0.8877 0.1356 -0.4400
vn -0.7320 -0.6421 -0.2277
vn -0.9727 0.1099 -0.2043
vn -0.9568 0.0049 -0.2907
vn -0.9967 0.0322 -0.0751
vn -0.9969 0.0007 -0.0790
vn -0.9768 0.2067 -0.0550
vn -0.6376 -0.7562 -0.1470
vn -0.8846 0.3709 -0.2827
vn -0.9668 0.1159 -0.2279
vn -0.9063 0.3907 -0.1613
vn -0.9549 0.2845 0.0847
vn -0.9137 -0.4063 -0.0065
vn -0.9268 0.2561 0.2748
vn -0.9595 0.1056 0.2611
vn -0.9967 0.0024 0.0811
vn -0.9809 -0.1471 0.1273
vn -0.9541 0.0982 0.2829
vn -0.9966 0.0256 0.0779
vn -0.9868 0.0002 0.1617
vn -0.9590 0.0196 0.2826
vn -0.8088 -0.5614 0.1752
vn -0.9738 0.1381 -0.1809
vn -0.9855 -0.0401 -0.1650
vn -0.8648 -0.4788 -0.1514
vn -0.9939 -0.0520 -0.0968
vn -0.9989 -0.0220 0.0403
vn -0.9998 -0.0040 -0.0190
vn -0.9998 0.0110 -0.0160
vn -0.5249 -0.8509 -0.0225
vn -0.4536 -0.8911 -0.0104
vn -0.9994 -0.0020 0.0352
vn -0.9990 0.0370 0.0246
vn -0.5262 -0.8483 0.0591
vn -0.9905 -0.0161 0.1365
vn -0.9953 -0.0385 0.0888
vn -0.9972 0.0075 -0.0743
vn -0.9999 -0.0145 -0.0029
vn -0.9989 -0.0462 0.0027
vt 0.480947 0.191524
vt 0.469148 0.198832
vt 0.478754 0.204762
vt 0.505373 0.194608
vt 0.491476 0.199731
vt 0.506898 0.203792
vt 0.467210 0.209768
vt 0.459179 0.195284
vt 0.488815 0.245501
vt 0.477007 0.232176
vt 0.467582 0.243295
vt 0.488102 0.213096
vt 0.477442 0.218347
vt 0.526418 0.234900
vt 0.536508 0.237376
vt 0.535491 0.223649
vt 0.519301 0.203440
vt 0.536685 0.204335
vt 0.524748 0.191975
vt 0.510531 0.161736
vt 0.501110 0.169783
vt 0.516515 0.170492
vt 0.479857 0.269874
vt 0.482408 0.260521
vt 0.478813 0.255681
vt 0.504557 0.293532
vt 0.509574 0.280911
vt 0.492395 0.287974
vt 0.515052 0.269510
vt 0.501479 0.257954
vt 0.493006 0.274194
vt 0.487865 0.267448
vt 0.480260 0.179996
vt 0.467870 0.188597
vt 0.456920 0.231117
vt 0.491725 0.187447
vt 0.447738 0.196960
vt 0.444293 0.205117
vt 0.516396 0.227663
vt 0.526283 0.214550
vt 0.506572 0.215640
vt 0.496865 0.230518
vt 0.476466 0.165558
vt 0.488833 0.176164
vt 0.486927 0.161195
vt 0.498442 0.180202
vt 0.467729 0.279633
vt 0.459639 0.268468
vt 0.500231 0.160125
vt 0.536453 0.188596
vt 0.532151 0.177041
vt 0.463715 0.179032
vt 0.471107 0.172323
vt 0.507008 0.243776
vt 0.447109 0.241924
vt 0.451256 0.259259
vt 0.452154 0.188900
vt 0.512927 0.180484
vt 0.516710 0.238844
vt 0.526716 0.245040
vt 0.536453 0.253909
vt 0.482496 0.282218
vt 0.479908 0.292107
vt 0.448621 0.254012
vt 0.531146 0.270638
vt 0.522384 0.282746
vt 0.513352 0.275141
vt 0.491452 0.294826
vt 0.511857 0.291924
vt 0.519584 0.255815
vt 0.475210 0.288826
vt 0.446619 0.219344
vt 0.526033 0.169238
vt 0.519986 0.164355
vt 0.533738 0.265799
vt 0.603834 0.426816
vt 0.617078 0.423985
vt 0.600879 0.416138
vt 0.581553 0.407961
vt 0.580039 0.413925
vt 0.589119 0.412752
vt 0.604970 0.361038
vt 0.614225 0.366061
vt 0.612258 0.355526
vt 0.620679 0.349432
vt 0.613080 0.348669
vt 0.618769 0.356973
vt 0.650134 0.359335
vt 0.650510 0.367752
vt 0.653746 0.364631
vt 0.655169 0.383606
vt 0.653502 0.379757
vt 0.656406 0.387607
vt 0.625870 0.387589
vt 0.626730 0.396459
vt 0.636055 0.392436
vt 0.633458 0.411265
vt 0.634739 0.401723
vt 0.625211 0.405290
vt 0.597055 0.367226
vt 0.606919 0.376564
vt 0.618153 0.397883
vt 0.642147 0.360220
vt 0.645058 0.397351
vt 0.643394 0.385778
vt 0.623405 0.372466
vt 0.625189 0.363865
vt 0.637989 0.370520
vt 0.638238 0.351570
vt 0.630132 0.356923
vt 0.583215 0.385731
vt 0.584283 0.402407
vt 0.594137 0.395067
vt 0.585430 0.375275
vt 0.599136 0.382822
vt 0.616025 0.382263
vt 0.631917 0.421162
vt 0.642836 0.415679
vt 0.628937 0.349008
vt 0.595825 0.388723
vt 0.588626 0.367135
vt 0.598206 0.375506
vt 0.602786 0.350603
vt 0.595529 0.357947
vt 0.607978 0.385859
vt 0.593938 0.404369
vt 0.632027 0.369924
vt 0.622094 0.414351
vt 0.647254 0.379789
vt 0.649589 0.391063
vt 0.603849 0.394996
vt 0.609523 0.408758
vt 0.581938 0.420810
vt 0.636114 0.363929
vt 0.610506 0.400552
vt 0.658613 0.386361
vt 0.656844 0.370010
vt 0.651308 0.376419
vt 0.658335 0.376917
vt 0.644843 0.373784
vt 0.642529 0.405367
vt 0.652978 0.403592
vt 0.634706 0.379593
vt 0.659421 0.391657
vt 0.656804 0.390970
vt 0.658751 0.382499
vt 0.655616 0.397668
vt 0.644107 0.352223
vt 0.627970 0.379884
vt 0.649306 0.407186
vt 0.592335 0.426742
vt 0.693355 0.685734
vt 0.689649 0.687321
vt 0.691934 0.681986
vt 0.610539 0.427028
vt 0.585938 0.424606
vt 0.804195 0.639507
vt 0.805381 0.644689
vt 0.801448 0.642947
vt 0.047928 0.907499
vt 0.043025 0.908050
vt 0.045029 0.914808
vt 0.799290 0.639058
vt 0.582880 0.797056
vt 0.589060 0.799732
vt 0.590127 0.797056
vt 0.253048 0.693462
vt 0.250179 0.691788
vt 0.255297 0.690686
vt 0.250681 0.688263
vt 0.731962 0.152390
vt 0.748070 0.140702
vt 0.730786 0.139423
vt 0.743479 0.128759
vt 0.782530 0.128402
vt 0.783904 0.134069
vt 0.782941 0.115178
vt 0.731571 0.116854
vt 0.731496 0.104089
vt 0.784328 0.099320
vt 0.782314 0.100218
vt 0.746261 0.091005
vt 0.731355 0.081963
vt 0.783641 0.153553
vt 0.788200 0.152188
vt 0.779334 0.140630
vt 0.886546 0.122184
vt 0.839182 0.116089
vt 0.885062 0.151649
vt 0.835459 0.134492
vt 0.789442 0.118698
vt 0.786732 0.130121
vt 0.887309 0.092493
vt 0.840193 0.099242
vt 0.782655 0.085901
vt 0.786709 0.093584
vt 0.787041 0.074435
vt 0.781831 0.077512
vt 0.165708 0.039532
vt 0.163973 0.043700
vt 0.159873 0.043162
vt 0.785335 0.164379
vt 0.771123 0.166015
vt 0.731105 0.165554
vt 0.786761 0.157723
vt 0.895447 0.153340
vt 0.883403 0.156666
vt 0.812656 0.156749
vt 0.825897 0.152603
vt 0.369605 0.747501
vt 0.379575 0.745615
vt 0.372757 0.754318
vt 0.367135 0.755870
vt 0.891028 0.133179
vt 0.381465 0.755416
vt 0.901187 0.141713
vt 0.372170 0.763913
vt 0.365555 0.765232
vt 0.897355 0.093482
vt 0.789211 0.096890
vt 0.894574 0.077968
vt 0.884398 0.078855
vt 0.788712 0.078461
vt 0.885567 0.075023
vt 0.809205 0.075422
vt 0.879035 0.071356
vt 0.786959 0.070224
vt 0.785549 0.066762
vt 0.024941 0.924621
vt 0.024844 0.920388
vt 0.020278 0.918329
vt 0.730639 0.069273
vt 0.786273 0.176684
vt 0.784233 0.180437
vt 0.732444 0.181084
vt 0.177772 0.036336
vt 0.078677 0.418236
vt 0.074875 0.417773
vt 0.085380 0.431631
vt 0.374907 0.739421
vt 0.367720 0.741981
vt 0.898334 0.158411
vt 0.906250 0.153382
vt 0.360249 0.745983
vt 0.387646 0.744072
vt 0.360564 0.755695
vt 0.376732 0.767791
vt 0.357991 0.766270
vt 0.389779 0.763839
vt 0.364767 0.774888
vt 0.553848 0.515396
vt 0.503063 0.486314
vt 0.548397 0.526094
vt 0.905356 0.096087
vt 0.906250 0.076755
vt 0.902270 0.072516
vt 0.745266 0.903614
vt 0.755582 0.901998
vt 0.760077 0.906780
vt 0.765384 0.903023
vt 0.810524 0.071491
vt 0.779782 0.899819
vt 0.832875 0.905051
vt 0.843752 0.902425
vt 0.856065 0.906770
vt 0.015743 0.907703
vt 0.730786 0.059590
vt 0.786065 0.055316
vt 0.774143 0.052427
vt 0.174218 0.042136
vt 0.367725 0.732368
vt 0.167852 0.051222
vt 0.384861 0.733326
vt 0.357642 0.735075
vt 0.033064 0.340954
vt 0.034395 0.327641
vt 0.028533 0.333175
vt 0.565242 0.528546
vt 0.393510 0.752572
vt 0.354059 0.760377
vt 0.645542 0.967119
vt 0.638866 0.960877
vt 0.647192 0.952661
vt 0.351063 0.778894
vt 0.634932 0.951567
vt 0.641545 0.939728
vt 0.763779 0.898292
vt 0.799398 0.893753
vt 0.824482 0.902026
vt 0.844758 0.895592
vt 0.854119 0.895348
vt 0.856428 0.903637
vt 0.027507 0.918406
vt 0.019063 0.903738
vt 0.731382 0.047521
vt 0.786194 0.037690
vt 0.736818 0.194591
vt 0.784764 0.194365
vt 0.787519 0.195087
vt 0.196045 0.032881
vt 0.378704 0.727376
vt 0.174776 0.047189
vt 0.354522 0.744102
vt 0.395425 0.733661
vt 0.399909 0.741296
vt 0.572111 0.516223
vt 0.399054 0.761517
vt 0.347704 0.773856
vt 0.541047 0.492052
vt 0.509343 0.474850
vt 0.628652 0.965087
vt 0.631056 0.937898
vt 0.635879 0.925979
vt 0.484149 0.469320
vt 0.492925 0.458786
vt 0.762806 0.893186
vt 0.036591 0.917544
vt 0.033920 0.914314
vt 0.027691 0.907270
vt 0.011196 0.884691
vt 0.011192 0.890508
vt 0.730911 0.039124
vt 0.775934 0.039296
vt 0.731728 0.206648
vt 0.191140 0.038098
vt 0.181838 0.047425
vt 0.170137 0.054862
vt 0.815131 0.464928
vt 0.799923 0.456021
vt 0.801601 0.475022
vt 0.789851 0.467509
vt 0.642388 0.976869
vt 0.633803 0.973713
vt 0.345070 0.768486
vt 0.624905 0.949914
vt 0.627077 0.924917
vt 0.623035 0.934230
vt 0.500426 0.450573
vt 0.846087 0.894053
vt 0.741134 0.906770
vt 0.731995 0.903361
vt 0.733821 0.898667
vt 0.741359 0.893527
vt 0.751664 0.890648
vt 0.755283 0.889752
vt 0.762148 0.891180
vt 0.816163 0.891952
vt 0.024348 0.898165
vt 0.785547 0.204866
vt 0.361980 0.722429
vt 0.345883 0.718980
vt 0.413975 0.247184
vt 0.412926 0.236155
vt 0.421783 0.250223
vt 0.186237 0.052648
vt 0.346241 0.739446
vt 0.344804 0.729067
vt 0.377580 0.871076
vt 0.376468 0.903999
vt 0.365535 0.879193
vt 0.363497 0.912987
vt 0.579421 0.505914
vt 0.565600 0.496743
vt 0.634114 0.984831
vt 0.336562 0.781897
vt 0.619538 0.965014
vt 0.340384 0.785541
vt 0.625811 0.917577
vt 0.799549 0.887804
vt 0.832013 0.889257
vt 0.034848 0.906410
vt 0.028138 0.900103
vt 0.024326 0.892713
vt 0.015205 0.884170
vt 0.774225 0.023896
vt 0.205295 0.035359
vt 0.186693 0.045501
vt 0.191338 0.050613
vt 0.421863 0.232603
vt 0.429088 0.235901
vt 0.430543 0.244700
vt 0.363763 0.867623
vt 0.359152 0.872766
vt 0.376410 0.935741
vt 0.361398 0.950071
vt 0.334599 0.739636
vt 0.378170 0.944969
vt 0.377851 0.965770
vt 0.361749 0.964473
vt 0.826298 0.467791
vt 0.831661 0.452301
vt 0.044451 0.327231
vt 0.042471 0.310834
vt 0.375975 0.866179
vt 0.371613 0.861692
vt 0.372594 0.858329
vt 0.336003 0.753412
vt 0.344945 0.755725
vt 0.816008 0.452967
vt 0.341007 0.762281
vt 0.788041 0.453741
vt 0.623100 0.979368
vt 0.527618 0.463560
vt 0.617672 0.944142
vt 0.616393 0.923459
vt 0.616513 0.913959
vt 0.498590 0.444230
vt 0.723676 0.895790
vt 0.741506 0.885117
vt 0.756711 0.878084
vt 0.856053 0.876959
vt 0.856110 0.885687
vt 0.857738 0.893353
vt 0.760893 0.876170
vt 0.838553 0.873247
vt 0.022525 0.884724
vt 0.730761 0.023407
vt 0.007699 0.869036
vt 0.786113 0.016014
vt 0.763350 0.211567
vt 0.209527 0.041001
vt 0.192562 0.045271
vt 0.206120 0.044268
vt 0.352714 0.878430
vt 0.434240 0.232602
vt 0.326123 0.727162
vt 0.572501 0.488515
vt 0.331527 0.763925
vt 0.331194 0.773297
vt 0.332594 0.791136
vt 0.613508 0.957738
vt 0.611500 0.934733
vt 0.727320 0.885513
vt 0.750655 0.883315
vt 0.755086 0.858444
vt 0.033122 0.897692
vt 0.768090 0.870789
vt 0.027625 0.890619
vt 0.782512 0.223461
vt 0.732971 0.222489
vt 0.222536 0.029918
vt 0.205347 0.029231
vt 0.346667 0.869094
vt 0.347435 0.943323
vt 0.338753 0.865449
vt 0.822776 0.442698
vt 0.311055 0.739755
vt 0.803477 0.440604
vt 0.308049 0.751288
vt 0.317035 0.763772
vt 0.788502 0.439022
vt 0.773832 0.448740
vt 0.327493 0.774800
vt 0.611990 0.977182
vt 0.609562 0.948183
vt 0.610636 0.916566
vt 0.510122 0.437589
vt 0.720632 0.890405
vt 0.741155 0.879878
vt 0.030965 0.883358
vt 0.021308 0.877451
vt 0.014626 0.867957
vt 0.731782 0.010548
vt 0.218702 0.034738
vt 0.339438 0.873131
vt 0.342142 0.963356
vt 0.206072 0.051688
vt 0.329620 0.712917
vt 0.349897 0.855749
vt 0.427682 0.220843
vt 0.363762 0.850788
vt 0.835195 0.441024
vt 0.586816 0.501358
vt 0.591243 0.481779
vt 0.774298 0.434597
vt 0.234149 0.682177
vt 0.240964 0.677525
vt 0.239690 0.683919
vt 0.247078 0.678864
vt 0.245339 0.685297
vt 0.607802 0.924694
vt 0.749817 0.856281
vt 0.758993 0.857429
vt 0.856456 0.862664
vt 0.764327 0.859340
vt 0.812985 0.857595
vt 0.025581 0.872843
vt 0.021689 0.868081
vt 0.008819 0.861581
vt 0.775821 0.009367
vt 0.335889 0.878005
vt 0.335227 0.936820
vt 0.312773 0.713813
vt 0.436075 0.223677
vt 0.308078 0.729516
vt 0.302933 0.760240
vt 0.553359 0.461840
vt 0.306934 0.776434
vt 0.616555 0.912153
vt 0.610862 0.909849
vt 0.607407 0.892799
vt 0.613843 0.986501
vt 0.600037 0.980738
vt 0.602214 0.942970
vt 0.539380 0.454590
vt 0.515422 0.431313
vt 0.512389 0.427512
vt 0.708637 0.887601
vt 0.728976 0.874085
vt 0.955692 0.814897
vt 0.955988 0.789665
vt 0.945690 0.807981
vt 0.606784 0.552433
vt 0.591350 0.554113
vt 0.592815 0.549118
vt 0.225682 0.040332
vt 0.223067 0.043226
vt 0.356594 0.965505
vt 0.332950 0.966188
vt 0.215001 0.047934
vt 0.335235 0.701575
vt 0.331951 0.860710
vt 0.820757 0.435011
vt 0.022031 0.740310
vt 0.031228 0.747410
vt 0.014379 0.760666
vt 0.011765 0.737099
vt 0.011406 0.755493
vt 0.283031 0.747900
vt 0.799416 0.430719
vt 0.033011 0.763961
vt 0.017849 0.779001
vt 0.014425 0.782478
vt 0.031531 0.778799
vt 0.600958 0.900607
vt 0.606585 0.910382
vt 0.022070 0.789283
vt 0.595510 0.967508
vt 0.253062 0.685001
vt 0.274142 0.673060
vt 0.261901 0.680150
vt 0.255168 0.676179
vt 0.731918 0.871869
vt 0.856244 0.850648
vt 0.769925 0.844235
vt 0.030419 0.871294
vt 0.939323 0.793449
vt 0.901923 0.808060
vt 0.008325 0.843684
vt 0.604867 0.506311
vt 0.232448 0.035006
vt 0.324753 0.870027
vt 0.299720 0.718536
vt 0.837409 0.432292
vt 0.022086 0.728633
vt 0.011128 0.728577
vt 0.043763 0.738045
vt 0.599767 0.479089
vt 0.063877 0.740096
vt 0.063065 0.749286
vt 0.584339 0.471208
vt 0.055599 0.764021
vt 0.271303 0.758120
vt 0.077775 0.759557
vt 0.577158 0.454226
vt 0.788151 0.425549
vt 0.086138 0.769418
vt 0.566262 0.460120
vt 0.288981 0.767483
vt 0.775129 0.423087
vt 0.063245 0.774632
vt 0.208448 0.984558
vt 0.195044 0.985281
vt 0.206859 0.980631
vt 0.059606 0.782986
vt 0.244769 0.081624
vt 0.244578 0.074595
vt 0.251150 0.074648
vt 0.255116 0.061763
vt 0.596483 0.987109
vt 0.242223 0.694469
vt 0.243982 0.691804
vt 0.601508 0.912791
vt 0.600666 0.909798
vt 0.034269 0.790070
vt 0.241802 0.068160
vt 0.246955 0.054862
vt 0.258605 0.059629
vt 0.015538 0.796164
vt 0.235125 0.067051
vt 0.246125 0.059317
vt 0.239777 0.055817
vt 0.234708 0.060780
vt 0.228371 0.055175
vt 0.528664 0.433814
vt 0.711109 0.881575
vt 0.744510 0.850052
vt 0.761708 0.838620
vt 0.806809 0.842686
vt 0.855175 0.843557
vt 0.021500 0.859958
vt 0.013505 0.852407
vt 0.011216 0.829342
vt 0.901426 0.789720
vt 0.591033 0.500450
vt 0.612239 0.499337
vt 0.613553 0.504884
vt 0.323034 0.875726
vt 0.323047 0.963332
vt 0.420644 0.215872
vt 0.427291 0.212626
vt 0.850996 0.431423
vt 0.825832 0.426432
vt 0.276900 0.735253
vt 0.065813 0.734126
vt 0.813720 0.419237
vt 0.803648 0.420774
vt 0.089183 0.747487
vt 0.126998 0.749164
vt 0.111047 0.749700
vt 0.115781 0.744678
vt 0.118608 0.758044
vt 0.096449 0.758289
vt 0.153403 0.748758
vt 0.142642 0.758005
vt 0.162093 0.758346
vt 0.104526 0.766991
vt 0.157088 0.768474
vt 0.140076 0.767803
vt 0.106179 0.774433
vt 0.207701 0.973009
vt 0.212802 0.978392
vt 0.605776 0.991525
vt 0.085236 0.776895
vt 0.091017 0.780259
vt 0.581829 0.882847
vt 0.154147 0.225148
vt 0.153827 0.233216
vt 0.126160 0.225886
vt 0.011322 0.359946
vt 0.011322 0.366191
vt 0.010417 0.363842
vt 0.113913 0.231747
vt 0.113463 0.222569
vt 0.279243 0.685247
vt 0.264985 0.687790
vt 0.105915 0.229257
vt 0.224802 0.065405
vt 0.523375 0.420350
vt 0.712312 0.875962
vt 0.756279 0.837879
vt 0.026700 0.850990
vt 0.248612 0.032528
vt 0.238002 0.028992
vt 0.237296 0.042962
vt 0.320993 0.932358
vt 0.312362 0.864936
vt 0.335243 0.847478
vt 0.300618 0.709233
vt 0.846407 0.421149
vt 0.046090 0.728442
vt 0.058527 0.328411
vt 0.073657 0.311543
vt 0.062243 0.321570
vt 0.093432 0.738457
vt 0.126666 0.739025
vt 0.141872 0.741531
vt 0.775707 0.413378
vt 0.211779 0.971919
vt 0.195868 0.977025
vt 0.191576 0.983553
vt 0.193087 0.973777
vt 0.141344 0.775488
vt 0.289997 0.796164
vt 0.265176 0.693989
vt 0.589066 0.929393
vt 0.592064 0.912118
vt 0.595774 0.919395
vt 0.587451 0.895569
vt 0.187454 0.228582
vt 0.710433 0.389140
vt 0.714088 0.385394
vt 0.727067 0.390700
vt 0.711071 0.394737
vt 0.730943 0.392490
vt 0.586475 0.963029
vt 0.129032 0.237776
vt 0.225264 0.079961
vt 0.221778 0.069271
vt 0.105788 0.242008
vt 0.528274 0.425772
vt 0.714369 0.860247
vt 0.720492 0.862171
vt 0.751617 0.831905
vt 0.856538 0.833553
vt 0.030842 0.854339
vt 0.022306 0.851066
vt 0.021306 0.842999
vt 0.945921 0.778367
vt 0.255748 0.037212
vt 0.231285 0.047382
vt 0.323556 0.851535
vt 0.836206 0.420984
vt 0.279394 0.724470
vt 0.029445 0.465210
vt 0.031059 0.470411
vt 0.027522 0.473087
vt 0.071085 0.726683
vt 0.094448 0.731135
vt 0.135970 0.731342
vt 0.151101 0.731001
vt 0.101720 0.721530
vt 0.259899 0.742950
vt 0.189426 0.746686
vt 0.189100 0.757452
vt 0.789429 0.411501
vt 0.186976 0.766612
vt 0.267368 0.774387
vt 0.210049 0.967433
vt 0.283365 0.779988
vt 0.765610 0.414776
vt 0.165722 0.776973
vt 0.146144 0.782329
vt 0.117453 0.785017
vt 0.588058 0.983688
vt 0.214871 0.236494
vt 0.180883 0.235297
vt 0.293330 0.686345
vt 0.584007 0.956828
vt 0.279239 0.694132
vt 0.573864 0.901472
vt 0.115977 0.241341
vt 0.218327 0.065531
vt 0.218455 0.058794
vt 0.222026 0.056074
vt 0.529228 0.420195
vt 0.214675 0.064625
vt 0.208839 0.067767
vt 0.214793 0.059973
vt 0.695099 0.886329
vt 0.689493 0.877807
vt 0.695034 0.868164
vt 0.746035 0.838208
vt 0.765979 0.827773
vt 0.856911 0.827244
vt 0.308234 0.885643
vt 0.430478 0.200045
vt 0.433916 0.207046
vt 0.844307 0.403987
vt 0.035126 0.477390
vt 0.350841 0.831650
vt 0.943849 0.094566
vt 0.927828 0.095968
vt 0.925272 0.105709
vt 0.934326 0.105419
vt 0.048959 0.479164
vt 0.042847 0.471460
vt 0.060724 0.476576
vt 0.082566 0.477080
vt 0.069312 0.481904
vt 0.934961 0.078952
vt 0.929908 0.085174
vt 0.191908 0.735413
vt 0.248000 0.745675
vt 0.602121 0.453265
vt 0.193984 0.756956
vt 0.192530 0.765763
vt 0.195314 0.964423
vt 0.195584 0.969311
vt 0.248518 0.768526
vt 0.218550 0.966816
vt 0.707991 0.383309
vt 0.713734 0.375105
vt 0.716659 0.376150
vt 0.266308 0.235435
vt 0.267561 0.243925
vt 0.245208 0.237037
vt 0.721688 0.382010
vt 0.583171 0.979478
vt 0.276643 0.787371
vt 0.244807 0.247629
vt 0.191155 0.243896
vt 0.153886 0.244579
vt 0.573034 0.889795
vt 0.208604 0.073323
vt 0.214927 0.056537
vt 0.690390 0.888599
vt 0.684975 0.884324
vt 0.547210 0.416057
vt 0.545547 0.412157
vt 0.536583 0.425981
vt 0.702663 0.866302
vt 0.758996 0.823545
vt 0.015117 0.834708
vt 0.617409 0.549477
vt 0.626048 0.510180
vt 0.259448 0.033207
vt 0.251775 0.043480
vt 0.308433 0.868626
vt 0.440264 0.195520
vt 0.141904 0.720201
vt 0.124473 0.727487
vt 0.134758 0.715277
vt 0.163091 0.717005
vt 0.940723 0.084766
vt 0.253570 0.733077
vt 0.195742 0.746340
vt 0.588590 0.437998
vt 0.242762 0.756750
vt 0.217284 0.756541
vt 0.213999 0.767751
vt 0.706069 0.377763
vt 0.707225 0.372512
vt 0.256696 0.782378
vt 0.200538 0.772744
vt 0.184051 0.779024
vt 0.284493 0.242016
vt 0.281555 0.247766
vt 0.288589 0.694387
vt 0.573894 0.930576
vt 0.570052 0.916040
vt 0.735061 0.384570
vt 0.742009 0.386839
vt 0.213141 0.081624
vt 0.215157 0.073043
vt 0.203351 0.075616
vt 0.674366 0.890570
vt 0.031106 0.848032
vt 0.023950 0.839323
vt 0.956765 0.775135
vt 0.901538 0.776863
vt 0.248470 0.045341
vt 0.310328 0.963661
vt 0.297911 0.949656
vt 0.307718 0.859639
vt 0.144761 0.705359
vt 0.115261 0.712884
vt 0.023987 0.486781
vt 0.957637 0.102949
vt 0.096215 0.712213
vt 0.118131 0.490929
vt 0.110632 0.498699
vt 0.090461 0.489444
vt 0.198233 0.734625
vt 0.219599 0.739616
vt 0.606091 0.456676
vt 0.225372 0.745883
vt 0.940333 0.065448
vt 0.795749 0.397725
vt 0.237479 0.742905
vt 0.229699 0.757660
vt 0.776340 0.397564
vt 0.240493 0.769360
vt 0.227415 0.768581
vt 0.244594 0.781702
vt 0.220760 0.776069
vt 0.764320 0.390517
vt 0.217911 0.782529
vt 0.730330 0.371029
vt 0.263877 0.252946
vt 0.582971 0.941929
vt 0.378196 0.241385
vt 0.393697 0.242523
vt 0.385692 0.251293
vt 0.234951 0.264753
vt 0.222891 0.261281
vt 0.190804 0.260484
vt 0.158381 0.260702
vt 0.127962 0.260870
vt 0.559263 0.903525
vt 0.562356 0.890401
vt 0.731431 0.695355
vt 0.725149 0.693794
vt 0.731323 0.689880
vt 0.729713 0.702606
vt 0.721119 0.704685
vt 0.733219 0.835654
vt 0.754038 0.812684
vt 0.768873 0.818795
vt 0.028457 0.833027
vt 0.014351 0.817319
vt 0.944467 0.764751
vt 0.355278 0.209850
vt 0.340579 0.215665
vt 0.344382 0.197905
vt 0.309683 0.850009
vt 0.330678 0.213845
vt 0.327629 0.204942
vt 0.299220 0.696841
vt 0.284888 0.707692
vt 0.279091 0.700710
vt 0.128725 0.702348
vt 0.161427 0.703805
vt 0.113948 0.703099
vt 0.830866 0.392046
vt 0.249632 0.726835
vt 0.266039 0.718311
vt 0.195812 0.727785
vt 0.064759 0.492576
vt 0.041050 0.492364
vt 0.195729 0.899451
vt 0.178874 0.899535
vt 0.185135 0.892877
vt 0.239952 0.730698
vt 0.123690 0.502062
vt 0.094428 0.500306
vt 0.060916 0.298059
vt 0.083559 0.282753
vt 0.071601 0.285799
vt 0.955520 0.086170
vt 0.711521 0.367732
vt 0.716268 0.368924
vt 0.038112 0.962653
vt 0.038710 0.951866
vt 0.040465 0.959380
vt 0.234681 0.780662
vt 0.720534 0.369819
vt 0.576587 0.990605
vt 0.241635 0.791893
vt 0.319963 0.250020
vt 0.570647 0.978390
vt 0.572654 0.965777
vt 0.305707 0.694469
vt 0.738068 0.374966
vt 0.374116 0.251991
vt 0.254777 0.266762
vt 0.395402 0.263256
vt 0.104522 0.260806
vt 0.103714 0.255156
vt 0.558679 0.880018
vt 0.747158 0.394737
vt 0.751621 0.391406
vt 0.722241 0.708720
vt 0.710052 0.851169
vt 0.765621 0.811589
vt 0.857164 0.817348
vt 0.031908 0.838194
vt 0.023518 0.830687
vt 0.902934 0.765196
vt 0.255740 0.046723
vt 0.293344 0.910000
vt 0.404169 0.193127
vt 0.409742 0.194154
vt 0.411593 0.205815
vt 0.152671 0.690975
vt 0.262140 0.710045
vt 0.175260 0.704794
vt 0.327501 0.810431
vt 0.093700 0.695175
vt 0.191956 0.716519
vt 0.078475 0.709893
vt 0.248668 0.715303
vt 0.341036 0.821495
vt 0.209069 0.724135
vt 0.072167 0.497774
vt 0.217995 0.727665
vt 0.960740 0.093594
vt 0.228912 0.727761
vt 0.950114 0.075325
vt 0.944998 0.066993
vt 0.032727 0.952606
vt 0.346361 0.257380
vt 0.309050 0.258694
vt 0.278610 0.254900
vt 0.579325 0.950406
vt 0.567926 0.955673
vt 0.381705 0.259003
vt 0.745200 0.374987
vt 0.559864 0.925122
vt 0.718378 0.697997
vt 0.715985 0.692624
vt 0.752264 0.386149
vt 0.717010 0.708742
vt 0.719022 0.686086
vt 0.721102 0.679056
vt 0.731025 0.681624
vt 0.557182 0.398857
vt 0.702826 0.848273
vt 0.742852 0.820675
vt 0.806236 0.809452
vt 0.025662 0.826093
vt 0.018609 0.820704
vt 0.956935 0.762817
vt 0.270003 0.037195
vt 0.262334 0.044790
vt 0.261658 0.052891
vt 0.250768 0.051345
vt 0.291690 0.867474
vt 0.290021 0.862052
vt 0.134051 0.688237
vt 0.116109 0.687881
vt 0.167509 0.689723
vt 0.444226 0.181373
vt 0.076434 0.693918
vt 0.235728 0.718439
vt 0.199576 0.713952
vt 0.784100 0.382734
vt 0.045523 0.951586
vt 0.044278 0.943729
vt 0.048460 0.948185
vt 0.327184 0.258096
vt 0.352612 0.264026
vt 0.375357 0.264446
vt 0.710613 0.688542
vt 0.703876 0.708720
vt 0.709839 0.707223
vt 0.554130 0.409165
vt 0.559238 0.399514
vt 0.548564 0.894120
vt 0.553719 0.886829
vt 0.747610 0.808392
vt 0.758091 0.807900
vt 0.856252 0.810812
vt 0.029439 0.826001
vt 0.018793 0.807682
vt 0.266081 0.048036
vt 0.291674 0.856676
vt 0.397752 0.181389
vt 0.396541 0.192967
vt 0.402604 0.178328
vt 0.252269 0.703338
vt 0.181761 0.692679
vt 0.046880 0.698377
vt 0.041034 0.703658
vt 0.012656 0.695740
vt 0.010950 0.698178
vt 0.024087 0.495831
vt 0.021190 0.492839
vt 0.999387 0.446476
vt 0.997002 0.440119
vt 0.996808 0.444583
vt 0.212567 0.712564
vt 0.107887 0.508617
vt 0.093785 0.513807
vt 0.073829 0.509138
vt 0.221960 0.716800
vt 0.190147 0.519601
vt 0.192393 0.526696
vt 0.178289 0.528532
vt 0.947834 0.056752
vt 0.790076 0.384468
vt 0.768632 0.378104
vt 0.728689 0.364868
vt 0.557908 0.989468
vt 0.563995 0.984163
vt 0.563973 0.971861
vt 0.298753 0.270966
vt 0.280093 0.270443
vt 0.267597 0.275962
vt 0.190358 0.266851
vt 0.139431 0.264753
vt 0.104605 0.265864
vt 0.710832 0.698460
vt 0.711626 0.680096
vt 0.711509 0.676628
vt 0.561851 0.403484
vt 0.399158 0.275387
vt 0.393681 0.274497
vt 0.703865 0.845932
vt 0.548010 0.910195
vt 0.544033 0.883701
vt 0.720984 0.817622
vt 0.766409 0.800214
vt 0.861866 0.805873
vt 0.857108 0.802554
vt 0.028434 0.817504
vt 0.956975 0.752239
vt 0.649664 0.550888
vt 0.636231 0.548672
vt 0.639183 0.505587
vt 0.274078 0.044288
vt 0.022946 0.677269
vt 0.028051 0.691247
vt 0.012868 0.682445
vt 0.049553 0.690636
vt 0.311563 0.821067
vt 0.201254 0.708120
vt 0.825104 0.351911
vt 0.047412 0.502114
vt 0.187363 0.539095
vt 0.985005 0.096941
vt 0.080743 0.276805
vt 0.022221 0.953646
vt 0.022192 0.943021
vt 0.025009 0.954805
vt 0.031302 0.942987
vt 0.032207 0.936943
vt 0.036747 0.944430
vt 0.735602 0.364407
vt 0.329355 0.266456
vt 0.703367 0.698410
vt 0.701630 0.692949
vt 0.549769 0.937686
vt 0.556016 0.938432
vt 0.384124 0.270482
vt 0.704480 0.705683
vt 0.231650 0.276579
vt 0.177837 0.276097
vt 0.141389 0.276582
vt 0.693003 0.850504
vt 0.539572 0.890022
vt 0.026340 0.807629
vt 0.901768 0.753516
vt 0.148658 0.677765
vt 0.141450 0.682291
vt 0.131617 0.677132
vt 0.023387 0.668848
vt 0.013829 0.669960
vt 0.089259 0.679423
vt 0.075149 0.685515
vt 0.060549 0.681293
vt 0.116085 0.528129
vt 0.104271 0.533666
vt 0.465376 0.162583
vt 0.989997 0.102788
vt 0.177461 0.539801
vt 0.196044 0.533317
vt 0.981957 0.092605
vt 0.200064 0.527483
vt 0.202569 0.537111
vt 0.972168 0.085799
vt 0.965818 0.077069
vt 0.963384 0.053872
vt 0.952930 0.057655
vt 0.691027 0.706112
vt 0.701405 0.703944
vt 0.360821 0.271812
vt 0.343596 0.275469
vt 0.317289 0.280822
vt 0.703422 0.681127
vt 0.383276 0.278984
vt 0.250039 0.281986
vt 0.105467 0.280542
vt 0.137246 0.924216
vt 0.150961 0.923874
vt 0.148705 0.925218
vt 0.115272 0.286750
vt 0.537789 0.899666
vt 0.755123 0.790705
vt 0.758358 0.791083
vt 0.803784 0.791214
vt 0.837379 0.791590
vt 0.857296 0.794174
vt 0.036685 0.815584
vt 0.283062 0.043966
vt 0.281217 0.045945
vt 0.271334 0.051221
vt 0.277249 0.865046
vt 0.276863 0.860215
vt 0.385346 0.180545
vt 0.388423 0.190542
vt 0.024939 0.662754
vt 0.052336 0.672968
vt 0.166645 0.681472
vt 0.142731 0.537731
vt 0.125948 0.540760
vt 0.128997 0.533723
vt 0.300594 0.831183
vt 0.194232 0.540713
vt 0.618880 0.435224
vt 0.614133 0.431897
vt 0.244290 0.829119
vt 0.245973 0.827306
vt 0.243207 0.823993
vt 0.966656 0.057095
vt 0.779976 0.367051
vt 0.570474 0.405894
vt 0.572024 0.402197
vt 0.375614 0.273472
vt 0.285905 0.287774
vt 0.687893 0.842514
vt 0.695818 0.841092
vt 0.563515 0.393028
vt 0.204312 0.287149
vt 0.185621 0.284325
vt 0.226218 0.284810
vt 0.232675 0.290538
vt 0.165271 0.283414
vt 0.129813 0.284270
vt 0.700921 0.839392
vt 0.539118 0.912534
vt 0.106652 0.299688
vt 0.707210 0.831770
vt 0.750394 0.793065
vt 0.031844 0.813183
vt 0.902019 0.743288
vt 0.275752 0.053819
vt 0.270922 0.054862
vt 0.287050 0.847638
vt 0.392848 0.168818
vt 0.398490 0.167857
vt 0.016447 0.659022
vt 0.118946 0.670681
vt 0.116761 0.679076
vt 0.093713 0.670249
vt 0.068275 0.670969
vt 0.107956 0.540411
vt 0.116442 0.536380
vt 0.081353 0.672214
vt 0.088120 0.537609
vt 0.090550 0.525149
vt 0.166240 0.539852
vt 0.169100 0.546328
vt 0.159157 0.545796
vt 0.325902 0.804983
vt 0.331328 0.806476
vt 0.089970 0.279338
vt 0.087971 0.271801
vt 0.978625 0.076958
vt 0.083680 0.268064
vt 0.249951 0.830223
vt 0.249249 0.835413
vt 0.248915 0.812925
vt 0.243978 0.814913
vt 0.255225 0.832373
vt 0.254941 0.827762
vt 0.251640 0.816126
vt 0.763501 0.351453
vt 0.758293 0.368801
vt 0.547863 0.971587
vt 0.565188 0.391599
vt 0.541232 0.949504
vt 0.301200 0.285151
vt 0.377569 0.279933
vt 0.352425 0.284243
vt 0.278162 0.294176
vt 0.388069 0.286550
vt 0.263557 0.290792
vt 0.537417 0.930783
vt 0.240513 0.295513
vt 0.396798 0.289250
vt 0.204830 0.293334
vt 0.178519 0.291782
vt 0.148711 0.291526
vt 0.122117 0.291719
vt 0.528455 0.895151
vt 0.730743 0.808484
vt 0.741172 0.800150
vt 0.036591 0.811351
vt 0.025370 0.802580
vt 0.023491 0.798840
vt 0.956951 0.742310
vt 0.954839 0.738912
vt 0.902772 0.731360
vt 0.658616 0.554944
vt 0.654591 0.554912
vt 0.658695 0.578848
vt 0.653017 0.575330
vt 0.259167 0.874150
vt 0.262171 0.863141
vt 0.259278 0.919004
vt 0.262468 0.927539
vt 0.261827 0.945319
vt 0.261382 0.966064
vt 0.258605 0.966548
vt 0.053385 0.665262
vt 0.028699 0.658407
vt 0.416950 0.169699
vt 0.420364 0.179766
vt 0.141452 0.543704
vt 0.129619 0.550380
vt 0.116090 0.548369
vt 0.201182 0.207179
vt 0.227776 0.196274
vt 0.231821 0.206688
vt 0.239449 0.194306
vt 0.244597 0.203838
vt 0.180758 0.550269
vt 0.457844 0.158788
vt 0.186756 0.549714
vt 0.317725 0.814311
vt 0.202319 0.549686
vt 0.093284 0.278671
vt 0.093988 0.288277
vt 0.984077 0.085497
vt 0.255942 0.837786
vt 0.258657 0.819991
vt 0.258310 0.816646
vt 0.250116 0.805200
vt 0.254909 0.805174
vt 0.258348 0.807900
vt 0.963296 0.045105
vt 0.957306 0.043606
vt 0.326154 0.284239
vt 0.298158 0.292603
vt 0.165592 0.297491
vt 0.401311 0.290691
vt 0.404527 0.278862
vt 0.192684 0.296843
vt 0.149719 0.296331
vt 0.529665 0.914785
vt 0.407332 0.288464
vt 0.118358 0.298914
vt 0.857805 0.790105
vt 0.755705 0.787168
vt 0.805507 0.789302
vt 0.770438 0.776860
vt 0.812411 0.776151
vt 0.790832 0.780376
vt 0.858729 0.776183
vt 0.852354 0.779725
vt 0.658645 0.649004
vt 0.657774 0.660932
vt 0.654611 0.646499
vt 0.655229 0.601429
vt 0.652757 0.658065
vt 0.652304 0.592783
vt 0.691377 0.485882
vt 0.688329 0.487838
vt 0.695547 0.494427
vt 0.650365 0.668671
vt 0.268481 0.866149
vt 0.269407 0.928605
vt 0.269265 0.963650
vt 0.279064 0.053721
vt 0.682384 0.474790
vt 0.691297 0.479260
vt 0.269414 0.845748
vt 0.272676 0.858270
vt 0.262377 0.853134
vt 0.272373 0.869327
vt 0.271922 0.900245
vt 0.271699 0.948544
vt 0.271686 0.965866
vt 0.276468 0.964565
vt 0.680298 0.482045
vt 0.278936 0.832273
vt 0.670456 0.468300
vt 0.289263 0.841026
vt 0.669306 0.472117
vt 0.055048 0.658821
vt 0.657944 0.459472
vt 0.409667 0.163745
vt 0.070293 0.660638
vt 0.015649 0.525298
vt 0.013836 0.532419
vt 0.011080 0.528746
vt 0.668083 0.460797
vt 0.149673 0.544793
vt 0.140646 0.551850
vt 0.290079 0.816584
vt 0.297739 0.812200
vt 0.151685 0.553228
vt 0.159132 0.555360
vt 0.424357 0.165687
vt 0.436472 0.159709
vt 0.169100 0.552836
vt 0.194347 0.551154
vt 0.633351 0.444749
vt 0.627800 0.437630
vt 0.628760 0.443869
vt 0.318286 0.798577
vt 0.323431 0.796164
vt 0.994625 0.083502
vt 0.623127 0.438308
vt 0.973475 0.055318
vt 0.111009 0.447876
vt 0.115335 0.448226
vt 0.113427 0.441542
vt 0.263617 0.832444
vt 0.260878 0.828558
vt 0.263205 0.813941
vt 0.774459 0.352468
vt 0.575223 0.390606
vt 0.536524 0.983635
vt 0.385702 0.288885
vt 0.328595 0.293316
vt 0.560347 0.389700
vt 0.690322 0.837308
vt 0.349881 0.291121
vt 0.367030 0.291941
vt 0.698245 0.838249
vt 0.224387 0.299142
vt 0.187256 0.305357
vt 0.202543 0.300265
vt 0.695962 0.826464
vt 0.690736 0.829227
vt 0.709850 0.804766
vt 0.721710 0.797090
vt 0.710061 0.811141
vt 0.733546 0.788224
vt 0.727014 0.785391
vt 0.741084 0.795820
vt 0.754551 0.779087
vt 0.739570 0.775164
vt 0.514207 0.344629
vt 0.512520 0.337795
vt 0.501875 0.332638
vt 0.747379 0.776412
vt 0.816772 0.786632
vt 0.856248 0.786846
vt 0.758748 0.773400
vt 0.852531 0.911240
vt 0.852580 0.916310
vt 0.839327 0.913568
vt 0.811056 0.773753
vt 0.763893 0.914489
vt 0.786446 0.912287
vt 0.857044 0.772531
vt 0.741187 0.912165
vt 0.859774 0.772079
vt 0.662808 0.666065
vt 0.656491 0.671276
vt 0.681276 0.468285
vt 0.030678 0.530669
vt 0.027842 0.536770
vt 0.046207 0.536655
vt 0.304049 0.822435
vt 0.107039 0.550687
vt 0.099157 0.546961
vt 0.085338 0.541990
vt 0.073021 0.537586
vt 0.061158 0.540966
vt 0.054730 0.531538
vt 0.658036 0.448744
vt 0.640940 0.438690
vt 0.315132 0.812544
vt 0.987400 0.067995
vt 0.116395 0.440232
vt 0.257449 0.840767
vt 0.267663 0.824400
vt 0.267663 0.803877
vt 0.262792 0.799657
vt 0.966380 0.034776
vt 0.532957 0.989872
vt 0.531501 0.970484
vt 0.390891 0.296618
vt 0.292351 0.304312
vt 0.258492 0.301808
vt 0.557961 0.382440
vt 0.708879 0.826902
vt 0.212656 0.305434
vt 0.518765 0.903783
vt 0.147785 0.304465
vt 0.120368 0.307501
vt 0.107816 0.309198
vt 0.718398 0.815799
vt 0.539900 0.359349
vt 0.533625 0.363397
vt 0.525219 0.350192
vt 0.534578 0.351873
vt 0.716212 0.790770
vt 0.520893 0.343156
vt 0.860960 0.913248
vt 0.840942 0.917891
vt 0.956637 0.723760
vt 0.404576 0.162395
vt 0.028088 0.539953
vt 0.011229 0.539551
vt 0.040863 0.540212
vt 0.138950 0.557568
vt 0.129944 0.558802
vt 0.117581 0.554596
vt 0.051250 0.542898
vt 0.086094 0.548601
vt 0.167679 0.561142
vt 0.192886 0.561651
vt 0.998641 0.090616
vt 0.635444 0.431214
vt 0.628623 0.425777
vt 0.936692 0.219960
vt 0.942169 0.210803
vt 0.931585 0.206174
vt 0.937351 0.199743
vt 0.927673 0.185354
vt 0.943706 0.225057
vt 0.948219 0.215106
vt 0.938849 0.189485
vt 0.935894 0.186078
vt 0.981886 0.061089
vt 0.954209 0.223070
vt 0.942516 0.182013
vt 0.964614 0.226351
vt 0.973510 0.210283
vt 0.909873 0.020071
vt 0.909873 0.037913
vt 0.907156 0.029572
vt 0.957978 0.201229
vt 0.971520 0.191519
vt 0.953422 0.182216
vt 0.575730 0.381999
vt 0.566508 0.378863
vt 0.525317 0.941644
vt 0.299635 0.300665
vt 0.348419 0.298555
vt 0.250462 0.308198
vt 0.229046 0.305539
vt 0.405914 0.297819
vt 0.171532 0.306006
vt 0.516746 0.896333
vt 0.138538 0.310336
vt 0.118863 0.313209
vt 0.512846 0.326833
vt 0.505538 0.320576
vt 0.495678 0.326686
vt 0.856968 0.927308
vt 0.851215 0.925872
vt 0.841951 0.929368
vt 0.823289 0.925091
vt 0.934065 0.727129
vt 0.691776 0.468468
vt 0.682863 0.462000
vt 0.666101 0.448785
vt 0.969078 0.403612
vt 0.967485 0.395381
vt 0.963923 0.414273
vt 0.027497 0.544518
vt 0.120558 0.559409
vt 0.038104 0.545724
vt 0.147183 0.564498
vt 0.072794 0.550440
vt 0.056159 0.550070
vt 0.197222 0.200533
vt 0.223312 0.184354
vt 0.645715 0.437114
vt 0.184397 0.566165
vt 0.199447 0.565680
vt 0.909988 0.176436
vt 0.916070 0.168913
vt 0.902627 0.162657
vt 0.918662 0.175109
vt 0.932170 0.225280
vt 0.925231 0.211737
vt 0.919798 0.191662
vt 0.637797 0.423495
vt 0.933354 0.233269
vt 0.925617 0.168520
vt 0.946951 0.240427
vt 0.950357 0.232954
vt 0.921053 0.162427
vt 0.928311 0.175918
vt 0.928362 0.159362
vt 0.957722 0.239543
vt 0.929149 0.147157
vt 0.943171 0.173206
vt 0.933304 0.163141
vt 0.969735 0.234884
vt 0.948011 0.177261
vt 0.971951 0.036076
vt 0.956800 0.170739
vt 0.979839 0.224503
vt 0.966768 0.175612
vt 0.964033 0.159104
vt 0.985979 0.206996
vt 0.984616 0.191376
vt 0.979190 0.174834
vt 0.975091 0.159496
vt 0.389549 0.300206
vt 0.359216 0.300489
vt 0.278880 0.306230
vt 0.518440 0.916103
vt 0.207828 0.315338
vt 0.199546 0.316017
vt 0.175087 0.313465
vt 0.566117 0.372294
vt 0.549659 0.359729
vt 0.140878 0.317779
vt 0.111120 0.317283
vt 0.533509 0.341764
vt 0.522185 0.333102
vt 0.782685 0.928998
vt 0.675645 0.659343
vt 0.678863 0.668165
vt 0.707942 0.475820
vt 0.701045 0.472479
vt 0.698762 0.486730
vt 0.012395 0.546914
vt 0.008103 0.546215
vt 0.971024 0.396001
vt 0.026653 0.548834
vt 0.140167 0.563471
vt 0.105515 0.560659
vt 0.043060 0.552092
vt 0.086429 0.559212
vt 0.159993 0.565250
vt 0.465108 0.148066
vt 0.446339 0.159628
vt 0.245672 0.177217
vt 0.234928 0.181820
vt 0.650324 0.432151
vt 0.472837 0.150053
vt 0.643661 0.426177
vt 0.920546 0.227223
vt 0.920174 0.218951
vt 0.916826 0.212700
vt 0.915651 0.179614
vt 0.916303 0.185423
vt 0.940687 0.243979
vt 0.432161 0.750669
vt 0.443282 0.740337
vt 0.443440 0.750107
vt 0.936438 0.147879
vt 0.455324 0.743112
vt 0.979033 0.044388
vt 0.456975 0.750669
vt 0.950989 0.159706
vt 0.472527 0.741760
vt 0.987000 0.235025
vt 0.986641 0.227542
vt 0.992223 0.213274
vt 0.755654 0.336330
vt 0.750955 0.340254
vt 0.987016 0.169546
vt 0.995849 0.190804
vt 0.102805 0.969760
vt 0.105117 0.965001
vt 0.123699 0.980220
vt 0.118679 0.969700
vt 0.376987 0.304799
vt 0.328828 0.304219
vt 0.400401 0.301669
vt 0.347136 0.305872
vt 0.224089 0.312192
vt 0.180474 0.315956
vt 0.127063 0.319014
vt 0.186791 0.934147
vt 0.187913 0.941727
vt 0.177572 0.926531
vt 0.129093 0.565693
vt 0.116177 0.564610
vt 0.068741 0.555578
vt 0.054097 0.555605
vt 0.176128 0.566906
vt 0.910361 0.191017
vt 0.539510 0.133095
vt 0.549009 0.140743
vt 0.536754 0.144763
vt 0.532337 0.132220
vt 0.425596 0.746633
vt 0.432391 0.740018
vt 0.944365 0.131475
vt 0.939618 0.123661
vt 0.953152 0.147747
vt 0.978577 0.028525
vt 0.469771 0.737309
vt 0.957911 0.149576
vt 0.973914 0.026622
vt 0.964941 0.145411
vt 0.769394 0.339790
vt 0.996830 0.224237
vt 0.975456 0.147726
vt 0.986694 0.148842
vt 0.070632 0.959760
vt 0.082969 0.961644
vt 0.079637 0.967722
vt 0.085284 0.954974
vt 0.129403 0.967634
vt 0.519707 0.960460
vt 0.257495 0.319969
vt 0.393943 0.309319
vt 0.300781 0.313192
vt 0.578122 0.369870
vt 0.240133 0.317775
vt 0.571800 0.364037
vt 0.354315 0.309286
vt 0.504949 0.902650
vt 0.110419 0.321994
vt 0.556785 0.352151
vt 0.741231 0.958047
vt 0.918378 0.714808
vt 0.679168 0.438220
vt 0.012323 0.558584
vt 0.137701 0.569143
vt 0.103267 0.567129
vt 0.036477 0.562454
vt 0.148852 0.573436
vt 0.083089 0.564830
vt 0.065191 0.562596
vt 0.471823 0.142508
vt 0.479196 0.141724
vt 0.476961 0.153157
vt 0.648584 0.419158
vt 0.421233 0.736636
vt 0.455149 0.736126
vt 0.959571 0.139005
vt 0.485758 0.731720
vt 0.487772 0.742989
vt 0.975717 0.135408
vt 0.065670 0.949935
vt 0.073984 0.952906
vt 0.522837 0.978035
vt 0.144771 0.981713
vt 0.105139 0.960298
vt 0.110300 0.959836
vt 0.113822 0.959400
vt 0.117888 0.962123
vt 0.393411 0.313362
vt 0.245373 0.320420
vt 0.511676 0.942588
vt 0.403715 0.312198
vt 0.328703 0.313399
vt 0.296457 0.318539
vt 0.284304 0.320939
vt 0.264122 0.319564
vt 0.213429 0.322240
vt 0.408604 0.308502
vt 0.174000 0.322464
vt 0.157610 0.321847
vt 0.134367 0.324119
vt 0.831411 0.978355
vt 0.738585 0.911399
vt 0.944987 0.714659
vt 0.707325 0.455824
vt 0.694579 0.449693
vt 0.128761 0.574210
vt 0.105729 0.572846
vt 0.138849 0.574063
vt 0.087424 0.569536
vt 0.165491 0.575990
vt 0.654303 0.423918
vt 0.178788 0.575473
vt 0.191021 0.581240
vt 0.432527 0.728734
vt 0.950598 0.116509
vt 0.949452 0.110938
vt 0.468890 0.727987
vt 0.954860 0.127689
vt 0.967196 0.129024
vt 0.986774 0.131834
vt 0.095684 0.946604
vt 0.146196 0.971250
vt 0.165978 0.974938
vt 0.583821 0.364103
vt 0.103953 0.952378
vt 0.112086 0.950808
vt 0.381978 0.315549
vt 0.509721 0.922206
vt 0.360160 0.316804
vt 0.345209 0.314389
vt 0.232818 0.325287
vt 0.502082 0.913206
vt 0.190770 0.324108
vt 0.126053 0.327971
vt 0.108919 0.330095
vt 0.539884 0.301938
vt 0.772359 0.957384
vt 0.006760 0.570897
vt 0.006940 0.554946
vt 0.992756 0.382413
vt 0.987945 0.384195
vt 0.978463 0.390459
vt 0.443118 0.729328
vt 0.455851 0.727007
vt 0.961158 0.114602
vt 0.977477 0.019490
vt 0.964121 0.123805
vt 0.763894 0.331604
vt 0.479841 0.725449
vt 0.751893 0.327755
vt 0.977786 0.124805
vt 0.866005 0.013827
vt 0.873748 0.017879
vt 0.864743 0.022941
vt 0.858064 0.019697
vt 0.081644 0.946776
vt 0.162114 0.981713
vt 0.120676 0.958341
vt 0.147371 0.964773
vt 0.158708 0.968119
vt 0.328116 0.320953
vt 0.301747 0.323347
vt 0.348179 0.321475
vt 0.157898 0.328510
vt 0.583163 0.349430
vt 0.549643 0.312000
vt 0.811205 0.951436
vt 0.738602 0.950031
vt 0.965127 0.818466
vt 0.926133 0.817859
vt 0.946665 0.814731
vt 0.902773 0.699935
vt 0.718949 0.437768
vt 0.075349 0.580964
vt 0.053858 0.575567
vt 0.035996 0.577288
vt 0.009946 0.572848
vt 0.153166 0.582972
vt 0.163081 0.585374
vt 0.414552 0.728081
vt 0.423539 0.727112
vt 0.522062 0.991525
vt 0.517815 0.986884
vt 0.515049 0.970960
vt 0.993407 0.127813
vt 0.991323 0.121095
vt 0.797925 0.706760
vt 0.790487 0.689918
vt 0.799841 0.680775
vt 0.118694 0.950655
vt 0.507904 0.954094
vt 0.131303 0.956288
vt 0.227421 0.332400
vt 0.501359 0.931446
vt 0.296588 0.329111
vt 0.268635 0.332865
vt 0.788134 0.638334
vt 0.777731 0.624183
vt 0.782768 0.619128
vt 0.416817 0.313013
vt 0.409451 0.317709
vt 0.223969 0.328072
vt 0.207752 0.329812
vt 0.176142 0.330249
vt 0.121806 0.335995
vt 0.109281 0.338386
vt 0.542353 0.282783
vt 0.953929 0.699922
vt 0.119067 0.587553
vt 0.108134 0.582895
vt 0.134621 0.588848
vt 0.041954 0.580932
vt 0.670385 0.416404
vt 0.663983 0.411832
vt 0.184540 0.588962
vt 0.172782 0.590976
vt 0.493429 0.137673
vt 0.483722 0.137362
vt 0.476984 0.132601
vt 0.199385 0.586076
vt 0.990718 0.026959
vt 0.994542 0.019491
vt 0.987020 0.015751
vt 0.981011 0.012269
vt 0.967353 0.114821
vt 0.760066 0.322872
vt 0.972178 0.119213
vt 0.879634 0.023698
vt 0.870359 0.032348
vt 0.481362 0.315351
vt 0.471065 0.317764
vt 0.467603 0.314054
vt 0.855797 0.030146
vt 0.844241 0.021537
vt 0.398451 0.324960
vt 0.395068 0.325347
vt 0.216480 0.335795
vt 0.791432 0.663206
vt 0.796996 0.647113
vt 0.168596 0.969435
vt 0.238369 0.342754
vt 0.284531 0.333084
vt 0.563885 0.326696
vt 0.795842 0.950109
vt 0.907231 0.814005
vt 0.956553 0.684967
vt 0.401657 0.130573
vt 0.415829 0.128733
vt 0.420232 0.139886
vt 0.149616 0.589708
vt 0.088871 0.586572
vt 0.426804 0.127783
vt 0.161191 0.591262
vt 0.075378 0.587478
vt 0.007229 0.578251
vt 0.062494 0.584250
vt 0.021363 0.581586
vt 0.061369 0.584872
vt 0.048788 0.585509
vt 0.657032 0.412570
vt 0.417103 0.717032
vt 0.441621 0.716593
vt 0.468992 0.715825
vt 0.746830 0.323536
vt 0.458572 0.323377
vt 0.451999 0.316793
vt 0.861998 0.032372
vt 0.384871 0.326117
vt 0.209562 0.340272
vt 0.793894 0.634832
vt 0.792166 0.617976
vt 0.112313 0.941786
vt 0.114714 0.944575
vt 0.173276 0.975713
vt 0.176178 0.968551
vt 0.439445 0.323510
vt 0.431822 0.317741
vt 0.260226 0.335614
vt 0.784255 0.599618
vt 0.792479 0.598351
vt 0.127111 0.950986
vt 0.165547 0.960827
vt 0.425241 0.324039
vt 0.368665 0.327598
vt 0.357192 0.328449
vt 0.346916 0.329770
vt 0.333835 0.331600
vt 0.136006 0.955185
vt 0.892713 0.217217
vt 0.894574 0.221807
vt 0.892663 0.226984
vt 0.263134 0.668599
vt 0.253414 0.666815
vt 0.248641 0.668599
vt 0.145186 0.954777
vt 0.151863 0.958858
vt 0.153093 0.954573
vt 0.144467 0.945336
vt 0.124027 0.943593
vt 0.906250 0.228393
vt 0.901476 0.228478
vt 0.842000 0.975669
vt 0.801724 0.951895
vt 0.390019 0.149046
vt 0.392081 0.131232
vt 0.396596 0.149191
vt 0.102623 0.588077
vt 0.036011 0.584598
vt 0.013100 0.583919
vt 0.008673 0.585278
vt 0.068021 0.587987
vt 0.537061 0.122086
vt 0.537933 0.109778
vt 0.544701 0.119812
vt 0.547130 0.109286
vt 0.429741 0.718797
vt 0.454775 0.717777
vt 0.479454 0.714885
vt 0.966145 0.108385
vt 0.756035 0.314755
vt 0.749323 0.313931
vt 0.974132 0.110077
vt 0.879149 0.033950
vt 0.480421 0.323229
vt 0.472892 0.323307
vt 0.642663 0.982605
vt 0.649502 0.983497
vt 0.658967 0.982605
vt 0.416214 0.033452
vt 0.420743 0.033452
vt 0.417286 0.030776
vt 0.799669 0.635547
vt 0.799666 0.627872
vt 0.841482 0.032610
vt 0.829641 0.030285
vt 0.412899 0.324481
vt 0.303973 0.343943
vt 0.592759 0.350783
vt 0.173367 0.964154
vt 0.147227 0.951954
vt 0.152406 0.951125
vt 0.161982 0.958619
vt 0.893629 0.231920
vt 0.135187 0.940678
vt 0.904262 0.235058
vt 0.145297 0.940703
vt 0.151193 0.944256
vt 0.702942 0.550573
vt 0.705204 0.554725
vt 0.684644 0.550691
vt 0.672160 0.553323
vt 0.729732 0.439558
vt 0.134688 0.594013
vt 0.120191 0.592969
vt 0.102998 0.593692
vt 0.153384 0.594120
vt 0.091591 0.590767
vt 0.057776 0.590372
vt 0.048774 0.590277
vt 0.016575 0.586964
vt 0.078081 0.589621
vt 0.071367 0.591772
vt 0.004388 0.585164
vt 0.992950 0.012673
vt 0.998641 0.017127
vt 0.851184 0.453039
vt 0.846990 0.454995
vt 0.845108 0.452080
vt 0.399722 0.326779
vt 0.189328 0.347925
vt 0.184617 0.346143
vt 0.150190 0.353882
vt 0.423945 0.326838
vt 0.219602 0.346722
vt 0.817330 0.031180
vt 0.818937 0.026263
vt 0.148104 0.947490
vt 0.807985 0.023340
vt 0.174366 0.014878
vt 0.177641 0.018061
vt 0.179320 0.010825
vt 0.802758 0.964090
vt 0.805854 0.956583
vt 0.801582 0.957395
vt 0.709764 0.429047
vt 0.057697 0.594289
vt 0.018626 0.591442
vt 0.005483 0.594994
vt 0.193065 0.597843
vt 0.201859 0.600927
vt 0.664583 0.402134
vt 0.423313 0.707599
vt 0.440426 0.704940
vt 0.991750 0.004014
vt 0.765940 0.309426
vt 0.762675 0.308601
vt 0.469431 0.703733
vt 0.876208 0.042883
vt 0.477289 0.327987
vt 0.466845 0.323436
vt 0.464874 0.329027
vt 0.857676 0.040595
vt 0.441153 0.329815
vt 0.450209 0.323464
vt 0.194429 0.356076
vt 0.153513 0.356077
vt 0.109653 0.363456
vt 0.111345 0.359441
vt 0.828200 0.035492
vt 0.410765 0.328107
vt 0.387000 0.339973
vt 0.877157 0.442582
vt 0.873419 0.450271
vt 0.872207 0.442594
vt 0.419829 0.335459
vt 0.300099 0.349087
vt 0.262955 0.352432
vt 0.168640 0.953296
vt 0.174033 0.956738
vt 0.288496 0.348887
vt 0.906767 0.445446
vt 0.900094 0.449630
vt 0.902354 0.442016
vt 0.162567 0.949850
vt 0.802551 0.028532
vt 0.798249 0.020952
vt 0.797347 0.025809
vt 0.737772 0.997395
vt 0.718442 0.550740
vt 0.720467 0.659617
vt 0.724228 0.668826
vt 0.339077 0.137357
vt 0.327459 0.138744
vt 0.333406 0.128354
vt 0.176404 0.161445
vt 0.163101 0.163323
vt 0.158758 0.150633
vt 0.179858 0.149229
vt 0.191579 0.159618
vt 0.122491 0.599886
vt 0.423806 0.115734
vt 0.142288 0.601645
vt 0.058078 0.179710
vt 0.015934 0.181013
vt 0.038450 0.177248
vt 0.687705 0.416405
vt 0.203301 0.147726
vt 0.073233 0.596685
vt 0.057601 0.596023
vt 0.436758 0.115281
vt 0.014263 0.598103
vt 0.546160 0.083781
vt 0.549375 0.082152
vt 0.555707 0.084300
vt 0.431486 0.707196
vt 0.452774 0.704336
vt 0.843469 0.453677
vt 0.846121 0.461095
vt 0.840051 0.457345
vt 0.837258 0.452700
vt 0.480505 0.705395
vt 0.756976 0.303060
vt 0.486087 0.332964
vt 0.865634 0.043832
vt 0.841106 0.040410
vt 0.393657 0.339042
vt 0.170156 0.361387
vt 0.122077 0.366840
vt 0.834865 0.046897
vt 0.823407 0.039337
vt 0.396636 0.336934
vt 0.230378 0.355918
vt 0.817086 0.042856
vt 0.815629 0.037171
vt 0.881229 0.448464
vt 0.430394 0.337459
vt 0.409282 0.337194
vt 0.402731 0.339139
vt 0.360959 0.340587
vt 0.345261 0.345951
vt 0.273634 0.353053
vt 0.251651 0.351815
vt 0.907463 0.453047
vt 0.852494 0.984054
vt 0.920034 0.686042
vt 0.370782 0.132074
vt 0.346159 0.134971
vt 0.355839 0.123877
vt 0.392910 0.115879
vt 0.312523 0.140976
vt 0.320463 0.129350
vt 0.303021 0.131651
vt 0.102128 0.155833
vt 0.124073 0.166854
vt 0.082586 0.172158
vt 0.105788 0.601527
vt 0.030349 0.170238
vt 0.671752 0.399113
vt 0.088008 0.602826
vt 0.061676 0.601654
vt 0.040093 0.600642
vt 0.181692 0.609578
vt 0.534235 0.101825
vt 0.543318 0.097055
vt 0.415936 0.703613
vt 0.477349 0.335174
vt 0.467873 0.334821
vt 0.446864 0.337003
vt 0.855551 0.045618
vt 0.828556 0.048523
vt 0.818100 0.047817
vt 0.114515 0.380089
vt 0.809619 0.050201
vt 0.804303 0.042316
vt 0.332175 0.345780
vt 0.352448 0.345598
vt 0.578772 0.325633
vt 0.902865 0.676810
vt 0.343529 0.121100
vt 0.153010 0.616003
vt 0.064241 0.603362
vt 0.050429 0.603106
vt 0.165945 0.612730
vt 0.423018 0.699574
vt 0.836085 0.465171
vt 0.832295 0.458051
vt 0.769659 0.303129
vt 0.762570 0.298418
vt 0.886322 0.047794
vt 0.873207 0.052238
vt 0.483372 0.337695
vt 0.348279 0.691793
vt 0.354962 0.693577
vt 0.359149 0.691793
vt 0.606707 0.344198
vt 0.788496 0.050393
vt 0.795937 0.042550
vt 0.898456 0.457789
vt 0.883595 0.458346
vt 0.887362 0.448654
vt 0.213819 0.365777
vt 0.597574 0.339979
vt 0.563431 0.299190
vt 0.777983 0.982772
vt 0.878170 0.818466
vt 0.896010 0.814918
vt 0.407476 0.105772
vt 0.138067 0.611911
vt 0.124111 0.611654
vt 0.108416 0.613808
vt 0.022453 0.162756
vt 0.002193 0.163156
vt 0.004018 0.176497
vt 0.044169 0.603005
vt 0.019433 0.602569
vt 0.005047 0.600375
vt 0.667648 0.394765
vt 0.531347 0.094975
vt 0.431080 0.696054
vt 0.450305 0.695321
vt 0.461929 0.693971
vt 0.828783 0.468277
vt 0.851321 0.473576
vt 0.841368 0.470585
vt 0.754780 0.297647
vt 0.860930 0.052889
vt 0.472950 0.343947
vt 0.454208 0.345319
vt 0.835878 0.051533
vt 0.815591 0.059069
vt 0.823320 0.052404
vt 0.822314 0.048440
vt 0.164663 0.374276
vt 0.127818 0.379360
vt 0.359199 0.351109
vt 0.305205 0.359724
vt 0.230732 0.367602
vt 0.402340 0.350435
vt 0.412019 0.348997
vt 0.577174 0.310516
vt 0.860575 0.981371
vt 0.945122 0.674080
vt 0.361686 0.115081
vt 0.384106 0.111572
vt 0.375511 0.120700
vt 0.706273 0.417598
vt 0.069900 0.162015
vt 0.051604 0.150684
vt 0.030065 0.146227
vt 0.143001 0.617798
vt 0.089213 0.614905
vt 0.069528 0.616581
vt 0.183374 0.128425
vt 0.212008 0.127983
vt 0.213993 0.139497
vt 0.694471 0.404814
vt 0.169760 0.618561
vt 0.677002 0.396050
vt 0.199535 0.617264
vt 0.210033 0.617999
vt 0.538256 0.087260
vt 0.441775 0.694373
vt 0.779423 0.298962
vt 0.774570 0.299336
vt 0.975091 0.510255
vt 0.973757 0.505371
vt 0.971746 0.491639
vt 0.479571 0.694626
vt 0.771092 0.289752
vt 0.762559 0.291615
vt 0.489036 0.344861
vt 0.483070 0.346843
vt 0.850460 0.053934
vt 0.807126 0.056549
vt 0.913310 0.468348
vt 0.896286 0.464660
vt 0.245611 0.370842
vt 0.200577 0.374156
vt 0.602428 0.334550
vt 0.394618 0.351419
vt 0.390485 0.351799
vt 0.332372 0.356059
vt 0.295157 0.361405
vt 0.436368 0.347553
vt 0.425657 0.347904
vt 0.586317 0.313621
vt 0.739382 0.552085
vt 0.721420 0.427397
vt 0.398593 0.103616
vt 0.138301 0.624721
vt 0.108175 0.622461
vt 0.163074 0.620717
vt 0.052632 0.612209
vt 0.034724 0.619561
vt 0.191140 0.619356
vt 0.178476 0.620686
vt 0.679954 0.389326
vt 0.872783 0.059069
vt 0.862233 0.059174
vt 0.907320 0.475100
vt 0.885794 0.472638
vt 0.831257 0.059322
vt 0.612723 0.339152
vt 0.267646 0.369715
vt 0.280402 0.365114
vt 0.348380 0.357074
vt 0.554702 0.286955
vt 0.956413 0.673886
vt 0.005419 0.138136
vt 0.087237 0.622343
vt 0.056879 0.620199
vt 0.673104 0.386994
vt 0.415973 0.691927
vt 0.453109 0.685549
vt 0.832803 0.476080
vt 0.826995 0.480420
vt 0.020380 0.410366
vt 0.033379 0.407226
vt 0.021729 0.413470
vt 0.965641 0.505159
vt 0.959495 0.508551
vt 0.782190 0.292547
vt 0.959979 0.497234
vt 0.952892 0.479257
vt 0.946337 0.485658
vt 0.933918 0.476145
vt 0.332925 0.365430
vt 0.128559 0.392067
vt 0.367015 0.358041
vt 0.730594 0.429631
vt 0.001689 0.141979
vt 0.150286 0.629821
vt 0.063746 0.624668
vt 0.426831 0.686351
vt 0.438441 0.685933
vt 0.036551 0.413180
vt 0.918387 0.487841
vt 0.471044 0.356025
vt 0.117090 0.410572
vt 0.615827 0.332446
vt 0.606291 0.326603
vt 0.446237 0.353965
vt 0.215751 0.382938
vt 0.354877 0.363178
vt 0.419871 0.357184
vt 0.407292 0.358682
vt 0.740693 0.994045
vt 0.733772 0.445887
vt 0.738753 0.435095
vt 0.720051 0.421626
vt 0.709155 0.412657
vt 0.016837 0.136530
vt 0.041213 0.139746
vt 0.020755 0.629503
vt 0.006799 0.628000
vt 0.137991 0.628722
vt 0.107313 0.632649
vt 0.084248 0.628252
vt 0.054646 0.627503
vt 0.034306 0.628002
vt 0.171575 0.632236
vt 0.468960 0.097033
vt 0.463952 0.088629
vt 0.469330 0.089102
vt 0.210663 0.631963
vt 0.199151 0.626250
vt 0.683899 0.378636
vt 0.676278 0.377406
vt 0.831177 0.491140
vt 0.827891 0.496969
vt 0.799515 0.292276
vt 0.790379 0.290766
vt 0.790918 0.297704
vt 0.044837 0.413470
vt 0.769562 0.277050
vt 0.482408 0.358825
vt 0.631117 0.337201
vt 0.623373 0.328855
vt 0.622675 0.341695
vt 0.459575 0.359919
vt 0.393569 0.362387
vt 0.390281 0.361641
vt 0.303295 0.373405
vt 0.258544 0.379375
vt 0.165323 0.388200
vt 0.120092 0.400808
vt 0.402463 0.362205
vt 0.576620 0.300509
vt 0.565679 0.288956
vt 0.551823 0.273796
vt 0.538367 0.275611
vt 0.840691 0.994950
vt 0.833149 0.993946
vt 0.797318 0.995396
vt 0.928234 0.659914
vt 0.902166 0.667025
vt 0.151063 0.636867
vt 0.127260 0.637790
vt 0.701566 0.402148
vt 0.165630 0.634593
vt 0.689414 0.384502
vt 0.192722 0.632776
vt 0.180945 0.636952
vt 0.461137 0.094682
vt 0.457709 0.087437
vt 0.669465 0.369846
vt 0.348279 0.020487
vt 0.349361 0.029495
vt 0.364583 0.018287
vt 0.777479 0.279155
vt 0.490089 0.360383
vt 0.635290 0.341633
vt 0.836523 0.630099
vt 0.835300 0.634019
vt 0.832599 0.630172
vt 0.835216 0.626049
vt 0.619428 0.319975
vt 0.613748 0.317721
vt 0.387486 0.367627
vt 0.337331 0.369958
vt 0.363984 0.366453
vt 0.194754 0.385179
vt 0.437714 0.358941
vt 0.584371 0.302494
vt 0.558348 0.279494
vt 0.545842 0.267110
vt 0.851479 0.995674
vt 0.956935 0.655985
vt 0.718798 0.413285
vt 0.002486 0.128618
vt 0.005535 0.635378
vt 0.002525 0.637512
vt 0.001571 0.627098
vt 0.040075 0.636080
vt 0.027495 0.637757
vt 0.051795 0.636301
vt 0.084292 0.635672
vt 0.065663 0.636282
vt 0.854098 0.520153
vt 0.878438 0.541978
vt 0.866281 0.538155
vt 0.364583 0.032560
vt 0.553250 0.448783
vt 0.549229 0.446324
vt 0.543931 0.449153
vt 0.086653 0.369759
vt 0.081831 0.361468
vt 0.087118 0.367162
vt 0.091008 0.364013
vt 0.092896 0.369759
vt 0.789580 0.282510
vt 0.841309 0.629026
vt 0.320445 0.377610
vt 0.277436 0.390054
vt 0.356537 0.370755
vt 0.156203 0.396678
vt 0.418210 0.363906
vt 0.740180 0.429231
vt 0.730318 0.423914
vt 0.001359 0.643465
vt 0.016131 0.638977
vt 0.472725 0.027455
vt 0.466565 0.037026
vt 0.454749 0.041946
vt 0.135372 0.641899
vt 0.108648 0.639665
vt 0.688831 0.377631
vt 0.687457 0.376314
vt 0.867592 0.548360
vt 0.679545 0.370177
vt 0.673169 0.364074
vt 0.665143 0.359546
vt 0.553391 0.443919
vt 0.665877 0.370615
vt 0.661112 0.361148
vt 0.547525 0.440608
vt 0.079775 0.355911
vt 0.087243 0.351918
vt 0.932673 0.525317
vt 0.929782 0.532922
vt 0.926781 0.531177
vt 0.929171 0.521973
vt 0.804336 0.270004
vt 0.785810 0.269626
vt 0.645891 0.345378
vt 0.641876 0.337831
vt 0.635407 0.331099
vt 0.393295 0.372858
vt 0.337165 0.379401
vt 0.257306 0.390428
vt 0.227559 0.388411
vt 0.131763 0.407850
vt 0.428584 0.364963
vt 0.410081 0.368322
vt 0.900500 0.394319
vt 0.892300 0.384426
vt 0.889702 0.385304
vt 0.572363 0.288248
vt 0.832167 0.999444
vt 0.768007 0.999104
vt 0.739120 0.999554
vt 0.902119 0.652786
vt 0.578754 0.064488
vt 0.540178 0.035720
vt 0.592288 0.066587
vt 0.599233 0.068052
vt 0.006451 0.641972
vt 0.043758 0.124884
vt 0.067184 0.118843
vt 0.074869 0.129275
vt 0.113736 0.643632
vt 0.049767 0.645706
vt 0.148229 0.646734
vt 0.090474 0.644176
vt 0.077044 0.642069
vt 0.063011 0.645246
vt 0.156398 0.647250
vt 0.169208 0.646386
vt 0.204726 0.517841
vt 0.225196 0.504436
vt 0.223877 0.517573
vt 0.579727 0.807551
vt 0.570051 0.814391
vt 0.571410 0.799454
vt 0.568832 0.807650
vt 0.853384 0.540124
vt 0.835706 0.519908
vt 0.559192 0.441199
vt 0.562047 0.449153
vt 0.034639 0.265563
vt 0.042725 0.275138
vt 0.036199 0.272000
vt 0.550311 0.437907
vt 0.915186 0.536920
vt 0.908916 0.537711
vt 0.910993 0.530033
vt 0.921494 0.524455
vt 0.921896 0.531317
vt 0.094317 0.357521
vt 0.094862 0.365344
vt 0.655001 0.345847
vt 0.653500 0.350752
vt 0.631963 0.323269
vt 0.625871 0.315893
vt 0.390315 0.375390
vt 0.384393 0.376595
vt 0.352883 0.383179
vt 0.314291 0.388866
vt 0.298018 0.390132
vt 0.672143 0.801085
vt 0.669801 0.813482
vt 0.676178 0.809187
vt 0.174593 0.400701
vt 0.924738 0.413774
vt 0.926515 0.406267
vt 0.920640 0.413107
vt 0.908477 0.401843
vt 0.870742 0.359488
vt 0.870029 0.353750
vt 0.867476 0.361650
vt 0.870177 0.309923
vt 0.867006 0.296805
vt 0.866718 0.260778
vt 0.865120 0.347320
vt 0.861427 0.336345
vt 0.860923 0.362635
vt 0.847238 0.999554
vt 0.849571 0.258271
vt 0.851664 0.257932
vt 0.846467 0.256844
vt 0.980218 0.539882
vt 0.979826 0.551836
vt 0.987966 0.543070
vt 0.983389 0.552746
vt 0.989970 0.959295
vt 0.989397 0.954744
vt 0.998701 0.955326
vt 0.163535 0.515270
vt 0.175203 0.505062
vt 0.177429 0.517251
vt 0.014035 0.645105
vt 0.022322 0.647602
vt 0.037872 0.646124
vt 0.512918 0.776925
vt 0.506576 0.788140
vt 0.492619 0.779071
vt 0.470718 0.782562
vt 0.458780 0.787049
vt 0.457667 0.781424
vt 0.193482 0.517481
vt 0.186843 0.491392
vt 0.197234 0.651650
vt 0.186729 0.650200
vt 0.203552 0.643613
vt 0.226775 0.509018
vt 0.956130 0.837553
vt 0.955344 0.833946
vt 0.964350 0.829909
vt 0.964909 0.835932
vt 0.857354 0.552949
vt 0.847929 0.546975
vt 0.580163 0.822848
vt 0.814979 0.289652
vt 0.808165 0.277916
vt 0.796371 0.273567
vt 0.649170 0.333968
vt 0.781410 0.264697
vt 0.648658 0.311077
vt 0.474075 0.368753
vt 0.671377 0.796164
vt 0.664242 0.800039
vt 0.444874 0.370232
vt 0.213511 0.401718
vt 0.159734 0.408231
vt 0.118505 0.410638
vt 0.404709 0.375534
vt 0.906675 0.383747
vt 0.893299 0.370245
vt 0.881657 0.374411
vt 0.873866 0.365165
vt 0.875124 0.261600
vt 0.531008 0.646832
vt 0.527383 0.646077
vt 0.525443 0.654249
vt 0.523781 0.651070
vt 0.522916 0.656950
vt 0.517129 0.651525
vt 0.522369 0.661463
vt 0.955984 0.644941
vt 0.976710 0.537467
vt 0.969982 0.552929
vt 0.972906 0.553605
vt 0.151721 0.514615
vt 0.166798 0.501785
vt 0.006791 0.648844
vt 0.003941 0.651650
vt 0.032815 0.649612
vt 0.389742 0.085773
vt 0.406857 0.067682
vt 0.405151 0.086925
vt 0.523982 0.783343
vt 0.489290 0.791345
vt 0.443954 0.783590
vt 0.666875 0.348548
vt 0.487481 0.374793
vt 0.879582 0.754116
vt 0.874584 0.763255
vt 0.876888 0.739554
vt 0.382697 0.391923
vt 0.373629 0.385275
vt 0.335537 0.395994
vt 0.459253 0.372180
vt 0.275787 0.404965
vt 0.661625 0.806810
vt 0.229361 0.402656
vt 0.931931 0.410221
vt 0.180534 0.408664
vt 0.438076 0.372173
vt 0.423534 0.372345
vt 0.413087 0.372815
vt 0.917607 0.375205
vt 0.899082 0.360605
vt 0.882875 0.351231
vt 0.533944 0.633837
vt 0.528165 0.638284
vt 0.536685 0.648403
vt 0.536305 0.640069
vt 0.436383 0.793034
vt 0.421857 0.790599
vt 0.431294 0.781701
vt 0.479963 0.800384
vt 0.450564 0.801390
vt 0.542395 0.801463
vt 0.526163 0.792670
vt 0.541918 0.790833
vt 0.223349 0.490580
vt 0.691173 0.065575
vt 0.686089 0.071528
vt 0.680185 0.047377
vt 0.664491 0.053679
vt 0.559719 0.809854
vt 0.549766 0.813439
vt 0.552894 0.803011
vt 0.703380 0.349603
vt 0.694604 0.352150
vt 0.565868 0.828258
vt 0.821309 0.289224
vt 0.815549 0.277318
vt 0.695725 0.346349
vt 0.793212 0.265365
vt 0.646168 0.305371
vt 0.395084 0.384307
vt 0.313829 0.395351
vt 0.640889 0.303087
vt 0.937641 0.401773
vt 0.143882 0.415497
vt 0.127769 0.417771
vt 0.525302 0.638745
vt 0.513741 0.639997
vt 0.901988 0.639865
vt 0.176576 0.489368
vt 0.387530 0.778957
vt 0.386425 0.773255
vt 0.390251 0.772079
vt 0.405325 0.774799
vt 0.408478 0.783342
vt 0.414338 0.780057
vt 0.505788 0.798973
vt 0.840515 0.289339
vt 0.834107 0.264840
vt 0.832277 0.291736
vt 0.557838 0.819143
vt 0.708591 0.349962
vt 0.826719 0.283720
vt 0.371710 0.399862
vt 0.357397 0.396285
vt 0.338992 0.402525
vt 0.395271 0.390095
vt 0.320344 0.402988
vt 0.286175 0.408192
vt 0.259786 0.403735
vt 0.638427 0.820878
vt 0.652315 0.829279
vt 0.411145 0.382594
vt 0.157227 0.419359
vt 0.415577 0.378460
vt 0.903984 0.365191
vt 0.895856 0.355898
vt 0.536397 0.628100
vt 0.890586 0.295610
vt 0.887416 0.263387
vt 0.942705 0.636514
vt 0.978901 0.561830
vt 0.983232 0.562397
vt 0.154791 0.501250
vt 0.169159 0.489137
vt 0.389444 0.783961
vt 0.406029 0.790751
vt 0.417997 0.796878
vt 0.430663 0.801663
vt 0.518592 0.799829
vt 0.414555 0.806388
vt 0.528122 0.804226
vt 0.491017 0.809998
vt 0.466762 0.803981
vt 0.540075 0.807645
vt 0.670703 0.066337
vt 0.831899 0.275993
vt 0.817745 0.270120
vt 0.580082 0.837229
vt 0.803793 0.266286
vt 0.661411 0.314398
vt 0.786209 0.260220
vt 0.494921 0.376139
vt 0.492041 0.381033
vt 0.382839 0.401911
vt 0.482934 0.380099
vt 0.448521 0.379219
vt 0.646675 0.808965
vt 0.214764 0.415411
vt 0.432336 0.379729
vt 0.942995 0.393589
vt 0.122636 0.427804
vt 0.894466 0.346704
vt 0.529334 0.626587
vt 0.525020 0.629489
vt 0.522523 0.627636
vt 0.512304 0.640422
vt 0.955682 0.632982
vt 0.383832 0.784504
vt 0.391607 0.792448
vt 0.383759 0.796209
vt 0.389664 0.808744
vt 0.194992 0.481741
vt 0.382699 0.811368
vt 0.439431 0.809739
vt 0.473696 0.814533
vt 0.460943 0.812068
vt 0.396588 0.817378
vt 0.386176 0.815881
vt 0.540083 0.818802
vt 0.422428 0.823857
vt 0.823040 0.266661
vt 0.648541 0.060232
vt 0.646675 0.041313
vt 0.660725 0.037329
vt 0.545765 0.831431
vt 0.559284 0.840132
vt 0.564523 0.837768
vt 0.680744 0.335771
vt 0.575672 0.843472
vt 0.577317 0.856682
vt 0.575589 0.868501
vt 0.572282 0.863650
vt 0.559321 0.866852
vt 0.295692 0.411697
vt 0.476610 0.383564
vt 0.237032 0.414518
vt 0.178586 0.420000
vt 0.421375 0.384197
vt 0.141538 0.427281
vt 0.532676 0.616948
vt 0.514686 0.625932
vt 0.969168 0.571583
vt 0.384872 0.074546
vt 0.387632 0.056042
vt 0.392482 0.068167
vt 0.488653 0.070344
vt 0.482337 0.084300
vt 0.483004 0.073967
vt 0.509967 0.809089
vt 0.502437 0.809062
vt 0.523183 0.815039
vt 0.468713 0.822082
vt 0.450956 0.820303
vt 0.386806 0.830568
vt 0.394115 0.832731
vt 0.226902 0.484349
vt 0.452587 0.827276
vt 0.417194 0.834483
vt 0.819094 0.261380
vt 0.565798 0.847829
vt 0.803218 0.260261
vt 0.564948 0.856871
vt 0.498331 0.381384
vt 0.380588 0.410634
vt 0.884061 0.746217
vt 0.885995 0.737168
vt 0.898098 0.733082
vt 0.894649 0.748274
vt 0.487798 0.384353
vt 0.481779 0.386492
vt 0.328758 0.411158
vt 0.303682 0.417938
vt 0.446021 0.383945
vt 0.257476 0.414473
vt 0.663991 0.821794
vt 0.432923 0.388830
vt 0.947994 0.392989
vt 0.157412 0.426176
vt 0.921798 0.363076
vt 0.905133 0.263619
vt 0.899177 0.260910
vt 0.942857 0.626502
vt 0.901897 0.624798
vt 0.966942 0.563291
vt 0.975640 0.581800
vt 0.979743 0.571383
vt 0.510294 0.816700
vt 0.495172 0.819686
vt 0.468828 0.832839
vt 0.505546 0.997523
vt 0.490278 0.984653
vt 0.490027 0.979911
vt 0.484563 0.976964
vt 0.403771 0.842440
vt 0.386907 0.840011
vt 0.551138 0.842613
vt 0.544298 0.854886
vt 0.797343 0.253107
vt 0.556220 0.859541
vt 0.555504 0.870595
vt 0.374158 0.414766
vt 0.470117 0.391112
vt 0.404630 0.402200
vt 0.397071 0.411242
vt 0.406634 0.393353
vt 0.291375 0.417742
vt 0.278681 0.414399
vt 0.886499 0.711524
vt 0.880244 0.703536
vt 0.880583 0.676801
vt 0.415552 0.398211
vt 0.874963 0.639106
vt 0.868309 0.630531
vt 0.872318 0.623896
vt 0.214828 0.421776
vt 0.193218 0.424398
vt 0.175819 0.426772
vt 0.162735 0.429244
vt 0.127571 0.434554
vt 0.917817 0.348659
vt 0.904807 0.336607
vt 0.523393 0.615400
vt 0.394874 0.055118
vt 0.516136 0.835709
vt 0.502924 0.826778
vt 0.656372 0.076972
vt 0.641522 0.077500
vt 0.669177 0.078588
vt 0.529371 0.837615
vt 0.438840 0.844274
vt 0.485410 0.972684
vt 0.543493 0.846116
vt 0.412471 0.852110
vt 0.400298 0.851288
vt 0.387687 0.849612
vt 0.545484 0.861359
vt 0.790492 0.250272
vt 0.539554 0.872393
vt 0.496165 0.396817
vt 0.889986 0.729522
vt 0.894644 0.719310
vt 0.890561 0.701828
vt 0.262914 0.422312
vt 0.885916 0.681043
vt 0.880731 0.659951
vt 0.880287 0.638014
vt 0.877016 0.625156
vt 0.869043 0.612501
vt 0.872902 0.609582
vt 0.226536 0.423054
vt 0.868650 0.592898
vt 0.180347 0.429273
vt 0.865301 0.588314
vt 0.871389 0.590020
vt 0.142735 0.434491
vt 0.127029 0.439367
vt 0.928421 0.370462
vt 0.914730 0.354707
vt 0.963594 0.583161
vt 0.977844 0.588350
vt 0.969599 0.954247
vt 0.965873 0.957417
vt 0.953924 0.954061
vt 0.674626 0.106449
vt 0.665463 0.104994
vt 0.670276 0.093981
vt 0.510341 0.837868
vt 0.483895 0.836397
vt 0.457437 0.840361
vt 0.520474 0.843610
vt 0.533260 0.852354
vt 0.418212 0.855465
vt 0.402716 0.868339
vt 0.393107 0.866695
vt 0.388058 0.866267
vt 0.618557 0.039922
vt 0.622106 0.062356
vt 0.613006 0.063702
vt 0.533058 0.867691
vt 0.391265 0.870815
vt 0.392638 0.417520
vt 0.785233 0.244686
vt 0.490391 0.398001
vt 0.475421 0.395606
vt 0.461042 0.397825
vt 0.463190 0.394690
vt 0.526278 0.878591
vt 0.513244 0.876283
vt 0.508549 0.883826
vt 0.491547 0.879618
vt 0.478529 0.877729
vt 0.485601 0.883821
vt 0.459519 0.885998
vt 0.297923 0.428566
vt 0.281080 0.423582
vt 0.486947 0.888492
vt 0.442248 0.889994
vt 0.449597 0.883821
vt 0.437556 0.882779
vt 0.422738 0.887796
vt 0.464957 0.892766
vt 0.428757 0.894141
vt 0.413251 0.894102
vt 0.413546 0.901427
vt 0.209001 0.428853
vt 0.187238 0.433143
vt 0.877812 0.591169
vt 0.922114 0.358535
vt 0.527187 0.602905
vt 0.948310 0.609506
vt 0.508248 0.620780
vt 0.954614 0.961163
vt 0.185607 0.471097
vt 0.192448 0.472112
vt 0.844251 0.262237
vt 0.843696 0.254781
vt 0.836283 0.257028
vt 0.707454 0.333184
vt 0.808187 0.252332
vt 0.505818 0.846438
vt 0.478983 0.845073
vt 0.462652 0.849060
vt 0.445925 0.854907
vt 0.517303 0.858041
vt 0.425007 0.862935
vt 0.521634 0.861145
vt 0.421840 0.871042
vt 0.505610 0.871017
vt 0.408331 0.874093
vt 0.388141 0.876190
vt 0.499815 0.867231
vt 0.459722 0.868337
vt 0.450462 0.872497
vt 0.426257 0.880803
vt 0.395579 0.879921
vt 0.482561 0.403559
vt 0.407367 0.886927
vt 0.260058 0.429863
vt 0.394618 0.894518
vt 0.665903 0.293311
vt 0.657334 0.293167
vt 0.393594 0.901427
vt 0.245640 0.422847
vt 0.218135 0.432502
vt 0.657330 0.280990
vt 0.628197 0.827811
vt 0.954460 0.380831
vt 0.170005 0.440462
vt 0.157244 0.435724
vt 0.142067 0.441210
vt 0.918931 0.337043
vt 0.531701 0.601407
vt 0.522353 0.605895
vt 0.512978 0.607888
vt 0.902459 0.609905
vt 0.955471 0.612976
vt 0.967209 0.592455
vt 0.210401 0.469744
vt 0.719667 0.331774
vt 0.824311 0.252019
vt 0.827611 0.258908
vt 0.698960 0.318576
vt 0.489576 0.852030
vt 0.504171 0.859193
vt 0.484012 0.859703
vt 0.459717 0.860598
vt 0.801239 0.244435
vt 0.791305 0.245107
vt 0.457338 0.405252
vt 0.448545 0.405025
vt 0.452121 0.401720
vt 0.472648 0.406260
vt 0.466911 0.405244
vt 0.390813 0.887901
vt 0.289473 0.433026
vt 0.272184 0.439191
vt 0.388960 0.894603
vt 0.591807 0.108194
vt 0.594380 0.123735
vt 0.584513 0.148010
vt 0.586790 0.171242
vt 0.590500 0.195707
vt 0.582570 0.194986
vt 0.437767 0.938840
vt 0.437306 0.934451
vt 0.446075 0.937876
vt 0.634199 0.839563
vt 0.947969 0.366403
vt 0.128601 0.445745
vt 0.921616 0.279961
vt 0.508410 0.600581
vt 0.974164 0.598001
vt 0.210921 0.461112
vt 0.399850 0.038162
vt 0.402148 0.049020
vt 0.843677 0.249520
vt 0.831934 0.248334
vt 0.810970 0.246771
vt 0.438207 0.415955
vt 0.438275 0.412210
vt 0.641253 0.841278
vt 0.644845 0.840951
vt 0.927819 0.354368
vt 0.926740 0.260715
vt 0.531858 0.590100
vt 0.935810 0.961195
vt 0.939003 0.954153
vt 0.820707 0.246759
vt 0.796090 0.239125
vt 0.601639 0.166062
vt 0.613810 0.134874
vt 0.613285 0.159230
vt 0.614468 0.204405
vt 0.452141 0.413047
vt 0.435801 0.416535
vt 0.427323 0.404999
vt 0.492121 0.409606
vt 0.620479 0.842515
vt 0.964224 0.368579
vt 0.942629 0.359561
vt 0.931798 0.333985
vt 0.506793 0.603067
vt 0.954942 0.595219
vt 0.963621 0.602314
vt 0.977479 0.607162
vt 0.207143 0.456124
vt 0.223002 0.456321
vt 0.223543 0.472386
vt 0.834488 0.243196
vt 0.712177 0.319120
vt 0.435680 0.419819
vt 0.424536 0.415567
vt 0.792883 0.234306
vt 0.502264 0.397567
vt 0.499173 0.408395
vt 0.675308 0.287973
vt 0.484021 0.413168
vt 0.477545 0.413276
vt 0.669439 0.276109
vt 0.941616 0.354317
vt 0.527180 0.579997
vt 0.521647 0.593720
vt 0.513329 0.589845
vt 0.961504 0.597875
vt 0.405987 0.022128
vt 0.406880 0.039379
vt 0.821903 0.240218
vt 0.812900 0.237598
vt 0.442046 0.423209
vt 0.461546 0.418899
vt 0.522661 0.581478
vt 0.967645 0.612184
vt 0.974905 0.613571
vt 0.804827 0.230860
vt 0.963315 0.994202
vt 0.959568 0.993472
vt 0.963315 0.984982
vt 0.449458 0.422815
vt 0.626912 0.855971
vt 0.634198 0.852243
vt 0.970167 0.360937
vt 0.936979 0.273512
vt 0.945689 0.262775
vt 0.904532 0.592276
vt 0.978883 0.618153
vt 0.955441 0.355353
vt 0.514270 0.577772
vt 0.487772 0.721153
vt 0.506843 0.751690
vt 0.491072 0.771017
vt 0.507557 0.584353
vt 0.836924 0.236271
vt 0.825104 0.233168
vt 0.729983 0.320924
vt 0.798552 0.223854
vt 0.488109 0.420493
vt 0.073957 0.005798
vt 0.065419 0.008559
vt 0.074391 0.009541
vt 0.470537 0.421678
vt 0.673654 0.263570
vt 0.614208 0.845081
vt 0.941524 0.348098
vt 0.531435 0.573390
vt 0.526385 0.563974
vt 0.524595 0.565709
vt 0.521287 0.570912
vt 0.510086 0.569374
vt 0.507094 0.774279
vt 0.962173 0.609208
vt 0.965137 0.625400
vt 0.976190 0.627900
vt 0.979323 0.630782
vt 0.223331 0.446638
vt 0.719550 0.314251
vt 0.814817 0.227657
vt 0.699050 0.288685
vt 0.474998 0.426164
vt 0.460182 0.429365
vt 0.449783 0.431527
vt 0.628343 0.859527
vt 0.533841 0.559620
vt 0.970070 0.630837
vt 0.392349 0.018424
vt 0.400161 0.009405
vt 0.222767 0.442016
vt 0.834686 0.224601
vt 0.824159 0.226138
vt 0.683540 0.273781
vt 0.677846 0.265171
vt 0.516793 0.563214
vt 0.979623 0.635376
vt 0.981633 0.643668
vt 0.987353 0.641742
vt 0.984116 0.649813
vt 0.989301 0.650172
vt 0.726727 0.308246
vt 0.807744 0.217377
vt 0.480243 0.431034
vt 0.455376 0.437070
vt 0.444686 0.431243
vt 0.625813 0.864240
vt 0.973776 0.356474
vt 0.967566 0.355649
vt 0.531547 0.552340
vt 0.525180 0.558432
vt 0.976780 0.647860
vt 0.826318 0.217777
vt 0.818700 0.216787
vt 0.489835 0.429616
vt 0.465700 0.439354
vt 0.614693 0.854285
vt 0.536685 0.544214
vt 0.533221 0.543117
vt 0.527026 0.548871
vt 0.517455 0.552658
vt 0.967571 0.638701
vt 0.980883 0.655156
vt 0.700133 0.273062
vt 0.686468 0.260384
vt 0.622457 0.868026
vt 0.630595 0.873366
vt 0.650375 0.908071
vt 0.666477 0.936207
vt 0.663895 0.926560
vt 0.676178 0.945440
vt 0.675185 0.948761
vt 0.526793 0.543455
vt 0.977921 0.655612
vt 0.882899 0.855746
vt 0.889551 0.859542
vt 0.886795 0.900141
vt 0.882814 0.937471
vt 0.890999 0.931201
vt 0.890152 0.953294
vt 0.882060 0.956069
vt 0.837340 0.213693
vt 0.479574 0.437431
vt 0.457989 0.441972
vt 0.686714 0.247547
vt 0.609149 0.862165
vt 0.613594 0.863201
vt 0.633829 0.895220
vt 0.662404 0.940208
vt 0.670264 0.953419
vt 0.526518 0.540992
vt 0.513011 0.557554
vt 0.522413 0.720540
vt 0.534817 0.721784
vt 0.536173 0.753045
vt 0.976030 0.658787
vt 0.386544 0.014114
vt 0.381610 0.000446
vt 0.389079 0.002158
vt 0.738055 0.313735
vt 0.743344 0.310066
vt 0.727551 0.295744
vt 0.615872 0.872729
vt 0.656589 0.937394
vt 0.667971 0.955609
vt 0.523849 0.539135
vt 0.517244 0.546166
vt 0.547191 0.721998
vt 0.567555 0.600478
vt 0.581015 0.608201
vt 0.564238 0.611250
vt 0.561414 0.609978
vt 0.559883 0.626747
vt 0.558464 0.622242
vt 0.616511 0.877300
vt 0.655701 0.939981
vt 0.666219 0.957627
vt 0.523025 0.536574
vt 0.610140 0.615926
vt 0.611952 0.623217
vt 0.580642 0.617508
vt 0.602186 0.720392
vt 0.583338 0.724434
vt 0.579642 0.720479
vt 0.576406 0.724560
vt 0.558593 0.721465
vt 0.560948 0.725172
vt 0.562545 0.745072
vt 0.563152 0.773969
vt 0.550770 0.774908
vt 0.632049 0.722640
vt 0.621877 0.724478
vt 0.602375 0.724533
vt 0.362391 0.417038
vt 0.375323 0.417241
vt 0.387277 0.419062
vt 0.339800 0.419960
vt 0.730525 0.092184
vt 0.397639 0.419742
vt 0.410005 0.423155
vt 0.035141 0.355279
vt 0.037238 0.353551
vt 0.070716 0.415654
vt 0.083489 0.437556
vt 0.086949 0.435405
vt 0.731072 0.179835
vt 0.038556 0.349948
vt 0.314350 0.426796
vt 0.301677 0.433456
vt 0.038638 0.345016
vt 0.069540 0.385867
vt 0.079828 0.403167
vt 0.083500 0.414776
vt 0.094613 0.431523
vt 0.041783 0.341241
vt 0.048600 0.348171
vt 0.574961 0.523431
vt 0.086438 0.411933
vt 0.094884 0.427361
vt 0.369116 0.718007
vt 0.066306 0.375855
vt 0.082511 0.403425
vt 0.049507 0.335470
vt 0.047490 0.343481
vt 0.098279 0.428966
vt 0.419227 0.426350
vt 0.450973 0.443965
vt 0.437822 0.435244
vt 0.402454 0.240475
vt 0.354073 0.705614
vt 0.329832 0.783641
vt 0.787532 0.221801
vt 0.403923 0.227770
vt 0.413910 0.225091
vt 0.054988 0.311598
vt 0.323081 0.778673
vt 0.253951 0.474574
vt 0.266863 0.458111
vt 0.278914 0.447729
vt 0.386578 0.229922
vt 0.056263 0.323222
vt 0.234315 0.690863
vt 0.238458 0.691510
vt 0.384793 0.220168
vt 0.368530 0.213573
vt 0.336176 0.688709
vt 0.397715 0.214910
vt 0.407375 0.210092
vt 0.052083 0.943438
vt 0.055875 0.936005
vt 0.056658 0.942783
vt 0.056123 0.296520
vt 0.070404 0.924544
vt 0.070310 0.931844
vt 0.093591 0.910230
vt 0.097251 0.913212
vt 0.254499 0.688410
vt 0.107065 0.908564
vt 0.751359 0.402740
vt 0.749547 0.406334
vt 0.749547 0.398305
vt 0.432761 0.498714
vt 0.323866 0.697714
vt 0.013873 0.721618
vt 0.059069 0.306143
vt 0.069569 0.310814
vt 0.054987 0.892540
vt 0.052821 0.864693
vt 0.056997 0.870941
vt 0.051178 0.861177
vt 0.220562 0.979650
vt 0.217974 0.985281
vt 0.482199 0.475122
vt 0.474269 0.464886
vt 0.461498 0.451498
vt 0.316672 0.966548
vt 0.309338 0.695635
vt 0.045611 0.723515
vt 0.055502 0.958405
vt 0.060994 0.911240
vt 0.055794 0.909311
vt 0.058747 0.904047
vt 0.081844 0.892589
vt 0.060776 0.893992
vt 0.086372 0.885611
vt 0.091423 0.872171
vt 0.068020 0.865538
vt 0.202394 0.969458
vt 0.219783 0.973018
vt 0.058752 0.860023
vt 0.054839 0.855231
vt 0.051964 0.851207
vt 0.108391 0.914944
vt 0.388469 0.203351
vt 0.377336 0.208929
vt 0.322377 0.686232
vt 0.416407 0.205168
vt 0.032846 0.717027
vt 0.010417 0.713084
vt 0.058726 0.951306
vt 0.071308 0.904927
vt 0.086585 0.895881
vt 0.110391 0.880800
vt 0.112018 0.873871
vt 0.110649 0.866666
vt 0.090311 0.863872
vt 0.079019 0.859691
vt 0.070998 0.855929
vt 0.628726 0.552868
vt 0.626926 0.499390
vt 0.305685 0.873662
vt 0.018314 0.713736
vt 0.045440 0.718375
vt 0.083294 0.719539
vt 0.068612 0.296651
vt 0.060023 0.471609
vt 0.109869 0.889559
vt 0.128072 0.880328
vt 0.179984 0.868256
vt 0.171610 0.877133
vt 0.148037 0.871190
vt 0.146166 0.878074
vt 0.125792 0.872415
vt 0.159759 0.867302
vt 0.175549 0.863796
vt 0.126240 0.863441
vt 0.212382 0.961473
vt 0.200289 0.961809
vt 0.147640 0.862063
vt 0.109659 0.858824
vt 0.093798 0.852148
vt 0.082755 0.845804
vt 0.059468 0.849761
vt 0.054774 0.841500
vt 0.118305 0.912490
vt 0.127837 0.920588
vt 0.307167 0.560893
vt 0.061608 0.716942
vt 0.066038 0.964445
vt 0.076961 0.303368
vt 0.086932 0.482901
vt 0.107484 0.485625
vt 0.174478 0.885797
vt 0.160359 0.887645
vt 0.137433 0.889474
vt 0.188762 0.868978
vt 0.190329 0.884909
vt 0.359645 0.516881
vt 0.207328 0.862296
vt 0.209914 0.865417
vt 0.190004 0.864187
vt 0.197828 0.871230
vt 0.219273 0.961195
vt 0.192476 0.856796
vt 0.167066 0.854975
vt 0.144375 0.854462
vt 0.120847 0.854653
vt 0.052423 0.840606
vt 0.118290 0.920024
vt 0.293922 0.879571
vt 0.296965 0.964873
vt 0.379974 0.196054
vt 0.366839 0.197535
vt 0.353868 0.199644
vt 0.427967 0.195129
vt 0.242082 0.921112
vt 0.239771 0.930611
vt 0.231846 0.930865
vt 0.046539 0.709710
vt 0.061518 0.968051
vt 0.064374 0.967210
vt 0.066142 0.280951
vt 0.129261 0.489177
vt 0.143167 0.504609
vt 0.212751 0.869385
vt 0.044527 0.961585
vt 0.026456 0.964451
vt 0.217255 0.861119
vt 0.210326 0.860038
vt 0.208514 0.854393
vt 0.194260 0.850787
vt 0.179820 0.848931
vt 0.149138 0.846553
vt 0.121774 0.846997
vt 0.060337 0.835125
vt 0.310750 0.209704
vt 0.231431 0.919268
vt 0.021935 0.705492
vt 0.254982 0.930865
vt 0.060306 0.709345
vt 0.348308 0.822997
vt 0.338597 0.814439
vt 0.203860 0.894056
vt 0.221780 0.875818
vt 0.225667 0.868572
vt 0.043197 0.955298
vt 0.022618 0.968332
vt 0.223710 0.855614
vt 0.210148 0.844331
vt 0.196022 0.843542
vt 0.183319 0.836547
vt 0.171781 0.841726
vt 0.126773 0.843556
vt 0.081571 0.827320
vt 0.053012 0.829445
vt 0.127982 0.925916
vt 0.375293 0.190106
vt 0.011758 0.702020
vt 0.187563 0.910673
vt 0.173125 0.911240
vt 0.158578 0.903029
vt 0.225952 0.892820
vt 0.233251 0.877550
vt 0.231818 0.866857
vt 0.219792 0.844758
vt 0.194001 0.837463
vt 0.153847 0.835932
vt 0.141896 0.835248
vt 0.127579 0.836467
vt 0.101154 0.834418
vt 0.640077 0.553153
vt 0.644363 0.499318
vt 0.283079 0.872427
vt 0.286603 0.948130
vt 0.330161 0.196857
vt 0.239033 0.502312
vt 0.062102 0.971900
vt 0.204182 0.910126
vt 0.134927 0.513185
vt 0.086325 0.285310
vt 0.087331 0.296085
vt 0.234149 0.887477
vt 0.047105 0.938280
vt 0.179454 0.833652
vt 0.169173 0.830027
vt 0.154448 0.827516
vt 0.056952 0.824406
vt 0.191854 0.831120
vt 0.132582 0.922997
vt 0.136809 0.927898
vt 0.246148 0.486722
vt 0.354032 0.187099
vt 0.309829 0.197376
vt 0.285069 0.201642
vt 0.148196 0.517172
vt 0.146415 0.527552
vt 0.127181 0.523449
vt 0.163044 0.523309
vt 0.993083 0.441019
vt 0.236731 0.709705
vt 0.199842 0.519672
vt 0.221201 0.835791
vt 0.129854 0.823174
vt 0.107775 0.827243
vt 0.184686 0.829721
vt 0.754015 0.736992
vt 0.749685 0.738557
vt 0.753056 0.729156
vt 0.745924 0.723640
vt 0.493493 0.495694
vt 0.285889 0.965084
vt 0.363783 0.182609
vt 0.153912 0.531920
vt 0.043119 0.938670
vt 0.038556 0.937235
vt 0.747513 0.767618
vt 0.751783 0.745409
vt 0.766814 0.756681
vt 0.759923 0.746861
vt 0.752798 0.704442
vt 0.152376 0.818570
vt 0.053959 0.820421
vt 0.757693 0.723480
vt 0.135832 0.930523
vt 0.655244 0.531579
vt 0.655425 0.500379
vt 0.373220 0.180871
vt 0.338842 0.187066
vt 0.325800 0.188551
vt 0.433666 0.174136
vt 0.203014 0.701128
vt 0.993362 0.434591
vt 0.979757 0.432856
vt 0.970391 0.424931
vt 0.991504 0.430957
vt 0.019141 0.499020
vt 0.225066 0.706169
vt 0.214617 0.705229
vt 0.674403 0.693625
vt 0.669837 0.683806
vt 0.676909 0.688243
vt 0.682396 0.692669
vt 0.683274 0.690286
vt 0.048460 0.931757
vt 0.685197 0.698007
vt 0.691836 0.701586
vt 0.691812 0.695689
vt 0.220455 0.825353
vt 0.769148 0.766588
vt 0.093418 0.818713
vt 0.074970 0.816839
vt 0.761619 0.734303
vt 0.151453 0.671742
vt 0.963439 0.416474
vt 0.977003 0.424632
vt 0.280319 0.193702
vt 0.267949 0.204245
vt 0.046050 0.509173
vt 0.019498 0.503036
vt 0.070519 0.522464
vt 0.692058 0.690314
vt 0.097400 0.813453
vt 0.762359 0.713199
vt 0.054094 0.814917
vt 0.141406 0.930725
vt 0.147413 0.929293
vt 0.326397 0.179295
vt 0.134528 0.667527
vt 0.168552 0.674445
vt 0.967893 0.415199
vt 0.301768 0.187117
vt 0.209389 0.216698
vt 0.186138 0.211831
vt 0.035909 0.524452
vt 0.019408 0.516351
vt 0.014495 0.517130
vt 0.054445 0.521523
vt 0.266972 0.192464
vt 0.255350 0.201444
vt 0.106999 0.444428
vt 0.102623 0.450784
vt 0.106917 0.453282
vt 0.101902 0.455542
vt 0.107454 0.462319
vt 0.104211 0.464318
vt 0.254076 0.946555
vt 0.251909 0.943354
vt 0.245841 0.946601
vt 0.240867 0.946093
vt 0.773081 0.747899
vt 0.772729 0.731318
vt 0.129306 0.811233
vt 0.107329 0.809008
vt 0.073168 0.808762
vt 0.767194 0.721639
vt 0.163432 0.811891
vt 0.141217 0.806175
vt 0.053988 0.808719
vt 0.156566 0.927902
vt 0.168970 0.924268
vt 0.665026 0.550215
vt 0.668226 0.500645
vt 0.234712 0.512356
vt 0.232125 0.529544
vt 0.380232 0.170924
vt 0.368606 0.172253
vt 0.354532 0.174696
vt 0.341044 0.175486
vt 0.017891 0.651650
vt 0.251716 0.190648
vt 0.098279 0.285593
vt 0.114041 0.458677
vt 0.778650 0.754058
vt 0.094241 0.806674
vt 0.768196 0.708055
vt 0.762744 0.690685
vt 0.078450 0.802940
vt 0.066566 0.801824
vt 0.054528 0.799440
vt 0.671057 0.537430
vt 0.664131 0.556266
vt 0.673073 0.499108
vt 0.031191 0.652228
vt 0.178973 0.204935
vt 0.169400 0.219053
vt 0.168179 0.207612
vt 0.151130 0.221378
vt 0.152909 0.211957
vt 0.130746 0.216121
vt 0.117021 0.658935
vt 0.015464 0.656897
vt 0.095197 0.660044
vt 0.081225 0.663412
vt 0.289317 0.184222
vt 0.116395 0.460923
vt 0.243085 0.955120
vt 0.254076 0.955722
vt 0.234313 0.955843
vt 0.236269 0.945356
vt 0.229228 0.951593
vt 0.775002 0.719219
vt 0.122853 0.804013
vt 0.758136 0.652598
vt 0.752201 0.659795
vt 0.750480 0.647493
vt 0.763612 0.644492
vt 0.747428 0.632294
vt 0.057062 0.792315
vt 0.164045 0.929228
vt 0.170868 0.927077
vt 0.663444 0.653241
vt 0.026325 0.243721
vt 0.037583 0.244606
vt 0.023452 0.250223
vt 0.962349 0.401890
vt 0.960598 0.409768
vt 0.261328 0.182696
vt 0.781819 0.746762
vt 0.785780 0.740859
vt 0.775829 0.712843
vt 0.772985 0.699891
vt 0.770696 0.682050
vt 0.760711 0.672846
vt 0.766293 0.655828
vt 0.756498 0.631666
vt 0.751259 0.607939
vt 0.057849 0.787244
vt 0.169121 0.929621
vt 0.465258 0.555410
vt 0.497232 0.505257
vt 0.502520 0.532174
vt 0.672234 0.651908
vt 0.367557 0.163659
vt 0.040778 0.232296
vt 0.019502 0.241295
vt 0.351818 0.165068
vt 0.138129 0.206031
vt 0.064137 0.235572
vt 0.061762 0.229936
vt 0.089476 0.216382
vt 0.107052 0.219845
vt 0.092630 0.226838
vt 0.080056 0.228691
vt 0.426945 0.159314
vt 0.302424 0.170180
vt 0.282054 0.177556
vt 0.267998 0.176853
vt 0.226902 0.955386
vt 0.265878 0.796164
vt 0.787848 0.751855
vt 0.782113 0.698767
vt 0.757931 0.620199
vt 0.758860 0.605502
vt 0.176490 0.933184
vt 0.675144 0.575608
vt 0.028381 0.235450
vt 0.387229 0.160960
vt 0.159745 0.198104
vt 0.147125 0.202280
vt 0.335521 0.165702
vt 0.322789 0.168199
vt 0.101806 0.210146
vt 0.070465 0.219817
vt 0.181990 0.193943
vt 0.790662 0.745772
vt 0.789556 0.733249
vt 0.778682 0.682289
vt 0.771334 0.659344
vt 0.768592 0.640382
vt 0.765572 0.628315
vt 0.761262 0.619306
vt 0.183161 0.942436
vt 0.500870 0.516678
vt 0.372207 0.159855
vt 0.396566 0.159213
vt 0.168697 0.197104
vt 0.406551 0.157923
vt 0.423215 0.155941
vt 0.197528 0.189719
vt 0.445865 0.152139
vt 0.287444 0.169870
vt 0.788098 0.713780
vt 0.768126 0.617379
vt 0.766369 0.605786
vt 0.686704 0.611031
vt 0.027962 0.230837
vt 0.015963 0.232139
vt 0.271409 0.167686
vt 0.257218 0.172642
vt 0.226901 0.170132
vt 0.524004 0.139816
vt 0.517056 0.143813
vt 0.510256 0.144003
vt 0.488342 0.145380
vt 0.796622 0.750402
vt 0.794608 0.725925
vt 0.784177 0.680943
vt 0.779179 0.658557
vt 0.779532 0.639381
vt 0.769279 0.602037
vt 0.686155 0.537191
vt 0.689902 0.500275
vt 0.692657 0.627697
vt 0.354877 0.154391
vt 0.348868 0.156838
vt 0.145663 0.192850
vt 0.124383 0.196281
vt 0.057590 0.214868
vt 0.170439 0.183519
vt 0.097349 0.199293
vt 0.077833 0.209156
vt 0.188001 0.179930
vt 0.410055 0.150615
vt 0.433840 0.145681
vt 0.209746 0.174046
vt 0.452750 0.143724
vt 0.216288 0.169248
vt 0.237717 0.164400
vt 0.463736 0.138471
vt 0.516794 0.129525
vt 0.507609 0.132122
vt 0.412591 0.744299
vt 0.800526 0.742205
vt 0.798824 0.714880
vt 0.784334 0.659302
vt 0.773155 0.605956
vt 0.185225 0.946718
vt 0.376122 0.151597
vt 0.031598 0.221646
vt 0.014453 0.223957
vt 0.324392 0.156537
vt 0.176786 0.179779
vt 0.972678 0.390600
vt 0.304281 0.159593
vt 0.248874 0.163610
vt 0.521610 0.126124
vt 0.692654 0.593963
vt 0.338903 0.154301
vt 0.162354 0.182307
vt 0.141634 0.185707
vt 0.053364 0.209522
vt 0.077847 0.202281
vt 0.284845 0.157455
vt 0.446991 0.134896
vt 0.261090 0.160866
vt 0.214805 0.156061
vt 0.468160 0.134375
vt 0.549366 0.128925
vt 0.824190 0.740136
vt 0.181554 0.957622
vt 0.187953 0.949439
vt 0.901903 0.715836
vt 0.359678 0.145092
vt 0.089170 0.188576
vt 0.072463 0.192633
vt 0.052105 0.200207
vt 0.302601 0.152924
vt 0.272820 0.157474
vt 0.503446 0.123774
vt 0.525732 0.120261
vt 0.806239 0.723513
vt 0.803906 0.700340
vt 0.398233 0.588813
vt 0.701383 0.538424
vt 0.702163 0.506518
vt 0.720400 0.652551
vt 0.698305 0.617503
vt 0.695908 0.611402
vt 0.381228 0.141543
vt 0.339331 0.145082
vt 0.151745 0.173840
vt 0.123589 0.180695
vt 0.322728 0.146939
vt 0.031803 0.199480
vt 0.009147 0.205807
vt 0.514715 0.120310
vt 0.487781 0.120604
vt 0.985746 0.119151
vt 0.815323 0.718740
vt 0.804518 0.677795
vt 0.182975 0.967072
vt 0.185500 0.961374
vt 0.161318 0.333834
vt 0.699661 0.595738
vt 0.698025 0.590920
vt 0.700585 0.588132
vt 0.055237 0.184957
vt 0.006605 0.194046
vt 0.995362 0.376849
vt 0.295671 0.143510
vt 0.202289 0.158263
vt 0.998893 0.378378
vt 0.437455 0.127005
vt 0.284210 0.145817
vt 0.277098 0.145489
vt 0.265886 0.147412
vt 0.229920 0.153776
vt 0.464723 0.121773
vt 0.452871 0.123764
vt 0.256140 0.149404
vt 0.244156 0.151361
vt 0.526668 0.112668
vt 0.980396 0.113031
vt 0.810628 0.754757
vt 0.179717 0.965673
vt 0.198863 0.335979
vt 0.177672 0.337734
vt 0.148267 0.348593
vt 0.229620 0.545958
vt 0.233087 0.581481
vt 0.365510 0.134273
vt 0.382139 0.132661
vt 0.135770 0.168169
vt 0.119677 0.170613
vt 0.089914 0.175091
vt 0.306893 0.143703
vt 0.049697 0.183143
vt 0.999547 0.371276
vt 0.517569 0.112821
vt 0.506775 0.114904
vt 0.043259 0.583477
vt 0.477103 0.120342
vt 0.659388 0.406175
vt 0.808257 0.684452
vt 0.048460 0.913260
vt 0.990908 0.114367
vt 0.799109 0.611158
vt 0.800378 0.602775
vt 0.798835 0.597264
vt 0.996830 0.115834
vt 0.109914 0.351399
vt 0.895232 0.235058
vt 0.701712 0.620333
vt 0.705691 0.599837
vt 0.151287 0.164834
vt 0.098797 0.172538
vt 0.006423 0.186496
vt 0.292999 0.142693
vt 0.877264 0.069135
vt 0.898098 0.069135
vt 0.891655 0.065566
vt 0.818325 0.702965
vt 0.181257 0.971900
vt 0.378170 0.999253
vt 0.385736 0.997112
vt 0.384559 0.999554
vt 0.189075 0.014432
vt 0.187874 0.010259
vt 0.710011 0.625155
vt 0.706235 0.616955
vt 0.715097 0.613217
vt 0.705879 0.591761
vt 0.384468 0.130564
vt 0.996675 0.370514
vt 0.999387 0.364697
vt 0.499157 0.106768
vt 0.281194 0.139042
vt 0.230082 0.146266
vt 0.213699 0.145914
vt 0.268348 0.139303
vt 0.251630 0.140218
vt 0.856917 0.449656
vt 0.857879 0.456816
vt 0.866494 0.452693
vt 0.808863 0.630754
vt 0.655344 0.262693
vt 0.663496 0.255575
vt 0.663496 0.266280
vt 0.832909 0.748832
vt 0.866633 0.444675
vt 0.389382 0.997470
vt 0.388542 0.993950
vt 0.183785 0.020963
vt 0.716014 0.537887
vt 0.714884 0.500868
vt 0.230112 0.570483
vt 0.710612 0.619586
vt 0.711808 0.596227
vt 0.135856 0.147896
vt 0.514338 0.106132
vt 0.448104 0.111229
vt 0.468931 0.103509
vt 0.523754 0.103550
vt 0.853965 0.462358
vt 0.822459 0.666495
vt 0.811037 0.636512
vt 0.048460 0.901427
vt 0.837802 0.729941
vt 0.818835 0.676587
vt 0.100996 0.470848
vt 0.103714 0.465210
vt 0.103714 0.476806
vt 0.804287 0.596102
vt 0.393118 0.993338
vt 0.194293 0.020963
vt 0.894094 0.447552
vt 0.797133 0.032470
vt 0.721745 0.574356
vt 0.115806 0.150422
vt 0.283056 0.130144
vt 0.996296 0.361731
vt 0.506241 0.104039
vt 0.483262 0.105061
vt 0.270029 0.131047
vt 0.259140 0.131979
vt 0.231316 0.136022
vt 0.865062 0.459466
vt 0.504982 0.547944
vt 0.504526 0.571115
vt 0.724186 0.625088
vt 0.254790 0.631123
vt 0.331894 0.120212
vt 0.152994 0.143058
vt 0.318938 0.120977
vt 0.175377 0.139952
vt 0.303356 0.123087
vt 0.542227 0.080066
vt 0.461390 0.107728
vt 0.247441 0.132404
vt 0.833392 0.707438
vt 0.825167 0.680649
vt 0.826757 0.661265
vt 0.820032 0.640766
vt 0.820061 0.622987
vt 0.818128 0.607814
vt 0.816921 0.599728
vt 0.873836 0.460188
vt 0.503047 0.580838
vt 0.164461 0.138999
vt 0.078672 0.151520
vt 0.002649 0.181338
vt 0.539328 0.069954
vt 0.518574 0.098289
vt 0.857381 0.472283
vt 0.864003 0.468478
vt 0.845193 0.750557
vt 0.839937 0.693968
vt 0.824107 0.634165
vt 0.814150 0.595490
vt 0.399282 0.985560
vt 0.397941 0.982036
vt 0.726549 0.508836
vt 0.727614 0.611712
vt 0.341605 0.112276
vt 0.137818 0.139763
vt 0.090766 0.145508
vt 0.282845 0.119308
vt 0.535602 0.070626
vt 0.270155 0.121870
vt 0.504412 0.097568
vt 0.453074 0.102325
vt 0.255801 0.122547
vt 0.727737 0.548627
vt 0.738385 0.501192
vt 0.726449 0.499740
vt 0.730448 0.554995
vt 0.369528 0.106844
vt 0.354423 0.108373
vt 0.331619 0.111232
vt 0.390122 0.104556
vt 0.320626 0.112994
vt 0.158025 0.131357
vt 0.148071 0.131416
vt 0.116351 0.136652
vt 0.170523 0.129803
vt 0.069554 0.143781
vt 0.438316 0.099808
vt 0.306816 0.112803
vt 0.010360 0.612247
vt 0.003654 0.611710
vt 0.223943 0.123949
vt 0.455950 0.096485
vt 0.238618 0.123340
vt 0.488743 0.095125
vt 0.475712 0.096148
vt 0.523602 0.091309
vt 0.668244 0.383636
vt 0.843711 0.483596
vt 0.858038 0.483860
vt 0.966822 0.496126
vt 0.863457 0.483359
vt 0.870741 0.479046
vt 0.850003 0.725779
vt 0.831186 0.642251
vt 0.836249 0.665256
vt 0.088587 0.137813
vt 0.512388 0.093107
vt 0.499851 0.092755
vt 0.532112 0.083351
vt 0.859437 0.497894
vt 0.828976 0.624824
vt 0.959420 0.489346
vt 0.829067 0.610362
vt 0.830410 0.595258
vt 0.835310 0.591870
vt 0.920446 0.472759
vt 0.928646 0.467467
vt 0.408505 0.971104
vt 0.830616 0.590909
vt 0.486458 0.614794
vt 0.737119 0.661744
vt 0.736838 0.576411
vt 0.363068 0.104825
vt 0.382794 0.100931
vt 0.135690 0.127883
vt 0.067123 0.136882
vt 0.413239 0.098202
vt 0.528361 0.055126
vt 0.526775 0.057438
vt 0.315341 0.102461
vt 0.436656 0.095602
vt 0.266844 0.108875
vt 0.254168 0.110359
vt 0.242524 0.111552
vt 0.226781 0.111879
vt 0.838581 0.499454
vt 0.851398 0.507535
vt 0.966100 0.521187
vt 0.961289 0.514665
vt 0.871165 0.203402
vt 0.867025 0.206271
vt 0.861189 0.219893
vt 0.877264 0.214126
vt 0.882006 0.494340
vt 0.024909 0.475914
vt 0.024909 0.463426
vt 0.007794 0.467165
vt 0.955182 0.493909
vt 0.004982 0.475190
vt 0.900199 0.485729
vt 0.851082 0.751148
vt 0.848773 0.709280
vt 0.849101 0.678592
vt 0.414161 0.955561
vt 0.740498 0.528320
vt 0.736114 0.650808
vt 0.741653 0.556129
vt 0.340148 0.101039
vt 0.043950 0.130597
vt 0.401734 0.094746
vt 0.328163 0.101364
vt 0.169311 0.119285
vt 0.158762 0.119387
vt 0.092769 0.129498
vt 0.184343 0.116228
vt 0.436418 0.089544
vt 0.282877 0.104033
vt 0.448999 0.090602
vt 0.211669 0.113188
vt 0.502369 0.085746
vt 0.515694 0.084432
vt 0.480629 0.087177
vt 0.960198 0.544803
vt 0.959745 0.556589
vt 0.952498 0.555386
vt 0.861437 0.193730
vt 0.899144 0.504543
vt 0.888456 0.506210
vt 0.949800 0.509643
vt 0.946232 0.496041
vt 0.934506 0.489570
vt 0.856261 0.734321
vt 0.838514 0.641836
vt 0.234360 0.593192
vt 0.237482 0.601026
vt 0.737551 0.671276
vt 0.245810 0.618161
vt 0.369453 0.096344
vt 0.355744 0.098810
vt 0.017273 0.127237
vt 0.389380 0.095177
vt 0.141501 0.120954
vt 0.119594 0.124717
vt 0.416765 0.092044
vt 0.200664 0.634690
vt 0.936327 0.559750
vt 0.923019 0.560660
vt 0.925994 0.554572
vt 0.901342 0.557747
vt 0.889480 0.559076
vt 0.890598 0.550309
vt 0.899255 0.549652
vt 0.944302 0.550617
vt 0.951759 0.544159
vt 0.899420 0.537999
vt 0.883899 0.550333
vt 0.879558 0.534977
vt 0.963697 0.534598
vt 0.956683 0.532359
vt 0.897647 0.522752
vt 0.856032 0.183318
vt 0.846675 0.188663
vt 0.845562 0.198478
vt 0.877264 0.185771
vt 0.821105 0.489727
vt 0.950745 0.521040
vt 0.903372 0.513355
vt 0.942229 0.506254
vt 0.927192 0.518162
vt 0.928983 0.498532
vt 0.909229 0.501792
vt 0.911296 0.514771
vt 0.862337 0.756653
vt 0.836989 0.613770
vt 0.846271 0.636304
vt 0.845571 0.659696
vt 0.500033 0.594797
vt 0.741026 0.651540
vt 0.741978 0.619293
vt 0.742279 0.582514
vt 0.741354 0.664134
vt 0.382972 0.094356
vt 0.519643 0.047581
vt 0.225310 0.099855
vt 0.884594 0.559481
vt 0.939114 0.543645
vt 0.331975 0.013623
vt 0.321284 0.028100
vt 0.311942 0.014478
vt 0.292605 0.028100
vt 0.875705 0.551972
vt 0.305863 0.014748
vt 0.289402 0.015719
vt 0.320542 0.007583
vt 0.290570 0.008606
vt 0.041407 0.262958
vt 0.056974 0.268110
vt 0.047849 0.267379
vt 0.948468 0.531546
vt 0.930081 0.535070
vt 0.904846 0.527792
vt 0.900933 0.519780
vt 0.069293 0.364606
vt 0.905249 0.515988
vt 0.906182 0.520355
vt 0.910971 0.517261
vt 0.747801 0.553789
vt 0.744939 0.651880
vt 0.745924 0.434785
vt 0.350145 0.089624
vt 0.339697 0.089747
vt 0.512717 0.048143
vt 0.471342 0.051492
vt 0.495274 0.031991
vt 0.484236 0.044514
vt 0.461733 0.045195
vt 0.146316 0.109612
vt 0.128359 0.112135
vt 0.115176 0.114893
vt 0.091836 0.121417
vt 0.079684 0.118869
vt 0.473005 0.055543
vt 0.443687 0.063761
vt 0.447054 0.066125
vt 0.465159 0.063327
vt 0.213025 0.102638
vt 0.457205 0.066192
vt 0.253832 0.096282
vt 0.453075 0.081626
vt 0.240986 0.097390
vt 0.451487 0.076271
vt 0.441576 0.072229
vt 0.445519 0.074794
vt 0.871755 0.560660
vt 0.213315 0.637725
vt 0.024909 0.264942
vt 0.035513 0.261820
vt 0.048408 0.276093
vt 0.057611 0.273939
vt 0.062953 0.271196
vt 0.070775 0.357782
vt 0.098676 0.361470
vt 0.100091 0.367283
vt 0.866842 0.741166
vt 0.871492 0.732264
vt 0.867185 0.711438
vt 0.842287 0.613045
vt 0.861693 0.688029
vt 0.912481 0.423583
vt 0.918422 0.426851
vt 0.916287 0.422885
vt 0.912002 0.409423
vt 0.905222 0.414428
vt 0.886591 0.405174
vt 0.881848 0.408798
vt 0.892470 0.403468
vt 0.898635 0.397298
vt 0.870344 0.393711
vt 0.751878 0.546832
vt 0.746977 0.500648
vt 0.571481 0.048487
vt 0.517125 0.016767
vt 0.547038 0.030112
vt 0.745692 0.589187
vt 0.746959 0.558293
vt 0.508041 0.015347
vt 0.506412 0.010259
vt 0.498001 0.013261
vt 0.492316 0.018608
vt 0.511200 0.023544
vt 0.549525 0.047383
vt 0.594265 0.074527
vt 0.501835 0.025468
vt 0.512657 0.027522
vt 0.997797 0.857222
vt 0.999547 0.862632
vt 0.986440 0.862747
vt 0.542886 0.046199
vt 0.592275 0.076271
vt 0.485965 0.016211
vt 0.998938 0.851699
vt 0.482298 0.024506
vt 0.996401 0.853597
vt 0.503507 0.028176
vt 0.160379 0.517573
vt 0.002995 0.118639
vt 0.375872 0.086688
vt 0.363164 0.087459
vt 0.161162 0.106237
vt 0.173616 0.105465
vt 0.416685 0.082611
vt 0.308594 0.091670
vt 0.190518 0.102835
vt 0.425969 0.068046
vt 0.027873 0.269865
vt 0.096911 0.352211
vt 0.852281 0.634085
vt 0.853940 0.626941
vt 0.855448 0.647954
vt 0.843653 0.593246
vt 0.921133 0.422477
vt 0.399713 0.373958
vt 0.879628 0.395607
vt 0.868363 0.381624
vt 0.876145 0.372675
vt 0.862776 0.380407
vt 0.858291 0.382867
vt 0.858247 0.370365
vt 0.854392 0.375827
vt 0.855411 0.258388
vt 0.852591 0.367879
vt 0.855759 0.364254
vt 0.575860 0.053663
vt 0.598288 0.064490
vt 0.602808 0.065816
vt 0.989583 0.545222
vt 0.983273 0.857993
vt 0.990723 0.866935
vt 0.998801 0.897988
vt 0.011993 0.114994
vt 0.511318 0.045049
vt 0.046361 0.116158
vt 0.323357 0.090497
vt 0.715175 0.130236
vt 0.718581 0.151058
vt 0.713072 0.148516
vt 0.716799 0.161621
vt 0.277371 0.092523
vt 0.419345 0.068646
vt 0.263152 0.093264
vt 0.668334 0.010001
vt 0.668873 0.022444
vt 0.665563 0.015976
vt 0.963843 0.825284
vt 0.027534 0.273637
vt 0.033193 0.276093
vt 0.559579 0.437556
vt 0.929322 0.536554
vt 0.852052 0.608558
vt 0.849280 0.589641
vt 0.412417 0.968274
vt 0.417541 0.954986
vt 0.856768 0.296076
vt 0.864350 0.255575
vt 0.857214 0.352046
vt 0.854075 0.351341
vt 0.853663 0.306736
vt 0.851288 0.287521
vt 0.765340 0.515140
vt 0.982654 0.906502
vt 0.517656 0.051959
vt 0.503222 0.051475
vt 0.713639 0.118293
vt 0.703316 0.119130
vt 0.718672 0.172250
vt 0.707584 0.169540
vt 0.708364 0.156687
vt 0.839178 0.304334
vt 0.848876 0.278920
vt 0.673634 0.037024
vt 0.696726 0.366290
vt 0.917496 0.543682
vt 0.908727 0.546000
vt 0.910913 0.542440
vt 0.923117 0.542147
vt 0.920946 0.539209
vt 0.903336 0.544596
vt 0.899941 0.539153
vt 0.876816 0.717438
vt 0.872966 0.683149
vt 0.496000 0.607120
vt 0.357720 0.078597
vt 0.721200 0.190082
vt 0.729620 0.218348
vt 0.720457 0.208986
vt 0.501190 0.049262
vt 0.373732 0.076811
vt 0.705031 0.089292
vt 0.710832 0.102167
vt 0.702359 0.101023
vt 0.712356 0.186955
vt 0.705440 0.136649
vt 0.705750 0.148147
vt 0.700365 0.078735
vt 0.306014 0.079126
vt 0.531040 0.786013
vt 0.655894 0.013372
vt 0.656156 0.026512
vt 0.949280 0.824806
vt 0.886386 0.765474
vt 0.871064 0.660143
vt 0.866297 0.639850
vt 0.863366 0.629387
vt 0.858480 0.595383
vt 0.458638 0.649498
vt 0.764990 0.554031
vt 0.766381 0.501001
vt 0.975781 0.869829
vt 0.981134 0.953931
vt 0.004269 0.108011
vt 0.344909 0.078549
vt 0.000453 0.106273
vt 0.331772 0.080352
vt 0.314059 0.080202
vt 0.699096 0.107464
vt 0.705621 0.190404
vt 0.692112 0.087827
vt 0.698467 0.165221
vt 0.289011 0.078796
vt 0.262130 0.085000
vt 0.156217 0.079593
vt 0.170743 0.083474
vt 0.168306 0.070210
vt 0.862538 0.611855
vt 0.980545 0.957924
vt 0.717244 0.217198
vt 0.724934 0.226038
vt 0.001793 0.100274
vt 0.499266 0.055887
vt 0.692131 0.102233
vt 0.689964 0.122301
vt 0.683723 0.079361
vt 0.691120 0.139579
vt 0.694657 0.157740
vt 0.154223 0.072401
vt 0.647986 0.017722
vt 0.891777 0.767618
vt 0.857046 0.588633
vt 0.420142 0.947370
vt 0.717942 0.227801
vt 0.722402 0.231096
vt 0.708767 0.231606
vt 0.321592 0.068851
vt 0.490905 0.057314
vt 0.493295 0.059334
vt 0.687616 0.116566
vt 0.695393 0.183610
vt 0.686203 0.170602
vt 0.681130 0.153600
vt 0.842657 0.270594
vt 0.125843 0.080866
vt 0.131049 0.093307
vt 0.654305 0.000446
vt 0.640253 0.009817
vt 0.643322 0.028764
vt 0.364505 0.412741
vt 0.352165 0.408113
vt 0.864405 0.593620
vt 0.419344 0.939190
vt 0.412951 0.954636
vt 0.415974 0.937516
vt 0.776007 0.554520
vt 0.962964 0.863579
vt 0.962702 0.857957
vt 0.964895 0.853212
vt 0.362575 0.067337
vt 0.713311 0.220650
vt 0.373236 0.064726
vt 0.337337 0.069750
vt 0.709702 0.228441
vt 0.704753 0.206157
vt 0.407283 0.057008
vt 0.298504 0.067364
vt 0.682074 0.093640
vt 0.681478 0.138391
vt 0.515851 0.999554
vt 0.501490 0.989696
vt 0.918688 0.829085
vt 0.143309 0.069086
vt 0.153342 0.064172
vt 0.931930 0.841676
vt 0.160399 0.055844
vt 0.639261 0.017358
vt 0.629724 0.031309
vt 0.157560 0.021317
vt 0.169416 0.024754
vt 0.170743 0.018034
vt 0.600974 0.016635
vt 0.607805 0.017135
vt 0.607315 0.035615
vt 0.334617 0.418433
vt 0.424244 0.939741
vt 0.780594 0.523898
vt 0.779156 0.502744
vt 0.782471 0.501059
vt 0.971599 0.961183
vt 0.961306 0.936219
vt 0.351569 0.068187
vt 0.704051 0.216364
vt 0.697565 0.232031
vt 0.689162 0.190097
vt 0.681841 0.108568
vt 0.690486 0.235711
vt 0.672253 0.139362
vt 0.678419 0.209286
vt 0.689081 0.203878
vt 0.681018 0.218194
vt 0.673187 0.235860
vt 0.929029 0.824710
vt 0.149775 0.054956
vt 0.632455 0.043920
vt 0.627274 0.012621
vt 0.628176 0.019430
vt 0.617570 0.006492
vt 0.616286 0.016480
vt 0.617516 0.025979
vt 0.156192 0.033343
vt 0.166779 0.032993
vt 0.489559 0.620823
vt 0.959464 0.872008
vt 0.699852 0.227209
vt 0.676084 0.122694
vt 0.677264 0.231439
vt 0.415601 0.051274
vt 0.682352 0.184939
vt 0.115690 0.090665
vt 0.675847 0.164383
vt 0.671261 0.164261
vt 0.669849 0.185897
vt 0.666723 0.216572
vt 0.662956 0.234229
vt 0.658348 0.236842
vt 0.634056 0.060180
vt 0.478409 0.969428
vt 0.150675 0.042678
vt 0.626816 0.001338
vt 0.144008 0.031298
vt 0.147290 0.021390
vt 0.306770 0.425801
vt 0.448888 0.391827
vt 0.375766 0.649823
vt 0.426307 0.929674
vt 0.431200 0.938916
vt 0.348107 0.059355
vt 0.327913 0.062299
vt 0.654701 0.093950
vt 0.659807 0.157466
vt 0.659044 0.199121
vt 0.655362 0.222274
vt 0.649832 0.236124
vt 0.629206 0.066252
vt 0.131129 0.055194
vt 0.466281 0.957779
vt 0.604532 0.063655
vt 0.423359 0.927948
vt 0.796533 0.555914
vt 0.793944 0.552072
vt 0.793868 0.502561
vt 0.950694 0.937667
vt 0.946948 0.857850
vt 0.943714 0.863639
vt 0.940120 0.853743
vt 0.359806 0.057540
vt 0.337374 0.056122
vt 0.377790 0.050273
vt 0.096566 0.088780
vt 0.097294 0.105764
vt 0.286146 0.663093
vt 0.409539 0.044718
vt 0.668504 0.118795
vt 0.665816 0.128919
vt 0.117172 0.077151
vt 0.123920 0.065422
vt 0.654892 0.113553
vt 0.654736 0.130516
vt 0.654385 0.148427
vt 0.652691 0.182707
vt 0.645359 0.222658
vt 0.638044 0.235176
vt 0.617635 0.069667
vt 0.480238 0.962156
vt 0.475405 0.957724
vt 0.123782 0.039572
vt 0.468848 0.951629
vt 0.127529 0.018582
vt 0.604110 0.072716
vt 0.460621 0.949422
vt 0.437707 0.403792
vt 0.414620 0.407862
vt 0.429681 0.926405
vt 0.915140 0.260556
vt 0.369808 0.047178
vt 0.387747 0.046972
vt 0.083217 0.091608
vt 0.088273 0.103017
vt 0.649572 0.126226
vt 0.644883 0.113669
vt 0.631220 0.106944
vt 0.641559 0.147955
vt 0.641144 0.175930
vt 0.630314 0.088311
vt 0.121894 0.026603
vt 0.617775 0.089100
vt 0.604814 0.082080
vt 0.194603 0.438086
vt 0.441534 0.929328
vt 0.944998 0.872012
vt 0.076644 0.101203
vt 0.105330 0.076803
vt 0.850996 0.255139
vt 0.726330 0.331280
vt 0.718216 0.343186
vt 0.226552 0.462660
vt 0.118765 0.054615
vt 0.635529 0.137966
vt 0.629630 0.220598
vt 0.475132 0.950437
vt 0.470191 0.945924
vt 0.115536 0.016144
vt 0.604394 0.099864
vt 0.463979 0.942958
vt 0.403929 0.417852
vt 0.416013 0.418506
vt 0.454880 0.936763
vt 0.600177 0.135629
vt 0.591085 0.152127
vt 0.593464 0.179166
vt 0.603256 0.198263
vt 0.138081 0.446543
vt 0.260525 0.640813
vt 0.270716 0.651407
vt 0.931771 0.858051
vt 0.363415 0.040127
vt 0.047388 0.092543
vt 0.067617 0.108385
vt 0.057101 0.086783
vt 0.101862 0.065074
vt 0.910842 0.845807
vt 0.096047 0.043656
vt 0.628483 0.128323
vt 0.633502 0.176183
vt 0.619590 0.103408
vt 0.628106 0.189474
vt 0.625075 0.235095
vt 0.609437 0.114771
vt 0.609259 0.221651
vt 0.596496 0.207139
vt 0.611275 0.236112
vt 0.584983 0.221467
vt 0.575469 0.225762
vt 0.582673 0.232052
vt 0.584573 0.235946
vt 0.572011 0.235884
vt 0.134288 0.455397
vt 0.458587 0.657926
vt 0.481538 0.633494
vt 0.809417 0.530317
vt 0.808781 0.502539
vt 0.930497 0.869315
vt 0.933945 0.935157
vt 0.376610 0.038105
vt 0.081781 0.074360
vt 0.101146 0.052664
vt 0.106957 0.035521
vt 0.629906 0.152316
vt 0.620352 0.120086
vt 0.622358 0.139505
vt 0.623227 0.170604
vt 0.623199 0.210405
vt 0.106857 0.025097
vt 0.620595 0.231691
vt 0.619972 0.201149
vt 0.618218 0.236163
vt 0.102372 0.014876
vt 0.594248 0.233692
vt 0.600113 0.236842
vt 0.925668 0.954536
vt 0.913750 0.852868
vt 0.070740 0.080950
vt 0.387317 0.028564
vt 0.091386 0.023227
vt 0.425407 0.426734
vt 0.900815 0.576717
vt 0.812047 0.555628
vt 0.708111 0.722149
vt 0.725996 0.724325
vt 0.711521 0.746610
vt 0.920522 0.861778
vt 0.080441 0.062588
vt 0.890985 0.842622
vt 0.078709 0.050303
vt 0.084194 0.037406
vt 0.437560 0.424501
vt 0.440759 0.428235
vt 0.074434 0.023946
vt 0.957880 0.984389
vt 0.943904 0.259547
vt 0.924869 0.960748
vt 0.915679 0.903127
vt 0.918998 0.954204
vt 0.911542 0.857982
vt 0.379742 0.021399
vt 0.904893 0.829892
vt 0.070486 0.032925
vt 0.077861 0.019886
vt 0.072156 0.016354
vt 0.081122 0.015498
vt 0.945359 0.337396
vt 0.696565 0.721966
vt 0.697028 0.745686
vt 0.694467 0.772541
vt 0.713166 0.774157
vt 0.916334 0.869790
vt 0.046761 0.078942
vt 0.053077 0.071854
vt 0.058571 0.063619
vt 0.905619 0.850706
vt 0.893855 0.852454
vt 0.062983 0.037245
vt 0.059862 0.023310
vt 0.443380 0.668101
vt 0.506911 0.721006
vt 0.693578 0.774897
vt 0.912404 0.961183
vt 0.907902 0.954483
vt 0.032011 0.070299
vt 0.896514 0.853591
vt 0.056423 0.060080
vt 0.060128 0.049150
vt 0.497139 0.420934
vt 0.957303 0.349147
vt 0.956384 0.337339
vt 0.956207 0.295883
vt 0.958191 0.259800
vt 0.681442 0.726679
vt 0.681815 0.749012
vt 0.673505 0.773911
vt 0.302314 0.674645
vt 0.304713 0.674575
vt 0.907888 0.960960
vt 0.328928 0.683799
vt 0.371920 0.015446
vt 0.901005 0.863330
vt 0.902981 0.879208
vt 0.900458 0.940636
vt 0.900470 0.954937
vt 0.893092 0.856598
vt 0.883609 0.843735
vt 0.057491 0.015799
vt 0.679783 0.721387
vt 0.039213 0.064312
vt 0.891881 0.862252
vt 0.891955 0.955377
vt 0.745924 0.313469
vt 0.051140 0.050760
vt 0.050210 0.039355
vt 0.410088 0.682867
vt 0.973644 0.282635
vt 0.974185 0.260104
vt 0.974185 0.345829
vt 0.973972 0.319763
vt 0.377715 0.008737
vt 0.042590 0.057977
vt 0.890596 0.885848
vt 0.036616 0.021259
vt 0.498608 0.432932
vt 0.533907 0.773814
vt 0.525604 0.774691
vt 0.522257 0.766887
vt 0.666009 0.721939
vt 0.667600 0.758750
vt 0.031120 0.057019
vt 0.989583 0.653022
vt 0.347194 0.687203
vt 0.492651 0.438207
vt 0.047600 0.012346
vt 0.382745 0.686902
vt 0.644446 0.895097
vt 0.421461 0.679791
vt 0.024702 0.065076
vt 0.882396 0.899335
vt 0.034310 0.045972
vt 0.436861 0.673147
vt 0.671390 0.775046
vt 0.653283 0.774347
vt 0.320906 0.682471
vt 0.879343 0.855950
vt 0.878610 0.935584
vt 0.879465 0.957002
vt 0.808598 0.210207
vt 0.652124 0.726193
vt 0.643808 0.721866
vt 0.877508 0.862666
vt 0.876311 0.939006
vt 0.876088 0.958153
vt 0.640785 0.604955
vt 0.644608 0.605956
vt 0.640138 0.614155
vt 0.644953 0.619412
vt 0.020089 0.056842
vt 0.025821 0.052425
vt 0.027717 0.042035
vt 0.624980 0.608641
vt 0.827825 0.208409
vt 0.620175 0.602454
vt 0.821827 0.202052
vt 0.491731 0.455397
vt 0.483840 0.446151
vt 0.476212 0.449003
vt 0.034523 0.020427
vt 0.469869 0.449784
vt 0.585376 0.599911
vt 0.549948 0.745351
vt 0.640392 0.774167
vt 0.640936 0.724161
vt 0.644078 0.626433
vt 0.645216 0.775507
vt 0.639638 0.622987
vt 0.873641 0.858797
vt 0.630230 0.630355
vt 0.629391 0.691534
vt 0.628378 0.719937
vt 0.333209 0.686350
vt 0.012228 0.057287
vt 0.022259 0.045301
vt 0.012458 0.044545
vt 0.017483 0.035450
vt 0.030565 0.029596
vt 0.018946 0.022647
vt 0.027627 0.021702
vt 0.575909 0.698342
vt 0.562100 0.720244
vt 0.563267 0.623590
vt 0.575467 0.632137
vt 0.564115 0.686462
vt 0.559876 0.700617
vt 0.562652 0.775507
vt 0.627347 0.726241
vt 0.628371 0.769099
vt 0.626401 0.775647
vt 0.618185 0.774603
vt 0.025969 0.033983
vt 0.607131 0.691409
vt 0.606800 0.644718
vt 0.355212 0.689117
vt 0.374454 0.689117
vt 0.590163 0.682602
vt 0.589407 0.632240
vt 0.386754 0.688391
vt 0.576579 0.758415
vt 0.586636 0.774473
vt 0.616120 0.745378
vt 0.601099 0.762574
vt 0.598924 0.774717
s 1
usemtl material_0
f 1101/1/1 1116/2/2 1092/3/3
f 1106/4/4 1100/5/5 1105/6/6
f 1091/7/7 1116/2/2 1128/8/8
f 1081/9/9 1084/10/10 1088/11/11
f 1086/12/12 1092/3/3 1090/13/13
f 1094/14/14 1096/15/15 1095/16/16
f 1115/17/17 1098/18/18 1109/19/19
f 1113/20/20 1110/21/21 1112/22/22
f 1141/23/23 1125/24/24 1093/25/25
f 1140/26/26 1137/27/27 1138/28/28
f 1124/29/29 1123/30/30 1136/31/31
f 1145/32/32 1123/30/30 1125/24/24
f 1101/1/1 1103/33/33 1121/34/34
f 1089/35/35 1090/13/13 1091/7/7
f 1086/12/12 1090/13/13 1084/10/10
f 1103/33/33 1101/1/1 1102/36/36
f 1101/1/1 1100/5/5 1102/36/36
f 1128/8/8 1135/37/37 1129/38/38
f 1082/39/39 1087/40/40 1085/41/41
f 1087/40/40 1115/17/17 1085/41/41
f 1145/32/32 1125/24/24 1141/23/23
f 1086/12/12 1105/6/6 1100/5/5
f 1136/31/31 1145/32/32 1141/23/23
f 1116/2/2 1091/7/7 1092/3/3
f 1094/14/14 1095/16/16 1082/39/39
f 1080/42/42 1085/41/41 1086/12/12
f 1117/43/43 1104/44/44 1118/45/45
f 1102/36/36 1106/4/4 1107/46/46
f 1123/30/30 1081/9/9 1125/24/24
f 1116/2/2 1121/34/34 1128/8/8
f 1089/35/35 1084/10/10 1090/13/13
f 1104/44/44 1117/43/43 1103/33/33
f 1104/44/44 1107/46/46 1110/21/21
f 1144/47/47 1141/23/23 1130/48/48
f 1110/21/21 1134/49/49 1118/45/45
f 1109/19/19 1114/50/50 1111/51/51
f 1121/34/34 1103/33/33 1120/52/52
f 1103/33/33 1117/43/43 1119/53/53
f 1082/39/39 1095/16/16 1087/40/40
f 1082/39/39 1080/42/42 1079/54/54
f 1088/11/11 1099/55/55 1127/56/56
f 1152/57/57 1128/8/8 1121/34/34
f 1120/52/52 1152/57/57 1121/34/34
f 1112/22/22 1108/58/58 1111/51/51
f 1106/4/4 1115/17/17 1109/19/19
f 1094/14/14 1082/39/39 1083/59/59
f 1105/6/6 1115/17/17 1106/4/4
f 1110/21/21 1108/58/58 1112/22/22
f 1103/33/33 1102/36/36 1104/44/44
f 1096/15/15 1126/60/60 1132/61/61
f 1138/28/28 1139/62/62 1142/63/63
f 1088/11/11 1127/56/56 1130/48/48
f 1153/64/64 1127/56/56 1099/55/55
f 1081/9/9 1123/30/30 1079/54/54
f 1133/65/65 1124/29/29 1147/66/66
f 1148/67/67 1147/66/66 1124/29/29
f 1140/26/26 1138/28/28 1146/68/68
f 1137/27/27 1151/69/69 1147/66/66
f 1122/70/70 1132/61/61 1126/60/60
f 1126/60/60 1094/14/14 1083/59/59
f 1148/67/67 1137/27/27 1147/66/66
f 1122/70/70 1079/54/54 1123/30/30
f 1137/27/27 1136/31/31 1138/28/28
f 1123/30/30 1124/29/29 1122/70/70
f 1151/69/69 1137/27/27 1140/26/26
f 1139/62/62 1144/47/47 1143/71/71
f 1089/35/35 1091/7/7 1097/72/72
f 1143/71/71 1142/63/63 1139/62/62
f 1126/60/60 1083/59/59 1122/70/70
f 1089/35/35 1088/11/11 1084/10/10
f 1081/9/9 1093/25/25 1125/24/24
f 1084/10/10 1080/42/42 1086/12/12
f 1130/48/48 1141/23/23 1093/25/25
f 1139/62/62 1138/28/28 1136/31/31
f 1080/42/42 1084/10/10 1081/9/9
f 1094/14/14 1126/60/60 1096/15/15
f 1100/5/5 1101/1/1 1092/3/3
f 1091/7/7 1128/8/8 1129/38/38
f 1082/39/39 1085/41/41 1080/42/42
f 1149/73/73 1150/74/74 1112/22/22
f 1112/22/22 1150/74/74 1113/20/20
f 1116/2/2 1101/1/1 1121/34/34
f 1139/62/62 1136/31/31 1141/23/23
f 1088/11/11 1089/35/35 1099/55/55
f 1102/36/36 1107/46/46 1104/44/44
f 1092/3/3 1091/7/7 1090/13/13
f 1107/46/46 1108/58/58 1110/21/21
f 1100/5/5 1092/3/3 1086/12/12
f 1122/70/70 1124/29/29 1131/75/75
f 1124/29/29 1136/31/31 1137/27/27
f 1148/67/67 1124/29/29 1137/27/27
f 1138/28/28 1142/63/63 1146/68/68
f 1079/54/54 1080/42/42 1081/9/9
f 1079/54/54 1122/70/70 1083/59/59
f 1081/9/9 1088/11/11 1093/25/25
f 1089/35/35 1097/72/72 1099/55/55
f 1124/29/29 1133/65/65 1131/75/75
f 1131/75/75 1132/61/61 1122/70/70
f 1106/4/4 1108/58/58 1107/46/46
f 1129/38/38 1097/72/72 1091/7/7
f 1087/40/40 1098/18/18 1115/17/17
f 1098/18/18 1087/40/40 1095/16/16
f 1108/58/58 1109/19/19 1111/51/51
f 1100/5/5 1106/4/4 1102/36/36
f 1110/21/21 1118/45/45 1104/44/44
f 1113/20/20 1134/49/49 1110/21/21
f 1108/58/58 1106/4/4 1109/19/19
f 1149/73/73 1112/22/22 1111/51/51
f 1152/57/57 1135/37/37 1128/8/8
f 1105/6/6 1085/41/41 1115/17/17
f 1079/54/54 1083/59/59 1082/39/39
f 1098/18/18 1114/50/50 1109/19/19
f 1085/41/41 1105/6/6 1086/12/12
f 1120/52/52 1103/33/33 1119/53/53
f 1145/32/32 1136/31/31 1123/30/30
f 1141/23/23 1144/47/47 1139/62/62
f 1088/11/11 1130/48/48 1093/25/25
f 4086/76/76 4083/77/77 4082/78/78
f 4136/79/79 4177/80/80 4100/81/81
f 4089/82/82 4088/83/83 4090/84/84
f 4022/85/85 4016/86/86 4091/87/87
f 3980/88/88 4142/89/89 3979/90/90
f 4139/91/91 4138/92/92 4131/93/93
f 4096/94/94 4094/95/95 4126/96/96
f 4095/97/97 4120/98/98 4085/99/99
f 4089/82/82 4117/100/100 4087/101/101
f 4085/99/99 4094/95/95 4075/102/102
f 4142/89/89 3980/88/88 4141/103/103
f 4127/104/104 4125/105/105 4126/96/96
f 4088/83/83 4092/106/106 4099/107/107
f 4123/108/108 4142/89/89 4141/103/103
f 4020/109/109 4121/110/110 4141/103/103
f 4104/111/111 4101/112/112 4102/113/113
f 4088/83/83 4089/82/82 4087/101/101
f 4121/110/110 4091/87/87 4099/107/107
f 4049/114/114 4104/111/111 4106/115/115
f 4080/116/116 4088/83/83 4087/101/101
f 3943/117/117 3941/118/118 4095/97/97
f 4121/110/110 4021/119/119 4022/85/85
f 4102/113/113 4103/120/120 4104/111/111
f 4120/98/98 4127/104/104 4126/96/96
f 4058/121/121 4049/114/114 4116/122/122
f 4057/123/123 4056/124/124 4089/82/82
f 4057/123/123 4089/82/82 4090/84/84
f 4088/83/83 4091/87/87 4090/84/84
f 4075/102/102 4080/116/116 4079/125/125
f 4101/112/112 4100/81/81 4081/126/126
f 4079/125/125 4080/116/116 4087/101/101
f 4056/124/124 4117/100/100 4089/82/82
f 4098/127/127 4099/107/107 4092/106/106
f 4103/120/120 4079/125/125 4106/115/115
f 4085/99/99 4084/128/128 4095/97/97
f 4130/129/129 4125/105/105 4129/130/130
f 4078/131/131 4081/126/126 4077/132/132
f 4178/133/133 4100/81/81 4177/80/80
f 4075/102/102 4096/94/94 4080/116/116
f 4106/115/115 4079/125/125 4087/101/101
f 4084/128/128 4077/132/132 4083/77/77
f 4122/134/134 4121/110/110 4099/107/107
f 4075/102/102 4076/135/135 4077/132/132
f 4021/119/119 4121/110/110 4020/109/109
f 3954/136/136 4139/91/91 4131/93/93
f 4078/131/131 4075/102/102 4079/125/125
f 4081/126/126 4082/78/78 4077/132/132
f 3961/137/137 4137/138/138 3956/139/139
f 4130/129/129 4124/140/140 4125/105/105
f 4082/78/78 4083/77/77 4077/132/132
f 4084/128/128 3943/117/117 4095/97/97
f 4127/104/104 4128/141/141 3951/142/142
f 4124/140/140 4097/143/143 4125/105/105
f 4141/103/103 4121/110/110 4122/134/134
f 4098/127/127 4122/134/134 4099/107/107
f 4085/99/99 4077/132/132 4084/128/128
f 4129/130/130 4125/105/105 4127/104/104
f 3949/144/144 4131/93/93 4133/145/145
f 4097/143/143 4124/140/140 4123/108/108
f 4131/93/93 3949/144/144 3954/136/136
f 3956/139/139 4138/92/92 3955/146/146
f 3952/147/147 3949/144/144 4133/145/145
f 4128/141/141 4095/97/97 3941/118/118
f 4120/98/98 4128/141/141 4127/104/104
f 4138/92/92 4130/129/129 4131/93/93
f 3980/88/88 4019/148/148 4141/103/103
f 3961/137/137 3979/90/90 4142/89/89
f 4126/96/96 4094/95/95 4120/98/98
f 4106/115/115 4104/111/111 4103/120/120
f 4096/94/94 4093/149/149 4080/116/116
f 4138/92/92 4137/138/138 4130/129/129
f 4137/138/138 4138/92/92 3956/139/139
f 4092/106/106 4080/116/116 4093/149/149
f 4088/83/83 4080/116/116 4092/106/106
f 4098/127/127 4123/108/108 4122/134/134
f 4137/138/138 3961/137/137 4142/89/89
f 4093/149/149 4096/94/94 4097/143/143
f 4126/96/96 4097/143/143 4096/94/94
f 4085/99/99 4120/98/98 4094/95/95
f 4085/99/99 4075/102/102 4077/132/132
f 3951/142/142 4128/141/141 3947/150/150
f 4178/133/133 4105/151/151 4100/81/81
f 4121/110/110 4022/85/85 4091/87/87
f 4100/81/81 4082/78/78 4081/126/126
f 4049/114/114 4106/115/115 4116/122/122
f 4117/100/100 4056/124/124 4058/121/121
f 3952/147/147 4129/130/130 4127/104/104
f 4129/130/130 3952/147/147 4133/145/145
f 4058/121/121 4116/122/122 4117/100/100
f 4622/152/152 4624/153/153 4640/154/154
f 4148/155/155 4083/77/77 4086/76/76
f 4078/131/131 4102/113/113 4081/126/126
f 4103/120/120 4102/113/113 4078/131/131
f 4179/156/156 4105/151/151 4178/133/133
f 3955/146/146 4138/92/92 4139/91/91
f 4099/107/107 4091/87/87 4088/83/83
f 4139/91/91 3954/136/136 3955/146/146
f 4123/108/108 4124/140/140 4142/89/89
f 3941/118/118 3947/150/150 4128/141/141
f 4057/123/123 4090/84/84 4016/86/86
f 4020/109/109 4141/103/103 4019/148/148
f 4098/127/127 4092/106/106 4093/149/149
f 4123/108/108 4141/103/103 4122/134/134
f 4016/86/86 4090/84/84 4091/87/87
f 4097/143/143 4123/108/108 4098/127/127
f 3943/117/117 4084/128/128 4083/77/77
f 4124/140/140 4130/129/129 4137/138/138
f 3952/147/147 4127/104/104 3951/142/142
f 4106/115/115 4087/101/101 4116/122/122
f 4078/131/131 4079/125/125 4103/120/120
f 4094/95/95 4096/94/94 4075/102/102
f 4100/81/81 4105/151/151 4082/78/78
f 4075/102/102 4078/131/131 4076/135/135
f 4095/97/97 4128/141/141 4120/98/98
f 4097/143/143 4126/96/96 4125/105/105
f 4076/135/135 4078/131/131 4077/132/132
f 4133/145/145 4131/93/93 4129/130/130
f 4101/112/112 4136/79/79 4100/81/81
f 4102/113/113 4101/112/112 4081/126/126
f 4117/100/100 4116/122/122 4087/101/101
f 4129/130/130 4131/93/93 4130/129/129
f 4098/127/127 4093/149/149 4097/143/143
f 4086/76/76 4082/78/78 4105/151/151
f 4137/138/138 4142/89/89 4124/140/140
f 137/157/157 109/158/158 108/159/159
f 2926/160/160 2927/161/161 2928/162/162
f 108/159/159 138/163/163 137/157/157
f 2937/164/164 2938/165/164 2939/166/164
f 2979/167/165 2960/168/166 2963/169/167
f 2960/168/166 2964/170/168 2963/169/167
f 3259/171/169 3260/172/170 3268/173/171
f 3260/172/170 3262/174/172 3268/173/171
f 3261/175/173 3262/174/172 3260/172/170
f 3261/175/173 3257/176/174 3264/177/175
f 3262/174/172 3263/178/176 3268/173/171
f 3261/175/173 3263/178/176 3262/174/172
f 3261/175/173 3264/177/175 3263/178/176
f 3264/177/175 3265/179/177 3263/178/176
f 3264/177/175 3300/180/178 3266/181/179
f 3266/181/179 3265/179/177 3264/177/175
f 3267/182/180 3270/183/181 3265/179/177
f 3256/184/182 3233/185/183 3257/176/174
f 3256/184/182 3257/176/174 3258/186/184
f 3256/184/182 3258/186/184 3259/171/169
f 3258/186/184 3260/172/170 3259/171/169
f 3257/176/174 3261/175/173 3258/186/184
f 3258/186/184 3261/175/173 3260/172/170
f 3237/187/185 3236/188/186 3235/189/187
f 3232/190/188 3236/188/186 3238/191/189
f 3264/177/175 3257/176/174 3248/192/190
f 3264/177/175 3248/192/190 3300/180/178
f 3237/187/185 3240/193/191 3236/188/186
f 3236/188/186 3240/193/191 3241/194/192
f 3300/180/178 3269/195/193 3266/181/179
f 3300/180/178 3247/196/194 3269/195/193
f 3265/179/177 3266/181/179 3267/182/180
f 3266/181/179 3269/195/193 3267/182/180
f 3267/182/180 3269/195/193 3270/183/181
f 3269/195/193 3246/197/195 3271/198/196
f 3269/195/193 3271/198/196 3270/183/181
f 4365/199/197 4356/200/198 4366/201/199
f 3275/202/200 3256/184/182 3276/203/201
f 3276/203/201 3259/171/169 3277/204/202
f 3252/205/203 3256/184/182 3275/202/200
f 3250/206/204 3235/189/187 3253/207/205
f 3253/207/205 3235/189/187 3251/208/206
f 3235/189/187 3234/209/207 3251/208/206
f 3234/209/207 3233/185/183 3251/208/206
f 3251/208/206 3233/185/183 3252/205/203
f 3252/205/203 3233/185/183 3256/184/182
f 863/210/208 864/211/209 868/212/210
f 868/212/210 871/213/211 863/210/208
f 3250/206/204 3244/214/212 3235/189/187
f 3233/185/183 3248/192/190 3257/176/174
f 864/211/209 883/215/213 868/212/210
f 3250/206/204 3278/216/214 3244/214/212
f 3235/189/187 3232/190/188 3234/209/207
f 3232/190/188 3233/185/183 3234/209/207
f 883/215/213 896/217/215 868/212/210
f 868/212/210 896/217/215 871/213/211
f 896/217/215 892/218/216 871/213/211
f 3244/214/212 3237/187/185 3235/189/187
f 3235/189/187 3236/188/186 3232/190/188
f 3232/190/188 3238/191/189 3233/185/183
f 3233/185/183 3238/191/189 3248/192/190
f 3278/216/214 3255/219/217 3244/214/212
f 3238/191/189 3239/220/218 3248/192/190
f 3236/188/186 3239/220/218 3238/191/189
f 3241/194/192 3239/220/218 3236/188/186
f 3239/220/218 3247/196/194 3248/192/190
f 3248/192/190 3247/196/194 3300/180/178
f 3244/214/212 3240/193/191 3237/187/185
f 3255/219/217 3240/193/191 3244/214/212
f 3255/219/217 3249/221/219 3240/193/191
f 3242/222/220 3243/223/221 3241/194/192
f 3241/194/192 3243/223/221 3239/220/218
f 3239/220/218 3243/223/221 3247/196/194
f 3249/221/219 3242/222/220 3240/193/191
f 3240/193/191 3242/222/220 3241/194/192
f 3243/223/221 3246/197/195 3247/196/194
f 3247/196/194 3246/197/195 3269/195/193
f 3249/221/219 3254/224/222 3242/222/220
f 3254/224/222 3245/225/223 3242/222/220
f 3242/222/220 3245/225/223 3243/223/221
f 3243/223/221 3245/225/223 3246/197/195
f 3254/224/222 3309/226/224 3245/225/223
f 3245/225/223 3304/227/225 3246/197/195
f 3246/197/195 3273/228/226 3271/198/196
f 4413/229/227 4391/230/228 4412/231/229
f 3273/228/226 3272/232/230 3271/198/196
f 3271/198/196 3272/232/230 3270/183/181
f 3290/233/231 3275/202/200 3282/234/232
f 3282/234/232 3275/202/200 3276/203/201
f 3276/203/201 3277/204/202 3283/235/233
f 4355/236/234 4356/200/198 4365/199/197
f 4258/237/235 4287/238/236 4262/239/237
f 862/240/238 863/210/208 861/241/239
f 3307/242/240 3291/243/241 3250/206/204
f 3307/242/240 3250/206/204 3253/207/205
f 862/240/238 864/211/209 863/210/208
f 863/210/208 867/244/242 861/241/239
f 863/210/208 871/213/211 867/244/242
f 864/211/209 884/245/243 883/215/213
f 871/213/211 873/246/244 867/244/242
f 3291/243/241 3278/216/214 3250/206/204
f 883/215/213 915/247/245 896/217/215
f 871/213/211 892/218/216 890/248/246
f 871/213/211 890/248/246 873/246/244
f 942/249/247 915/247/245 883/215/213
f 915/247/245 919/250/248 896/217/215
f 896/217/215 919/250/248 892/218/216
f 4154/251/249 4160/252/250 4175/253/251
f 3278/216/214 3285/254/252 3255/219/217
f 3285/254/252 3289/255/253 3249/221/219
f 3285/254/252 3249/221/219 3255/219/217
f 3289/255/253 3308/256/254 3249/221/219
f 3308/256/254 3254/224/222 3249/221/219
f 3592/257/255 3590/258/256 3593/259/257
f 3590/258/256 3594/260/258 3593/259/257
f 3245/225/223 3309/226/224 3311/261/259
f 3594/260/258 3626/262/260 3627/263/261
f 3311/261/259 3304/227/225 3245/225/223
f 3627/263/261 3629/264/262 3630/265/263
f 4391/230/228 4383/266/264 4412/231/229
f 3273/228/226 3279/267/265 3272/232/230
f 3281/268/266 3280/269/267 3273/228/226
f 3273/228/226 3280/269/267 3279/267/265
f 3282/234/232 3276/203/201 3283/235/233
f 4355/236/234 4340/270/268 4356/200/198
f 862/240/238 861/241/239 859/271/269
f 4340/270/268 4357/272/270 4356/200/198
f 869/273/271 864/211/209 862/240/238
f 859/271/269 861/241/239 860/274/272
f 884/245/243 864/211/209 869/273/271
f 861/241/239 867/244/242 860/274/272
f 4281/275/273 4284/276/274 4305/277/275
f 4158/278/276 4154/251/249 4175/253/251
f 910/279/277 883/215/213 884/245/243
f 910/279/277 942/249/247 883/215/213
f 873/246/244 890/248/246 906/280/278
f 441/281/279 418/282/280 439/283/281
f 892/218/216 911/284/282 890/248/246
f 418/282/280 406/285/283 439/283/281
f 892/218/216 919/250/248 911/284/282
f 439/283/281 406/285/283 430/286/284
f 3590/258/256 3625/287/285 3594/260/258
f 3626/262/260 3573/288/286 3628/289/287
f 3628/289/287 3574/290/288 3629/264/262
f 3629/264/262 3574/290/288 3563/291/289
f 3629/264/262 3563/291/289 3631/292/290
f 4391/230/228 4390/293/291 4383/266/264
f 4390/293/291 4380/294/292 4383/266/264
f 3280/269/267 3284/295/293 3279/267/265
f 3281/268/266 3286/296/294 3280/269/267
f 3282/234/232 3283/235/233 3292/297/295
f 3293/298/296 3290/233/231 3282/234/232
f 3293/298/296 3312/299/297 3290/233/231
f 4346/300/298 4340/270/268 4355/236/234
f 865/301/299 862/240/238 859/271/269
f 865/301/299 869/273/271 862/240/238
f 4340/270/268 4352/302/300 4357/272/270
f 867/244/242 888/303/301 860/274/272
f 869/273/271 909/304/302 884/245/243
f 925/305/303 910/279/277 884/245/243
f 4158/278/276 4147/306/304 4154/251/249
f 953/307/305 942/249/247 910/279/277
f 890/248/246 911/284/282 908/308/306
f 4154/251/249 4146/309/307 4150/310/308
f 418/282/280 396/311/309 406/285/283
f 4150/310/308 4160/252/250 4154/251/249
f 406/285/283 407/312/310 430/286/284
f 430/286/284 407/312/310 432/313/311
f 4150/310/308 4159/314/312 4160/252/250
f 4150/310/308 4151/315/313 4159/314/312
f 3590/258/256 3572/316/314 3625/287/285
f 3572/316/314 3573/288/286 3625/287/285
f 3628/289/287 3573/288/286 3574/290/288
f 4429/317/315 4403/318/316 4390/293/291
f 4403/318/316 4402/319/317 4390/293/291
f 4390/293/291 4402/319/317 4380/294/292
f 4383/266/264 4380/294/292 4382/320/318
f 4383/266/264 4382/320/318 4411/321/319
f 3288/322/320 3284/295/293 3280/269/267
f 3280/269/267 3286/296/294 3287/323/321
f 3280/269/267 3287/323/321 3288/322/320
f 3292/297/295 3283/235/233 3297/324/322
f 3282/234/232 3292/297/295 3293/298/296
f 4346/300/298 4337/325/323 4340/270/268
f 4340/270/268 4351/326/324 4352/302/300
f 4352/302/300 4351/326/324 4363/327/325
f 4352/302/300 4363/327/325 4357/272/270
f 925/305/303 884/245/243 909/304/302
f 1464/328/326 1458/329/327 1466/330/328
f 1458/329/327 1465/331/329 1466/330/328
f 4147/306/304 4146/309/307 4154/251/249
f 447/332/330 428/333/331 441/281/279
f 906/280/278 908/308/306 922/334/332
f 428/333/331 418/282/280 441/281/279
f 406/285/283 386/335/333 407/312/310
f 432/313/311 407/312/310 424/336/334
f 407/312/310 391/337/335 424/336/334
f 4150/310/308 4146/309/307 4140/338/336
f 4150/310/308 4140/338/336 4151/315/313
f 3574/290/288 3566/339/337 3563/291/289
f 3596/340/338 3597/341/339 3595/342/340
f 3596/340/338 3595/342/340 3592/257/255
f 3592/257/255 3591/343/341 3590/258/256
f 3591/343/341 3575/344/342 3590/258/256
f 3575/344/342 3568/345/343 3572/316/314
f 3590/258/256 3575/344/342 3572/316/314
f 3568/345/343 3564/346/344 3572/316/314
f 3572/316/314 3564/346/344 3565/347/345
f 3572/316/314 3565/347/345 3573/288/286
f 3573/288/286 3565/347/345 3574/290/288
f 3574/290/288 3565/347/345 3566/339/337
f 4402/319/317 4401/348/346 4380/294/292
f 3293/298/296 3292/297/295 3297/324/322
f 3301/349/347 3312/299/297 3293/298/296
f 858/350/348 859/271/269 856/351/349
f 2236/352/350 2217/353/351 2235/354/352
f 859/271/269 860/274/272 856/351/349
f 4370/355/353 4363/327/325 4351/326/324
f 860/274/272 877/356/354 855/357/355
f 3760/358/356 3809/359/357 3800/360/358
f 3800/360/358 3809/359/357 3807/361/359
f 4135/362/360 4132/363/361 4147/306/304
f 4147/306/304 4132/363/361 4146/309/307
f 447/332/330 445/364/362 428/333/331
f 428/333/331 396/311/309 418/282/280
f 908/308/306 911/284/282 921/365/363
f 396/311/309 379/366/364 386/335/333
f 396/311/309 386/335/333 406/285/283
f 911/284/282 936/367/365 921/365/363
f 407/312/310 386/335/333 391/337/335
f 424/336/334 434/368/366 432/313/311
f 3592/257/255 3595/342/340 3591/343/341
f 3564/346/344 3562/369/367 3565/347/345
f 3565/347/345 3562/369/367 3561/370/368
f 3565/347/345 3561/370/368 3566/339/337
f 3566/339/337 3561/370/368 3563/291/289
f 4403/318/316 4417/371/369 4402/319/317
f 4417/371/369 4409/372/370 4402/319/317
f 4402/319/317 4409/372/370 4401/348/346
f 4401/348/346 4395/373/371 4380/294/292
f 4380/294/292 4381/374/372 4382/320/318
f 3287/323/321 3294/375/373 3288/322/320
f 3301/349/347 3293/298/296 3297/324/322
f 4346/300/298 4336/376/374 4337/325/323
f 4338/377/375 4369/378/376 4351/326/324
f 2202/379/377 2235/354/352 2217/353/351
f 4351/326/324 4369/378/376 4370/355/353
f 2229/380/378 2242/381/379 2235/354/352
f 3759/382/380 3760/358/356 3758/383/381
f 3758/383/381 3760/358/356 3800/360/358
f 3807/361/359 3810/384/382 3808/385/383
f 877/356/354 875/386/384 855/357/355
f 3810/384/382 3814/387/385 3808/385/383
f 3814/387/385 3815/388/386 3813/389/387
f 3808/385/383 3814/387/385 3813/389/387
f 1467/390/388 1463/391/389 1464/328/326
f 4284/276/274 4266/392/390 4289/393/391
f 3762/394/392 3770/395/393 3771/396/394
f 877/356/354 887/397/395 875/386/384
f 877/356/354 903/398/396 887/397/395
f 1464/328/326 1459/399/397 1458/329/327
f 903/398/396 912/400/398 887/397/395
f 1461/401/399 1465/331/329 1458/329/327
f 445/364/362 401/402/400 428/333/331
f 401/402/400 396/311/309 428/333/331
f 4132/363/361 4114/403/401 4146/309/307
f 386/335/333 382/404/402 391/337/335
f 391/337/335 395/405/403 424/336/334
f 424/336/334 395/405/403 434/368/366
f 395/405/403 429/406/404 434/368/366
f 4146/309/307 4114/403/401 4140/338/336
f 4151/315/313 4140/338/336 4168/407/405
f 3597/341/339 3598/408/406 3595/342/340
f 3591/343/341 3604/409/407 3575/344/342
f 3568/345/343 3543/410/408 3564/346/344
f 3561/370/368 3560/411/409 3563/291/289
f 3563/291/289 3560/411/409 3567/412/410
f 3563/291/289 3567/412/410 3586/413/411
f 3543/410/408 3542/414/412 3564/346/344
f 3564/346/344 3542/414/412 3562/369/367
f 3561/370/368 3558/415/413 3560/411/409
f 4401/348/346 4409/372/370 4395/373/371
f 4395/373/371 4400/416/414 4381/374/372
f 3288/322/320 3294/375/373 3295/417/415
f 4411/321/319 4382/320/318 4414/418/416
f 3286/296/294 3296/419/417 3294/375/373
f 3286/296/294 3294/375/373 3287/323/321
f 3302/420/418 3301/349/347 3297/324/322
f 4336/376/374 4330/421/419 4335/422/420
f 4335/422/420 4330/421/419 4333/423/421
f 856/351/349 860/274/272 855/357/355
f 3758/383/381 3800/360/358 3763/424/422
f 3763/424/422 3800/360/358 3807/361/359
f 2229/380/378 2234/425/423 2242/381/379
f 855/357/355 875/386/384 870/426/424
f 3770/395/393 3762/394/392 3759/382/380
f 1463/391/389 1459/399/397 1464/328/326
f 4135/362/360 4111/427/425 4132/363/361
f 887/397/395 912/400/398 907/428/426
f 912/400/398 929/429/427 907/428/426
f 401/402/400 379/366/364 396/311/309
f 936/367/365 957/430/428 921/365/363
f 379/366/364 377/431/429 386/335/333
f 386/335/333 377/431/429 382/404/402
f 382/404/402 385/432/430 391/337/335
f 391/337/335 385/432/430 395/405/403
f 3595/342/340 3599/433/431 3591/343/341
f 3575/344/342 3582/434/432 3568/345/343
f 3582/434/432 3543/410/408 3568/345/343
f 3543/410/408 3582/434/432 3541/435/433
f 4419/436/434 4409/372/370 4417/371/369
f 3542/414/412 3559/437/435 3562/369/367
f 3559/437/435 3558/415/413 3562/369/367
f 3562/369/367 3558/415/413 3561/370/368
f 4409/372/370 4416/438/436 4395/373/371
f 4395/373/371 4416/438/436 4400/416/414
f 3306/439/437 3301/349/347 3302/420/418
f 3302/420/418 3297/324/322 3305/440/438
f 4348/441/439 4346/300/298 4367/442/440
f 4333/423/421 4369/378/376 4335/422/420
f 3758/383/381 3757/443/441 3759/382/380
f 3763/424/422 3807/361/359 3805/444/442
f 3805/444/442 3807/361/359 3808/385/383
f 3759/382/380 3754/445/443 3770/395/393
f 1459/399/397 1463/391/389 1448/446/444
f 875/386/384 847/447/445 870/426/424
f 1444/448/446 1458/329/327 1459/399/397
f 875/386/384 887/397/395 882/449/447
f 887/397/395 907/428/426 905/450/448
f 1458/329/327 1444/448/446 1441/451/449
f 1458/329/327 1441/451/449 1461/401/399
f 1461/401/399 1441/451/449 1462/452/450
f 907/428/426 929/429/427 937/453/451
f 4132/363/361 4111/427/425 4114/403/401
f 401/402/400 381/454/452 379/366/364
f 382/404/402 377/431/429 378/455/453
f 382/404/402 378/455/453 385/432/430
f 395/405/403 415/456/454 429/406/404
f 4140/338/336 4114/403/401 4118/457/455
f 3598/408/406 3600/458/456 3595/342/340
f 3591/343/341 3599/433/431 3604/409/407
f 3604/409/407 3605/459/457 3575/344/342
f 3575/344/342 3605/459/457 3582/434/432
f 3543/410/408 3541/435/433 3542/414/412
f 4419/436/434 4418/460/458 4416/438/436
f 4409/372/370 4419/436/434 4416/438/436
f 4400/416/414 4399/461/459 4381/374/372
f 4381/374/372 4399/461/459 4377/462/460
f 4381/374/372 4377/462/460 4382/320/318
f 3294/375/373 3298/463/461 3295/417/415
f 4336/376/374 4339/464/462 4330/421/419
f 3757/443/441 3758/383/381 3755/465/463
f 3755/465/463 3758/383/381 3763/424/422
f 3808/385/383 3813/389/387 3805/444/442
f 3805/444/442 3813/389/387 3812/466/464
f 3757/443/441 3754/445/443 3759/382/380
f 4374/467/465 4370/355/353 4369/378/376
f 856/351/349 855/357/355 854/468/466
f 3770/395/393 3754/445/443 3775/469/467
f 2229/380/378 2196/470/468 2234/425/423
f 3770/395/393 3775/469/467 3780/471/469
f 1463/391/389 1454/472/470 1448/446/444
f 1448/446/444 1444/448/446 1459/399/397
f 4153/473/471 4119/474/472 4135/362/360
f 4135/362/360 4119/474/472 4111/427/425
f 875/386/384 882/449/447 847/447/445
f 907/428/426 937/453/451 905/450/448
f 1441/451/449 1453/475/473 1462/452/450
f 2983/476/474 2967/477/475 2966/478/476
f 2968/479/477 2961/480/478 2967/477/475
f 385/432/430 392/481/479 395/405/403
f 395/405/403 392/481/479 415/456/454
f 4140/338/336 4118/457/455 4168/407/405
f 3600/458/456 3599/433/431 3595/342/340
f 3582/434/432 3605/459/457 3612/482/480
f 3582/434/432 3612/482/480 3541/435/433
f 3541/435/433 3537/483/481 3542/414/412
f 3558/415/413 3555/484/482 3560/411/409
f 3537/483/481 3544/485/483 3542/414/412
f 3542/414/412 3544/485/483 3559/437/435
f 3559/437/435 3544/485/483 3550/486/484
f 3559/437/435 3550/486/484 3558/415/413
f 3558/415/413 3550/486/484 3555/484/482
f 4410/487/485 4400/416/414 4416/438/436
f 4416/438/436 4418/460/458 4410/487/485
f 4400/416/414 4410/487/485 4399/461/459
f 4399/461/459 4408/488/486 4377/462/460
f 4382/320/318 4377/462/460 4379/489/487
f 4382/320/318 4379/489/487 4414/418/416
f 3296/419/417 3299/490/488 3294/375/373
f 3299/490/488 3298/463/461 3294/375/373
f 4348/441/439 4339/464/462 4346/300/298
f 4346/300/298 4339/464/462 4336/376/374
f 3755/465/463 3763/424/422 3766/491/489
f 3766/491/489 3763/424/422 3805/444/442
f 3766/491/489 3805/444/442 3804/492/490
f 854/468/466 855/357/355 853/493/491
f 855/357/355 870/426/424 853/493/491
f 2196/470/468 2249/494/492 2234/425/423
f 870/426/424 847/447/445 844/495/493
f 887/397/395 905/450/448 882/449/447
f 905/450/448 904/496/494 882/449/447
f 4111/427/425 4113/497/495 4114/403/401
f 937/453/451 935/498/496 905/450/448
f 449/499/497 437/500/498 446/501/499
f 409/502/500 381/454/452 401/402/400
f 381/454/452 375/503/501 379/366/364
f 379/366/364 375/503/501 377/431/429
f 378/455/453 380/504/502 385/432/430
f 385/432/430 380/504/502 392/481/479
f 4114/403/401 4115/505/503 4118/457/455
f 4118/457/455 4115/505/503 4134/506/504
f 4118/457/455 4171/507/505 4168/407/405
f 3598/408/406 3601/508/506 3600/458/456
f 3599/433/431 3607/509/507 3604/409/407
f 4399/461/459 4410/487/485 4408/488/486
f 3886/510/508 3878/511/509 3885/512/510
f 4759/513/511 4774/514/512 4765/515/513
f 4339/464/462 4331/516/514 4330/421/419
f 4330/421/419 4331/516/514 4332/517/515
f 4330/421/419 4332/517/515 4333/423/421
f 3804/492/490 3805/444/442 3812/466/464
f 3812/466/464 3824/518/516 3822/519/517
f 4373/520/518 4369/378/376 4333/423/421
f 857/521/519 856/351/349 854/468/466
f 3754/445/443 3772/522/520 3775/469/467
f 870/426/424 844/495/493 853/493/491
f 1454/472/470 1447/523/521 1448/446/444
f 1448/446/444 1447/523/521 1444/448/446
f 756/524/522 753/525/523 770/526/524
f 756/524/522 770/526/524 758/527/525
f 758/527/525 770/526/524 836/528/526
f 847/447/445 882/449/447 849/529/527
f 1441/451/449 1444/448/446 1443/530/528
f 753/525/523 768/531/529 770/526/524
f 905/450/448 935/498/496 904/496/494
f 768/531/529 879/532/530 770/526/524
f 770/526/524 889/533/531 836/528/526
f 770/526/524 879/532/530 889/533/531
f 768/531/529 880/534/532 879/532/530
f 437/500/498 435/535/533 446/501/499
f 4114/403/401 4113/497/495 4115/505/503
f 437/500/498 436/536/534 435/535/533
f 880/534/532 920/537/535 879/532/530
f 879/532/530 920/537/535 889/533/531
f 377/431/429 376/538/536 378/455/453
f 2968/479/477 2962/539/537 2961/480/478
f 2978/540/538 2970/541/539 2969/542/540
f 2969/542/540 2970/541/539 2962/539/537
f 2969/542/540 2962/539/537 2968/479/477
f 3607/509/507 3606/543/541 3604/409/407
f 3604/409/407 3606/543/541 3605/459/457
f 3605/459/457 3606/543/541 3612/482/480
f 3550/486/484 3552/544/542 3555/484/482
f 3544/485/483 3546/545/543 3550/486/484
f 4418/460/458 4420/546/544 4410/487/485
f 3880/547/545 3884/548/546 3885/512/510
f 4414/418/416 4379/489/487 4415/549/547
f 4759/513/511 4765/515/513 4760/550/548
f 4348/441/439 4341/551/549 4339/464/462
f 4339/464/462 4341/551/549 4331/516/514
f 4332/517/515 4373/520/518 4333/423/421
f 3754/445/443 3755/465/463 3756/552/550
f 853/493/491 844/495/493 843/553/551
f 1454/472/470 1455/554/552 1447/523/521
f 757/555/553 758/527/525 759/556/554
f 757/555/553 754/557/555 756/524/522
f 757/555/553 756/524/522 758/527/525
f 4153/473/471 4174/558/556 4119/474/472
f 754/557/555 753/525/523 756/524/522
f 754/557/555 751/559/557 753/525/523
f 1447/523/521 1443/530/528 1444/448/446
f 751/559/557 752/560/558 753/525/523
f 4119/474/472 4109/561/559 4111/427/425
f 752/560/558 767/562/560 753/525/523
f 753/525/523 767/562/560 768/531/529
f 882/449/447 904/496/494 878/563/561
f 882/449/447 878/563/561 849/529/527
f 752/560/558 766/564/562 767/562/560
f 4109/561/559 4110/565/563 4111/427/425
f 1441/451/449 1443/530/528 1440/566/564
f 766/564/562 885/567/565 767/562/560
f 4111/427/425 4110/565/563 4112/568/566
f 904/496/494 935/498/496 918/569/567
f 1441/451/449 1440/566/564 1439/570/568
f 1441/451/449 1439/570/568 1453/475/473
f 885/567/565 895/571/569 767/562/560
f 767/562/560 880/534/532 768/531/529
f 4112/568/566 4113/497/495 4111/427/425
f 767/562/560 895/571/569 880/534/532
f 4658/572/570 4667/573/571 4661/574/572
f 895/571/569 930/575/573 880/534/532
f 4439/576/574 4438/577/575 4441/578/576
f 4441/578/576 4438/577/575 4440/579/577
f 409/502/500 375/503/501 381/454/452
f 409/502/500 405/580/578 375/503/501
f 2960/168/166 2980/581/579 2981/582/580
f 438/583/581 425/584/582 436/536/534
f 436/536/534 425/584/582 435/535/533
f 930/575/573 943/585/583 880/534/532
f 880/534/532 943/585/583 920/537/535
f 4438/577/575 4430/586/584 4440/579/577
f 4440/579/577 4437/587/585 4442/588/586
f 920/537/535 945/589/587 889/533/531
f 4439/576/574 4433/590/588 4438/577/575
f 4430/586/584 4432/591/589 4440/579/577
f 4440/579/577 4432/591/589 4437/587/585
f 375/503/501 376/538/536 377/431/429
f 4438/577/575 4433/590/588 4430/586/584
f 4432/591/589 4436/592/590 4437/587/585
f 378/455/453 376/538/536 380/504/502
f 4430/586/584 4433/590/588 4431/593/591
f 4430/586/584 4431/593/591 4432/591/589
f 4432/591/589 4431/593/591 4436/592/590
f 4437/587/585 4436/592/590 4435/594/592
f 4115/505/503 4144/595/593 4134/506/504
f 4134/506/504 4171/507/505 4118/457/455
f 3601/508/506 3603/596/594 3600/458/456
f 3606/543/541 3634/597/595 3612/482/480
f 3537/483/481 3539/598/596 3544/485/483
f 3544/485/483 3539/598/596 3546/545/543
f 3546/545/543 3551/599/597 3550/486/484
f 3550/486/484 3551/599/597 3552/544/542
f 3551/599/597 3553/600/598 3552/544/542
f 4408/488/486 4407/601/599 4377/462/460
f 4407/601/599 4378/602/600 4377/462/460
f 4377/462/460 4378/602/600 4379/489/487
f 4379/489/487 4378/602/600 4384/603/601
f 4379/489/487 4384/603/601 4415/549/547
f 3878/511/509 3880/547/545 3885/512/510
f 3880/547/545 3879/604/602 3884/548/546
f 4760/550/548 4764/605/603 4754/606/604
f 4753/607/605 4760/550/548 4754/606/604
f 3756/552/550 3755/465/463 3761/608/606
f 3761/608/606 3755/465/463 3766/491/489
f 3821/609/607 3812/466/464 3822/519/517
f 2192/610/608 2191/611/609 2196/470/468
f 2196/470/468 2191/611/609 2249/494/492
f 1454/472/470 1460/612/610 1455/554/552
f 1455/554/552 1456/613/611 1447/523/521
f 844/495/493 847/447/445 842/614/612
f 754/557/555 755/615/613 751/559/557
f 1456/613/611 1457/616/614 1447/523/521
f 847/447/445 849/529/527 842/614/612
f 1447/523/521 1446/617/615 1443/530/528
f 748/618/616 752/560/558 751/559/557
f 729/619/617 747/620/618 743/621/619
f 743/621/619 747/620/618 748/618/616
f 729/619/617 765/622/620 747/620/618
f 747/620/618 769/623/621 748/618/616
f 748/618/616 769/623/621 766/564/562
f 748/618/616 766/564/562 752/560/558
f 727/624/622 728/625/623 729/619/617
f 765/622/620 769/623/621 747/620/618
f 726/626/624 728/625/623 727/624/622
f 728/625/623 765/622/620 729/619/617
f 904/496/494 918/569/567 878/563/561
f 765/622/620 886/627/625 769/623/621
f 769/623/621 885/567/565 766/564/562
f 726/626/624 902/628/626 728/625/623
f 902/628/626 901/629/627 728/625/623
f 728/625/623 901/629/627 765/622/620
f 901/629/627 886/627/625 765/622/620
f 769/623/621 886/627/625 885/567/565
f 901/629/627 913/630/628 886/627/625
f 4660/631/629 4653/632/630 4661/574/572
f 409/502/500 444/633/631 405/580/578
f 913/630/628 916/634/632 885/567/565
f 886/627/625 913/630/628 885/567/565
f 885/567/565 916/634/632 895/571/569
f 4661/574/572 4653/632/630 4658/572/570
f 913/630/628 938/635/633 916/634/632
f 916/634/632 930/575/573 895/571/569
f 2960/168/166 2979/167/165 2980/581/579
f 435/535/533 448/636/634 446/501/499
f 2018/637/635 1983/638/636 1995/639/637
f 2946/640/638 2947/641/638 2948/642/638
f 1995/639/637 1981/643/639 2012/644/640
f 2978/540/538 2972/645/641 2970/541/539
f 2972/645/641 2971/646/642 2970/541/539
f 2970/541/539 2971/646/642 2962/539/537
f 2012/644/640 1981/643/639 1982/647/643
f 4433/590/588 4434/648/644 4431/593/591
f 4431/593/591 4435/594/592 4436/592/590
f 4134/506/504 4149/649/645 4171/507/505
f 3603/596/594 3602/650/646 3600/458/456
f 3600/458/456 3602/650/646 3599/433/431
f 3541/435/433 3538/651/647 3537/483/481
f 3537/483/481 3538/651/647 3539/598/596
f 4420/546/544 4421/652/648 4410/487/485
f 4410/487/485 4407/601/599 4408/488/486
f 4349/653/649 4341/551/549 4348/441/439
f 4364/654/650 4349/653/649 4348/441/439
f 4341/551/549 4334/655/651 4331/516/514
f 4331/516/514 4334/655/651 4332/517/515
f 3761/608/606 3804/492/490 3803/656/652
f 3756/552/550 3768/657/653 3754/445/443
f 3772/522/520 3781/658/654 3775/469/467
f 853/493/491 843/553/551 845/659/655
f 1460/612/610 1471/660/656 1455/554/552
f 844/495/493 842/614/612 843/553/551
f 755/615/613 754/557/555 762/661/657
f 4278/662/658 4283/663/659 4277/664/660
f 755/615/613 750/665/661 751/559/557
f 742/666/662 743/621/619 750/665/661
f 743/621/619 748/618/616 750/665/661
f 750/665/661 748/618/616 751/559/557
f 1447/523/521 1457/616/614 1446/617/615
f 732/667/663 729/619/617 742/666/662
f 742/666/662 729/619/617 743/621/619
f 732/667/663 727/624/622 729/619/617
f 1443/530/528 1446/617/615 1440/566/564
f 1440/566/564 1436/668/664 1439/570/568
f 4660/631/629 4654/669/665 4653/632/630
f 4662/670/666 4665/671/667 4664/672/668
f 939/673/669 913/630/628 901/629/627
f 947/674/670 918/569/567 935/498/496
f 902/628/626 939/673/669 901/629/627
f 939/673/669 938/635/633 913/630/628
f 916/634/632 938/635/633 930/575/573
f 2963/169/167 2975/675/671 2979/167/165
f 420/676/672 422/677/673 423/678/674
f 423/678/674 422/677/673 425/584/582
f 435/535/533 427/679/675 448/636/634
f 2011/680/676 1983/638/636 2018/637/635
f 4314/681/677 4312/682/678 4308/683/679
f 4314/681/677 4308/683/679 4322/684/680
f 2971/646/642 2975/675/671 2963/169/167
f 2971/646/642 2963/169/167 2962/539/537
f 425/584/582 422/677/673 427/679/675
f 425/584/582 427/679/675 435/535/533
f 4322/684/680 4308/683/679 4319/685/681
f 376/538/536 383/686/682 380/504/502
f 1995/639/637 1983/638/636 1981/643/639
f 1983/638/636 1980/687/683 1981/643/639
f 4444/688/684 4445/689/685 4433/590/588
f 4439/576/574 4444/688/684 4433/590/588
f 1981/643/639 1978/690/686 1982/647/643
f 4433/590/588 4445/689/685 4434/648/644
f 4434/648/644 4435/594/592 4431/593/591
f 4144/595/593 4145/691/687 4134/506/504
f 4134/506/504 4145/691/687 4149/649/645
f 3602/650/646 3610/692/688 3599/433/431
f 3599/433/431 3610/692/688 3607/509/507
f 3607/509/507 3609/693/689 3606/543/541
f 3612/482/480 3589/694/690 3541/435/433
f 3541/435/433 3589/694/690 3538/651/647
f 3553/600/598 3554/695/691 3552/544/542
f 4420/546/544 4422/696/692 4421/652/648
f 4421/652/648 4407/601/599 4410/487/485
f 4407/601/599 4421/652/648 4406/697/693
f 4407/601/599 4404/698/694 4378/602/600
f 3880/547/545 3877/699/695 3879/604/602
f 4349/653/649 4343/700/696 4341/551/549
f 4368/701/697 4373/520/518 4332/517/515
f 3768/657/653 3772/522/520 3754/445/443
f 3772/522/520 3778/702/698 3781/658/654
f 1471/660/656 1472/703/699 1455/554/552
f 843/553/551 840/704/700 845/659/655
f 843/553/551 842/614/612 840/704/700
f 715/705/701 713/706/702 714/707/703
f 802/708/704 755/615/613 762/661/657
f 774/709/705 750/665/661 755/615/613
f 736/710/706 733/711/707 742/666/662
f 776/712/708 742/666/662 774/709/705
f 842/614/612 849/529/527 846/713/709
f 733/711/707 727/624/622 732/667/663
f 733/711/707 732/667/663 742/666/662
f 725/714/710 726/626/624 727/624/622
f 725/714/710 724/715/711 726/626/624
f 1440/566/564 1446/617/615 1442/716/712
f 724/715/711 894/717/713 726/626/624
f 878/563/561 918/569/567 917/718/714
f 726/626/624 894/717/713 902/628/626
f 4660/631/629 4659/719/715 4654/669/665
f 918/569/567 946/720/716 917/718/714
f 1439/570/568 1436/668/664 1438/721/717
f 944/722/718 939/673/669 902/628/626
f 918/569/567 947/674/670 946/720/716
f 944/722/718 949/723/719 939/673/669
f 939/673/669 949/723/719 952/724/720
f 939/673/669 952/724/720 938/635/633
f 375/503/501 405/580/578 370/725/721
f 2011/680/676 1985/726/722 1986/727/723
f 2011/680/676 1986/727/723 1983/638/636
f 2976/728/724 2972/645/641 2978/540/538
f 383/686/682 384/729/725 380/504/502
f 2972/645/641 2973/730/726 2971/646/642
f 422/677/673 421/731/727 427/679/675
f 1980/687/683 1977/732/728 1981/643/639
f 1981/643/639 1977/732/728 1978/690/686
f 4445/689/685 4443/733/729 4434/648/644
f 4443/733/729 4446/734/730 4435/594/592
f 4435/594/592 4446/734/730 4448/735/731
f 4145/691/687 4172/736/732 4149/649/645
f 4447/737/733 4450/738/734 4452/739/735
f 3622/740/736 3621/741/737 3601/508/506
f 3621/741/737 3620/742/738 3601/508/506
f 3601/508/506 3620/742/738 3603/596/594
f 3607/509/507 3610/692/688 3609/693/689
f 3609/693/689 3634/597/595 3606/543/541
f 3634/597/595 3589/694/690 3612/482/480
f 3634/597/595 3635/743/739 3589/694/690
f 3551/599/597 3554/695/691 3553/600/598
f 3539/598/596 3545/744/740 3546/545/543
f 3546/545/543 3556/745/741 3551/599/597
f 3878/511/509 3877/699/695 3880/547/545
f 3801/746/742 3761/608/606 3803/656/652
f 2209/747/743 2232/748/744 2191/611/609
f 1471/660/656 1473/749/745 1472/703/699
f 713/706/702 707/750/746 714/707/703
f 3775/469/467 3781/658/654 3782/751/747
f 3775/469/467 3782/751/747 3780/471/469
f 1539/752/748 1540/753/749 1558/754/750
f 1557/755/751 1539/752/748 1558/754/750
f 703/756/752 707/750/746 690/757/753
f 688/758/754 703/756/752 690/757/753
f 671/759/755 672/760/756 688/758/754
f 1540/753/749 1523/761/757 1531/762/758
f 730/763/759 727/624/622 733/711/707
f 730/763/759 725/714/710 727/624/622
f 846/713/709 849/529/527 816/764/760
f 4119/474/472 4108/765/761 4109/561/559
f 1457/616/614 1442/716/712 1446/617/615
f 849/529/527 878/563/561 816/764/760
f 723/766/762 893/767/763 724/715/711
f 724/715/711 893/767/763 894/717/713
f 4666/768/764 4663/769/765 4664/672/668
f 878/563/561 917/718/714 900/770/766
f 4656/771/767 4654/669/665 4659/719/715
f 1440/566/564 1442/716/712 1436/668/664
f 4324/772/768 4323/773/769 4314/681/677
f 894/717/713 944/722/718 902/628/626
f 4314/681/677 4315/774/770 4312/682/678
f 2015/775/771 1996/776/772 2003/777/773
f 4312/682/678 4306/778/774 4308/683/679
f 370/725/721 374/779/775 375/503/501
f 375/503/501 374/779/775 376/538/536
f 947/674/670 950/780/776 946/720/716
f 2003/777/773 1968/781/777 1985/726/722
f 1985/726/722 1972/782/778 1986/727/723
f 1986/727/723 1972/782/778 1983/638/636
f 1983/638/636 1972/782/778 1975/783/779
f 1983/638/636 1975/783/779 1980/687/683
f 1980/687/683 1975/783/779 1977/732/728
f 427/679/675 421/731/727 433/784/780
f 4447/737/733 4452/739/735 4446/734/730
f 4443/733/729 4447/737/733 4446/734/730
f 4449/785/781 4450/738/734 4447/737/733
f 4452/739/735 4455/786/782 4446/734/730
f 3624/787/783 3623/788/784 3622/740/736
f 4169/789/785 4185/790/786 4186/791/787
f 3603/596/594 3613/792/788 3602/650/646
f 3538/651/647 3540/793/789 3539/598/596
f 3551/599/597 3556/745/741 3554/695/691
f 3545/744/740 3556/745/741 3546/545/543
f 4378/602/600 4404/698/694 4385/794/790
f 4378/602/600 4385/794/790 4384/603/601
f 4748/795/791 4753/607/605 4746/796/792
f 4364/654/650 4359/797/793 4349/653/649
f 4343/700/696 4342/798/794 4341/551/549
f 4341/551/549 4342/798/794 4334/655/651
f 3765/799/795 3768/657/653 3756/552/550
f 2209/747/743 2230/800/796 2232/748/744
f 735/801/797 760/802/798 744/803/799
f 734/804/800 733/711/707 735/801/797
f 733/711/707 736/710/706 735/801/797
f 735/801/797 736/710/706 760/802/798
f 688/758/754 672/760/756 703/756/752
f 1539/752/748 1536/805/801 1540/753/749
f 730/763/759 733/711/707 734/804/800
f 1540/753/749 1536/805/801 1523/761/757
f 842/614/612 846/713/709 825/806/802
f 722/807/803 724/715/711 725/714/710
f 4109/561/559 4107/808/804 4110/565/563
f 816/764/760 878/563/561 719/809/805
f 721/810/806 723/766/762 722/807/803
f 722/807/803 723/766/762 724/715/711
f 878/563/561 900/770/766 719/809/805
f 721/810/806 898/811/807 723/766/762
f 723/766/762 898/811/807 893/767/763
f 4326/812/808 4327/813/809 4323/773/769
f 917/718/714 934/814/810 900/770/766
f 898/811/807 928/815/811 893/767/763
f 4314/681/677 4323/773/769 4315/774/770
f 893/767/763 928/815/811 941/816/812
f 893/767/763 941/816/812 894/717/713
f 894/717/713 941/816/812 944/722/718
f 946/720/716 950/780/776 917/718/714
f 4312/682/678 4315/774/770 4306/778/774
f 2014/817/813 1997/818/814 2015/775/771
f 2015/775/771 1997/818/814 1996/776/772
f 374/779/775 383/686/682 376/538/536
f 2976/728/724 2974/819/815 2972/645/641
f 2972/645/641 2974/819/815 2973/730/726
f 1996/776/772 1968/781/777 2003/777/773
f 1968/781/777 1972/782/778 1985/726/722
f 404/820/816 400/821/817 422/677/673
f 420/676/672 404/820/816 422/677/673
f 4308/683/679 4317/822/818 4319/685/681
f 427/679/675 433/784/780 448/636/634
f 4317/822/818 4318/823/819 4319/685/681
f 422/677/673 400/821/817 421/731/727
f 4453/824/820 4454/825/821 4445/689/685
f 4444/688/684 4453/824/820 4445/689/685
f 4445/689/685 4454/825/821 4443/733/729
f 4443/733/729 4449/785/781 4447/737/733
f 4443/733/729 4454/825/821 4449/785/781
f 4449/785/781 4451/826/822 4450/738/734
f 3633/827/823 3623/788/784 3624/787/783
f 3623/788/784 3621/741/737 3622/740/736
f 3539/598/596 3540/793/789 3545/744/740
f 4422/696/692 4423/828/824 4421/652/648
f 4406/697/693 4405/829/825 4404/698/694
f 4406/697/693 4421/652/648 4405/829/825
f 3878/511/509 3876/830/826 3877/699/695
f 3879/604/602 3877/699/695 3875/831/827
f 4342/798/794 4358/832/828 4334/655/651
f 3801/746/742 3825/833/829 3827/834/830
f 4334/655/651 4358/832/828 4368/701/697
f 3768/657/653 3774/835/831 3772/522/520
f 3774/835/831 3778/702/698 3772/522/520
f 737/836/832 735/801/797 744/803/799
f 734/804/800 735/801/797 737/836/832
f 744/803/799 760/802/798 771/837/833
f 707/750/746 710/838/834 714/707/703
f 1556/839/835 1539/752/748 1557/755/751
f 760/802/798 776/712/708 775/840/836
f 665/841/837 663/842/838 669/843/839
f 846/713/709 816/764/760 825/806/802
f 731/844/840 720/845/841 722/807/803
f 731/844/840 722/807/803 725/714/710
f 731/844/840 725/714/710 730/763/759
f 4119/474/472 4152/846/842 4108/765/761
f 720/845/841 718/847/843 722/807/803
f 1531/762/758 1523/761/757 1525/848/844
f 1457/616/614 1452/849/845 1442/716/712
f 816/764/760 719/809/805 716/850/846
f 718/847/843 717/851/847 721/810/806
f 718/847/843 721/810/806 722/807/803
f 4109/561/559 4108/765/761 4107/808/804
f 1442/716/712 1435/852/848 1436/668/664
f 900/770/766 899/853/849 719/809/805
f 721/810/806 891/854/850 898/811/807
f 900/770/766 934/814/810 931/855/851
f 933/856/852 928/815/811 898/811/807
f 1436/668/664 1433/857/853 1438/721/717
f 928/815/811 948/858/854 941/816/812
f 950/780/776 934/814/810 917/718/714
f 4306/778/774 4307/859/855 4308/683/679
f 1996/776/772 1967/860/856 1968/781/777
f 410/861/857 404/820/816 420/676/672
f 2004/862/858 2016/863/859 1991/864/860
f 1969/865/861 1970/866/862 1968/781/777
f 1968/781/777 1970/866/862 1972/782/778
f 1972/782/778 1973/867/863 1974/868/864
f 1972/782/778 1974/868/864 1975/783/779
f 1975/783/779 1976/869/865 1977/732/728
f 1977/732/728 1976/869/865 1978/690/686
f 400/821/817 393/870/866 421/731/727
f 421/731/727 419/871/867 433/784/780
f 4649/872/868 4646/873/869 4648/874/870
f 4651/875/871 4643/876/872 4649/872/868
f 3602/650/646 3613/792/788 3610/692/688
f 3609/693/689 3640/877/873 3634/597/595
f 3634/597/595 3640/877/873 3635/743/739
f 3589/694/690 3587/878/874 3538/651/647
f 3538/651/647 3587/878/874 3540/793/789
f 3545/744/740 3549/879/875 3556/745/741
f 4423/828/824 4424/880/876 4421/652/648
f 4421/652/648 4424/880/876 4405/829/825
f 4384/603/601 4385/794/790 4386/881/877
f 3876/830/826 3869/882/878 3877/699/695
f 4359/797/793 4343/700/696 4349/653/649
f 2350/883/879 2523/884/880 2498/885/881
f 3774/835/831 3779/886/882 3778/702/698
f 2523/884/880 2527/887/883 2513/888/884
f 851/889/885 850/890/886 897/891/887
f 737/836/832 744/803/799 761/892/888
f 739/893/889 734/804/800 737/836/832
f 761/892/888 744/803/799 772/894/890
f 744/803/799 771/837/833 772/894/890
f 1473/749/745 1474/895/891 1472/703/699
f 760/802/798 775/840/836 771/837/833
f 840/704/700 823/896/892 841/897/893
f 738/898/894 730/763/759 734/804/800
f 703/756/752 696/899/895 707/750/746
f 696/899/895 695/900/896 707/750/746
f 1006/901/897 1007/902/898 999/903/899
f 825/806/802 773/904/900 823/896/892
f 664/905/901 663/842/838 665/841/837
f 663/842/838 660/906/902 669/843/839
f 4292/907/903 4282/908/904 4293/909/905
f 1539/752/748 1537/910/906 1536/805/801
f 825/806/802 816/764/760 773/904/900
f 816/764/760 716/850/846 773/904/900
f 716/850/846 718/847/843 720/845/841
f 719/809/805 717/851/847 716/850/846
f 716/850/846 717/851/847 718/847/843
f 719/809/805 891/854/850 717/851/847
f 717/851/847 891/854/850 721/810/806
f 4328/911/907 4329/912/908 4323/773/769
f 4327/813/809 4328/911/907 4323/773/769
f 4595/913/909 4597/914/910 4612/915/911
f 719/809/805 899/853/849 891/854/850
f 1436/668/664 1435/852/848 1433/857/853
f 900/770/766 931/855/851 899/853/849
f 899/853/849 931/855/851 932/916/912
f 899/853/849 932/916/912 891/854/850
f 932/916/912 933/856/852 891/854/850
f 891/854/850 933/856/852 898/811/807
f 4323/773/769 4309/917/913 4315/774/770
f 4315/774/770 4309/917/913 4306/778/774
f 405/580/578 443/918/914 370/725/721
f 950/780/776 951/919/915 934/814/810
f 2008/920/916 1997/818/814 2014/817/813
f 374/779/775 369/921/917 383/686/682
f 383/686/682 363/922/918 384/729/725
f 2976/728/724 2977/923/919 2974/819/815
f 1997/818/814 1967/860/856 1996/776/772
f 4307/859/855 4310/924/920 4308/683/679
f 1991/864/860 1964/925/921 2004/862/858
f 1968/781/777 1967/860/856 1966/926/922
f 1975/783/779 1974/868/864 1976/869/865
f 2016/863/859 2010/927/923 1991/864/860
f 1978/690/686 1979/928/924 1992/929/925
f 448/636/634 433/784/780 440/930/926
f 433/784/780 419/871/867 440/930/926
f 4453/824/820 4449/785/781 4454/825/821
f 421/731/727 393/870/866 419/871/867
f 4325/931/927 4318/823/819 4320/932/928
f 4647/933/929 4643/876/872 4651/875/871
f 3610/692/688 3611/934/930 3609/693/689
f 3611/934/930 3640/877/873 3609/693/689
f 3540/793/789 3547/935/931 3545/744/740
f 3545/744/740 3547/935/931 3549/879/875
f 3556/745/741 3549/879/875 3557/936/932
f 4423/828/824 4425/937/933 4424/880/876
f 4405/829/825 4424/880/876 4398/938/934
f 4405/829/825 4398/938/934 4404/698/694
f 4404/698/694 4398/938/934 4385/794/790
f 3877/699/695 3869/882/878 3875/831/827
f 3869/882/878 3868/939/935 3875/831/827
f 4342/798/794 4347/940/936 4358/832/828
f 3828/941/937 3801/746/742 3827/834/830
f 2197/942/938 2195/943/939 2193/944/940
f 739/893/889 737/836/832 749/945/941
f 850/890/886 848/946/942 897/891/887
f 740/947/943 734/804/800 739/893/889
f 3781/658/654 3778/702/698 3787/948/944
f 772/894/890 771/837/833 804/949/945
f 804/949/945 771/837/833 775/840/836
f 764/950/946 738/898/894 740/947/943
f 740/947/943 738/898/894 734/804/800
f 775/840/836 776/712/708 778/951/947
f 841/897/893 823/896/892 824/952/948
f 707/750/746 695/900/896 710/838/834
f 3781/658/654 3786/953/949 3782/751/747
f 746/954/950 731/844/840 738/898/894
f 660/906/902 661/955/951 669/843/839
f 669/843/839 661/955/951 696/899/895
f 741/956/952 731/844/840 746/954/950
f 1539/752/748 1541/957/953 1537/910/906
f 773/904/900 716/850/846 745/958/954
f 716/850/846 720/845/841 745/958/954
f 745/958/954 720/845/841 741/956/952
f 741/956/952 720/845/841 731/844/840
f 1536/805/801 1535/959/955 1523/761/757
f 1523/761/757 1524/960/956 1525/848/844
f 1452/849/845 1435/852/848 1442/716/712
f 4595/913/909 4596/961/957 4597/914/910
f 932/916/912 948/858/854 933/856/852
f 948/858/854 928/815/811 933/856/852
f 4306/778/774 4309/917/913 4307/859/855
f 934/814/810 951/919/915 931/855/851
f 369/921/917 363/922/918 383/686/682
f 2004/862/858 1964/925/921 1989/962/958
f 2008/920/916 1963/963/959 1997/818/814
f 1963/963/959 1965/964/960 1997/818/814
f 408/965/961 362/966/962 410/861/857
f 1997/818/814 1965/964/960 1967/860/856
f 410/861/857 362/966/962 404/820/816
f 1991/864/860 1990/967/963 1964/925/921
f 1970/866/862 1973/867/863 1972/782/778
f 1968/781/777 1966/926/922 1969/865/861
f 1976/869/865 1979/928/924 1978/690/686
f 4310/924/920 4316/968/964 4318/823/819
f 4317/822/818 4310/924/920 4318/823/819
f 404/820/816 364/969/965 400/821/817
f 4641/970/966 4642/971/967 4646/873/869
f 4646/873/869 4642/971/967 4648/874/870
f 4316/968/964 4321/972/968 4320/932/928
f 4318/823/819 4316/968/964 4320/932/928
f 4643/876/872 4636/973/969 4641/970/966
f 4648/874/870 4644/974/970 4645/975/971
f 4648/874/870 4645/975/971 4650/976/972
f 4647/933/929 4636/973/969 4643/876/872
f 4169/789/785 4184/977/973 4185/790/786
f 3613/792/788 3614/978/974 3610/692/688
f 3610/692/688 3614/978/974 3611/934/930
f 3640/877/873 3636/979/975 3635/743/739
f 3635/743/739 3636/979/975 3589/694/690
f 3549/879/875 3569/980/976 3557/936/932
f 4398/938/934 4424/880/876 4397/981/977
f 4385/794/790 4387/982/978 4386/881/877
f 3876/830/826 3870/983/979 3869/882/878
f 4353/984/980 4343/700/696 4359/797/793
f 4343/700/696 4344/985/981 4342/798/794
f 4344/985/981 4347/940/936 4342/798/794
f 4358/832/828 4371/986/982 4375/987/983
f 3767/988/984 3769/989/985 3768/657/653
f 737/836/832 761/892/888 763/990/986
f 761/892/888 772/894/890 801/991/987
f 739/893/889 803/992/988 740/947/943
f 2208/993/989 2230/800/796 2209/747/743
f 775/840/836 778/951/947 779/994/990
f 848/946/942 841/897/893 824/952/948
f 696/899/895 661/955/951 695/900/896
f 824/952/948 823/896/892 799/995/991
f 746/954/950 738/898/894 777/996/992
f 777/996/992 738/898/894 764/950/946
f 1556/839/835 1541/957/953 1539/752/748
f 823/896/892 773/904/900 799/995/991
f 799/995/991 773/904/900 745/958/954
f 1537/910/906 1535/959/955 1536/805/801
f 1535/959/955 1524/960/956 1523/761/757
f 1452/849/845 1450/997/993 1435/852/848
f 4604/998/994 4603/999/995 4607/1000/996
f 370/725/721 369/921/917 374/779/775
f 931/855/851 951/919/915 932/916/912
f 1989/962/958 1994/1001/997 2008/920/916
f 932/916/912 951/919/915 948/858/854
f 1994/1001/997 1963/963/959 2008/920/916
f 363/922/918 362/966/962 408/965/961
f 1964/925/921 1959/1002/998 1989/962/958
f 1990/967/963 1956/1003/999 1964/925/921
f 1967/860/856 1965/964/960 1966/926/922
f 362/966/962 364/969/965 404/820/816
f 4632/1004/1000 4644/974/970 4648/874/870
f 4642/971/967 4632/1004/1000 4648/874/870
f 4639/1005/1001 4635/1006/1002 4636/973/969
f 364/969/965 393/870/866 400/821/817
f 4165/1007/1003 4164/1008/1004 4169/789/785
f 4169/789/785 4164/1008/1004 4184/977/973
f 393/870/866 389/1009/1005 419/871/867
f 419/871/867 389/1009/1005 426/1010/1006
f 3636/979/975 3615/1011/1007 3589/694/690
f 3587/878/874 3548/1012/1008 3540/793/789
f 3540/793/789 3548/1012/1008 3547/935/931
f 3569/980/976 3570/1013/1009 3557/936/932
f 3549/879/875 3547/935/931 3569/980/976
f 4425/937/933 4426/1014/1010 4424/880/876
f 4424/880/876 4426/1014/1010 4397/981/977
f 4398/938/934 4387/982/978 4385/794/790
f 4386/881/877 4387/982/978 4388/1015/1011
f 4344/985/981 4350/1016/1012 4347/940/936
f 3768/657/653 3769/989/985 3774/835/831
f 3774/835/831 3777/1017/1013 3779/886/882
f 2199/1018/1014 2197/942/938 2201/1019/1015
f 2197/942/938 2198/1020/1016 2195/943/939
f 749/945/941 737/836/832 763/990/986
f 803/992/988 739/893/889 749/945/941
f 897/891/887 848/946/942 839/1021/1017
f 740/947/943 815/1022/1018 777/996/992
f 804/949/945 775/840/836 779/994/990
f 777/996/992 764/950/946 740/947/943
f 779/994/990 778/951/947 780/1023/1019
f 780/1023/1019 784/1024/1020 783/1025/1021
f 783/1025/1021 784/1024/1020 785/1026/1022
f 778/951/947 784/1024/1020 780/1023/1019
f 695/900/896 650/1027/1023 710/838/834
f 710/838/834 650/1027/1023 711/1028/1024
f 2687/1029/1025 2685/1030/1026 2686/1031/1027
f 777/996/992 809/1032/1028 746/954/950
f 662/1033/1029 657/1034/1030 660/906/902
f 660/906/902 656/1035/1031 661/955/951
f 3781/658/654 3787/948/944 3786/953/949
f 799/995/991 745/958/954 798/1036/1032
f 798/1036/1032 745/958/954 741/956/952
f 798/1036/1032 741/956/952 746/954/950
f 694/1037/1033 699/1038/1034 692/1039/1035
f 1524/960/956 1526/1040/1036 1525/848/844
f 1452/849/845 1451/1041/1037 1450/997/993
f 1435/852/848 1434/1042/1038 1433/857/853
f 4309/917/913 4311/1043/1039 4307/859/855
f 443/918/914 402/1044/1040 370/725/721
f 370/725/721 402/1044/1040 360/1045/1041
f 370/725/721 360/1045/1041 369/921/917
f 4310/924/920 4307/859/855 4316/968/964
f 369/921/917 358/1046/1042 363/922/918
f 1989/962/958 1959/1002/998 1994/1001/997
f 1963/963/959 1950/1047/1043 1949/1048/1044
f 1963/963/959 1949/1048/1044 1965/964/960
f 1965/964/960 1928/1049/1045 1966/926/922
f 1973/867/863 1971/1050/1046 1988/1051/1047
f 1973/867/863 1988/1051/1047 1974/868/864
f 1970/866/862 1969/865/861 1971/1050/1046
f 1970/866/862 1971/1050/1046 1973/867/863
f 1974/868/864 1988/1051/1047 1976/869/865
f 1988/1051/1047 1987/1052/1048 1976/869/865
f 1976/869/865 1987/1052/1048 1979/928/924
f 4634/1053/1049 4632/1004/1000 4642/971/967
f 4644/974/970 4632/1004/1000 4633/1054/1050
f 4644/974/970 4633/1054/1050 4645/975/971
f 4633/1054/1050 4637/1055/1051 4645/975/971
f 4165/1007/1003 4162/1056/1052 4164/1008/1004
f 1932/1057/1053 2001/1058/1054 2010/927/923
f 3614/978/974 3616/1059/1055 3611/934/930
f 364/969/965 356/1060/1056 393/870/866
f 426/1010/1006 431/1061/1057 440/930/926
f 393/870/866 356/1060/1056 389/1009/1005
f 3640/877/873 3641/1062/1058 3636/979/975
f 3589/694/690 3615/1011/1007 3587/878/874
f 3571/1063/1059 3569/980/976 3547/935/931
f 3570/1013/1009 3588/1064/1060 3557/936/932
f 3570/1013/1009 3577/1065/1061 3588/1064/1060
f 4397/981/977 4396/1066/1062 4387/982/978
f 4398/938/934 4397/981/977 4387/982/978
f 3870/983/979 3863/1067/1063 3869/882/878
f 3863/1067/1063 3868/939/935 3869/882/878
f 4714/1068/1064 4742/1069/1065 4740/1070/1066
f 4353/984/980 4345/1071/1067 4343/700/696
f 4345/1071/1067 4350/1016/1012 4344/985/981
f 4343/700/696 4345/1071/1067 4344/985/981
f 4350/1016/1012 4371/986/982 4347/940/936
f 3769/989/985 3777/1017/1013 3774/835/831
f 788/1072/1068 782/1073/1069 789/1074/1070
f 815/1022/1018 740/947/943 803/992/988
f 781/1075/1071 780/1023/1019 782/1073/1069
f 782/1073/1069 783/1025/1021 789/1074/1070
f 783/1025/1021 785/1026/1022 789/1074/1070
f 3778/702/698 3785/1076/1072 3787/948/944
f 815/1022/1018 818/1077/1073 777/996/992
f 779/994/990 780/1023/1019 781/1075/1071
f 780/1023/1019 783/1025/1021 782/1073/1069
f 1473/749/745 1475/1078/1074 1474/895/891
f 660/906/902 657/1034/1030 656/1035/1031
f 695/900/896 655/1079/1075 650/1027/1023
f 699/1038/1034 559/1080/1076 692/1039/1035
f 1559/1081/1077 1541/957/953 1556/839/835
f 4293/909/905 4282/908/904 4296/1082/1078
f 4086/76/76 4105/151/151 4107/808/804
f 4601/1083/1079 4600/1084/1080 4598/1085/1081
f 4598/1085/1081 4600/1084/1080 4599/1086/1082
f 4599/1086/1082 4609/1087/1083 4602/1088/1084
f 4311/1043/1039 4313/1089/1085 4307/859/855
f 4307/859/855 4313/1089/1085 4316/968/964
f 369/921/917 360/1045/1041 358/1046/1042
f 358/1046/1042 362/966/962 363/922/918
f 1959/1002/998 1953/1090/1086 1994/1001/997
f 1994/1001/997 1953/1090/1086 1963/963/959
f 1963/963/959 1953/1090/1086 1950/1047/1043
f 1956/1003/999 1959/1002/998 1964/925/921
f 1949/1048/1044 1928/1049/1045 1965/964/960
f 4616/1091/1087 4618/1092/1088 4634/1053/1049
f 4634/1053/1049 4618/1092/1088 4632/1004/1000
f 362/966/962 353/1093/1089 361/1094/1090
f 1990/967/963 1945/1095/1091 1956/1003/999
f 4639/1005/1001 4638/1096/1092 4635/1006/1002
f 362/966/962 361/1094/1090 364/969/965
f 1966/926/922 1993/1097/1093 1969/865/861
f 1969/865/861 1993/1097/1093 1971/1050/1046
f 1971/1050/1046 2009/1098/1094 1988/1051/1047
f 1988/1051/1047 2009/1098/1094 2005/1099/1095
f 1988/1051/1047 2005/1099/1095 1987/1052/1048
f 361/1094/1090 353/1093/1089 356/1060/1056
f 3613/792/788 3619/1100/1096 3614/978/974
f 361/1094/1090 356/1060/1056 364/969/965
f 389/1009/1005 403/1101/1097 426/1010/1006
f 426/1010/1006 403/1101/1097 431/1061/1057
f 3569/980/976 3577/1065/1061 3570/1013/1009
f 4426/1014/1010 4396/1066/1062 4397/981/977
f 4387/982/978 4389/1102/1098 4388/1015/1011
f 3863/1067/1063 3866/1103/1099 3868/939/935
f 2199/1018/1014 2198/1020/1016 2197/942/938
f 807/1104/1100 749/945/941 793/1105/1101
f 793/1105/1101 763/990/986 806/1106/1102
f 794/1107/1103 788/1072/1068 789/1074/1070
f 794/1107/1103 789/1074/1070 796/1108/1104
f 801/991/987 804/949/945 805/1109/1105
f 804/949/945 779/994/990 786/1110/1106
f 786/1110/1106 781/1075/1071 787/1111/1107
f 788/1072/1068 781/1075/1071 782/1073/1069
f 3779/886/882 3785/1076/1072 3778/702/698
f 786/1110/1106 779/994/990 781/1075/1071
f 679/1112/1108 682/1113/1109 657/1034/1030
f 2230/800/796 2208/993/989 2237/1114/1110
f 1556/839/835 1565/1115/1111 1559/1081/1077
f 692/1039/1035 559/1080/1076 566/1116/1112
f 699/1038/1034 712/1117/1113 559/1080/1076
f 1559/1081/1077 1552/1118/1114 1541/957/953
f 705/1119/1115 712/1117/1113 699/1038/1034
f 705/1119/1115 552/1120/1116 712/1117/1113
f 1541/957/953 1542/1121/1117 1537/910/906
f 1537/910/906 1542/1121/1117 1535/959/955
f 1542/1121/1117 1543/1122/1118 1535/959/955
f 4108/765/761 4086/76/76 4107/808/804
f 1535/959/955 1534/1123/1119 1524/960/956
f 1524/960/956 1527/1124/1120 1526/1040/1036
f 1435/852/848 1450/997/993 1434/1042/1038
f 4627/1125/1121 4628/1126/1122 4639/1005/1001
f 1956/1003/999 1958/1127/1123 1959/1002/998
f 1958/1127/1123 1961/1128/1124 1959/1002/998
f 1959/1002/998 1961/1128/1124 1953/1090/1086
f 1953/1090/1086 1952/1129/1125 1950/1047/1043
f 4639/1005/1001 4628/1126/1122 4638/1096/1092
f 4638/1096/1092 4628/1126/1122 4616/1091/1087
f 362/966/962 358/1046/1042 353/1093/1089
f 4633/1054/1050 4623/1130/1126 4637/1055/1051
f 1942/1131/1127 1956/1003/999 1945/1095/1091
f 1928/1049/1045 1927/1132/1128 1966/926/922
f 1966/926/922 1927/1132/1128 1993/1097/1093
f 2005/1099/1095 2017/1133/1129 1987/1052/1048
f 2033/1134/1130 2020/1135/1131 2030/1136/1132
f 2005/1099/1095 2006/1137/1133 2017/1133/1129
f 356/1060/1056 365/1138/1134 389/1009/1005
f 365/1138/1134 403/1101/1097 389/1009/1005
f 3587/878/874 3585/1139/1135 3548/1012/1008
f 3548/1012/1008 3585/1139/1135 3576/1140/1136
f 3548/1012/1008 3576/1140/1136 3547/935/931
f 3547/935/931 3576/1140/1136 3571/1063/1059
f 3571/1063/1059 3579/1141/1137 3569/980/976
f 3569/980/976 3579/1141/1137 3578/1142/1138
f 3569/980/976 3578/1142/1138 3577/1065/1061
f 3577/1065/1061 3583/1143/1139 3588/1064/1060
f 4426/1014/1010 4428/1144/1140 4396/1066/1062
f 4362/1145/1141 4354/1146/1142 4353/984/980
f 4353/984/980 4354/1146/1142 4345/1071/1067
f 4345/1071/1067 4361/1147/1143 4350/1016/1012
f 3773/1148/1144 3776/1149/1145 3769/989/985
f 3767/988/984 3773/1148/1144 3769/989/985
f 3769/989/985 3776/1149/1145 3777/1017/1013
f 2221/1150/1146 2199/1018/1014 2215/1151/1147
f 795/1152/1148 794/1107/1103 796/1108/1104
f 790/1153/1149 788/1072/1068 794/1107/1103
f 817/1154/1150 815/1022/1018 803/992/988
f 790/1153/1149 787/1111/1107 788/1072/1068
f 677/1155/1151 681/1156/1152 678/1157/1153
f 805/1109/1105 804/949/945 786/1110/1106
f 3779/886/882 3784/1158/1154 3785/1076/1072
f 712/1117/1113 552/1120/1116 551/1159/1155
f 1552/1118/1114 1542/1121/1117 1541/957/953
f 4152/846/842 4173/1160/1156 4143/1161/1157
f 2892/1162/1158 2893/1163/1159 2894/1164/1160
f 1543/1122/1118 1538/1165/1161 1535/959/955
f 1535/959/955 1538/1165/1161 1534/1123/1119
f 4108/765/761 4143/1161/1157 4086/76/76
f 1534/1123/1119 1527/1124/1120 1524/960/956
f 1451/1041/1037 1449/1166/1162 1450/997/993
f 4622/152/152 4640/154/154 4623/1130/1126
f 4157/1167/1163 4136/79/79 4156/1168/1164
f 1956/1003/999 1957/1169/1165 1958/1127/1123
f 1961/1128/1124 1952/1129/1125 1953/1090/1086
f 4157/1167/1163 4156/1168/1164 4162/1056/1052
f 1956/1003/999 1942/1131/1127 1957/1169/1165
f 1949/1048/1044 1935/1170/1166 1928/1049/1045
f 3632/1171/1167 3617/1172/1168 3619/1100/1096
f 4164/1008/1004 4163/1173/1169 4184/977/973
f 3619/1100/1096 3617/1172/1168 3614/978/974
f 3614/978/974 3617/1172/1168 3616/1059/1055
f 1993/1097/1093 1998/1174/1170 1971/1050/1046
f 1998/1174/1170 1960/1175/1171 1971/1050/1046
f 1927/1132/1128 1962/1176/1172 1993/1097/1093
f 1927/1132/1128 1920/1177/1173 1962/1176/1172
f 1962/1176/1172 1998/1174/1170 1993/1097/1093
f 1971/1050/1046 1960/1175/1171 2009/1098/1094
f 1960/1175/1171 1929/1178/1174 2009/1098/1094
f 2009/1098/1094 1929/1178/1174 2005/1099/1095
f 1929/1178/1174 1931/1179/1175 2005/1099/1095
f 3616/1059/1055 3618/1180/1176 3611/934/930
f 353/1093/1089 355/1181/1177 356/1060/1056
f 2005/1099/1095 1931/1179/1175 2006/1137/1133
f 356/1060/1056 355/1181/1177 365/1138/1134
f 2006/1137/1133 1984/1182/1178 2017/1133/1129
f 3611/934/930 3638/1183/1179 3640/877/873
f 3615/1011/1007 3608/1184/1180 3587/878/874
f 3587/878/874 3608/1184/1180 3585/1139/1135
f 3571/1063/1059 3576/1140/1136 3579/1141/1137
f 4428/1144/1140 4393/1185/1181 4396/1066/1062
f 4396/1066/1062 4393/1185/1181 4389/1102/1098
f 3866/1103/1099 3863/1067/1063 3864/1186/1182
f 4354/1146/1142 4360/1187/1183 4345/1071/1067
f 4345/1071/1067 4360/1187/1183 4361/1147/1143
f 4361/1147/1143 4360/1187/1183 4372/1188/1184
f 3776/1149/1145 3783/1189/1185 3777/1017/1013
f 2221/1150/1146 2222/1190/1186 2199/1018/1014
f 3777/1017/1013 3783/1189/1185 3779/886/882
f 2199/1018/1014 2200/1191/1187 2198/1020/1016
f 797/1192/1188 795/1152/1148 796/1108/1104
f 819/1193/1189 808/1194/1190 812/1195/1191
f 3783/1189/1185 3784/1158/1154 3779/886/882
f 791/1196/1192 787/1111/1107 790/1153/1149
f 681/1156/1152 686/1197/1193 680/1198/1194
f 792/1199/1195 786/1110/1106 791/1196/1192
f 791/1196/1192 786/1110/1106 787/1111/1107
f 680/1198/1194 686/1197/1193 682/1113/1109
f 682/1113/1109 659/1200/1196 658/1201/1197
f 693/1202/1198 573/1203/1199 708/1204/1200
f 566/1116/1112 573/1203/1199 693/1202/1198
f 3787/948/944 3790/1205/1201 3791/1206/1202
f 4282/908/904 4280/1207/1203 4302/1208/1204
f 4282/908/904 4302/1208/1204 4296/1082/1078
f 1542/1121/1117 1545/1209/1205 1543/1122/1118
f 4296/1082/1078 4302/1208/1204 4295/1210/1206
f 2890/1211/1207 2893/1163/1159 2892/1162/1158
f 2889/1212/1208 2890/1211/1207 2892/1162/1158
f 2894/1164/1160 2893/1163/1159 2896/1213/1209
f 2894/1164/1160 2896/1213/1209 2909/1214/1210
f 4143/1161/1157 4148/155/155 4086/76/76
f 2889/1212/1208 2888/1215/1211 2890/1211/1207
f 2890/1211/1207 2897/1216/1212 2895/1217/1213
f 2893/1163/1159 2890/1211/1207 2896/1213/1209
f 2890/1211/1207 2895/1217/1213 2896/1213/1209
f 1450/997/993 1449/1166/1162 1434/1042/1038
f 1434/1042/1038 1431/1218/1214 1433/857/853
f 1433/857/853 1431/1218/1214 1432/1219/1215
f 360/1045/1041 359/1220/1216 358/1046/1042
f 4156/1168/1164 4161/1221/1217 4162/1056/1052
f 358/1046/1042 359/1220/1216 357/1222/1218
f 358/1046/1042 357/1222/1218 353/1093/1089
f 1950/1047/1043 1952/1129/1125 1951/1223/1219
f 1950/1047/1043 1951/1223/1219 1935/1170/1166
f 1950/1047/1043 1935/1170/1166 1949/1048/1044
f 4162/1056/1052 4161/1221/1217 4163/1173/1169
f 4162/1056/1052 4163/1173/1169 4164/1008/1004
f 1942/1131/1127 1943/1224/1220 1957/1169/1165
f 1943/1224/1220 1999/1225/1221 1957/1169/1165
f 1935/1170/1166 1888/1226/1222 1928/1049/1045
f 1897/1227/1223 1942/1131/1127 1945/1095/1091
f 1928/1049/1045 1883/1228/1224 1927/1132/1128
f 3617/1172/1168 3618/1180/1176 3616/1059/1055
f 353/1093/1089 357/1222/1218 354/1229/1225
f 1927/1132/1128 1842/1230/1226 1920/1177/1173
f 353/1093/1089 354/1229/1225 355/1181/1177
f 1932/1057/1053 1944/1231/1227 2001/1058/1054
f 1998/1174/1170 1922/1232/1228 1960/1175/1171
f 1960/1175/1171 1921/1233/1229 1929/1178/1174
f 1929/1178/1174 1930/1234/1230 1931/1179/1175
f 1931/1179/1175 1955/1235/1231 2006/1137/1133
f 365/1138/1134 390/1236/1232 403/1101/1097
f 3640/877/873 3638/1183/1179 3641/1062/1058
f 3641/1062/1058 3639/1237/1233 3636/979/975
f 3636/979/975 3639/1237/1233 3615/1011/1007
f 3639/1237/1233 3637/1238/1234 3615/1011/1007
f 3615/1011/1007 3637/1238/1234 3608/1184/1180
f 3577/1065/1061 3578/1142/1138 3583/1143/1139
f 4428/1144/1140 4427/1239/1235 4393/1185/1181
f 4389/1102/1098 4392/1240/1236 4388/1015/1011
f 4388/1015/1011 4392/1240/1236 4394/1241/1237
f 3863/1067/1063 3852/1242/1238 3851/1243/1239
f 3850/1244/1240 3864/1186/1182 3863/1067/1063
f 4714/1068/1064 4710/1245/1241 4761/1246/1242
f 4761/1246/1242 4708/1247/1243 4779/1248/1244
f 3841/1249/1245 3836/1250/1246 3840/1251/1247
f 3836/1250/1246 3839/1252/1248 3840/1251/1247
f 3838/1253/1249 3842/1254/1250 3843/1255/1251
f 800/1256/1252 795/1152/1148 813/1257/1253
f 800/1256/1252 790/1153/1149 795/1152/1148
f 2211/1258/1254 2205/1259/1255 2198/1020/1016
f 791/1196/1192 790/1153/1149 800/1256/1252
f 683/1260/1256 702/1261/1257 681/1156/1152
f 681/1156/1152 702/1261/1257 697/1262/1258
f 681/1156/1152 697/1262/1258 686/1197/1193
f 812/1195/1191 805/1109/1105 792/1199/1195
f 686/1197/1193 659/1200/1196 682/1113/1109
f 2605/1263/1259 2416/1264/1260 2452/1265/1261
f 2452/1265/1261 2415/1266/1262 2443/1267/1263
f 566/1116/1112 565/1268/1264 573/1203/1199
f 2208/993/989 2223/1269/1265 2237/1114/1110
f 559/1080/1076 564/1270/1266 565/1268/1264
f 559/1080/1076 565/1268/1264 566/1116/1112
f 3785/1076/1072 3788/1271/1267 3787/948/944
f 552/1120/1116 550/1272/1268 551/1159/1155
f 4297/1273/1269 4280/1207/1203 4279/1274/1270
f 4280/1207/1203 4297/1273/1269 4302/1208/1204
f 1552/1118/1114 1546/1275/1271 1542/1121/1117
f 1546/1275/1271 1545/1209/1205 1542/1121/1117
f 1545/1209/1205 1538/1165/1161 1543/1122/1118
f 2889/1212/1208 2886/1276/1272 2888/1215/1211
f 2897/1216/1212 2903/1277/1273 2895/1217/1213
f 2895/1217/1213 2903/1277/1273 2904/1278/1274
f 2908/1279/1275 2896/1213/1209 2898/1280/1276
f 2888/1215/1211 2897/1216/1212 2890/1211/1207
f 2895/1217/1213 2898/1280/1276 2896/1213/1209
f 2895/1217/1213 2899/1281/1277 2898/1280/1276
f 1534/1123/1119 1528/1282/1278 1527/1124/1120
f 1527/1124/1120 1528/1282/1278 1526/1040/1036
f 1526/1040/1036 1528/1282/1278 1529/1283/1279
f 1961/1128/1124 2002/1284/1280 1952/1129/1125
f 1958/1127/1123 1957/1169/1165 1999/1225/1221
f 1958/1127/1123 1999/1225/1221 1961/1128/1124
f 1999/1225/1221 2002/1284/1280 1961/1128/1124
f 1951/1223/1219 1936/1285/1281 1935/1170/1166
f 1927/1132/1128 1883/1228/1224 1842/1230/1226
f 1921/1233/1229 1924/1286/1282 1929/1178/1174
f 1924/1286/1282 1930/1234/1230 1929/1178/1174
f 1914/1287/1283 1944/1231/1227 1932/1057/1053
f 1916/1288/1284 1914/1287/1283 1932/1057/1053
f 1920/1177/1173 1922/1232/1228 1962/1176/1172
f 1962/1176/1172 1922/1232/1228 1998/1174/1170
f 1890/1289/1285 1921/1233/1229 1922/1232/1228
f 1960/1175/1171 1922/1232/1228 1921/1233/1229
f 1930/1234/1230 1948/1290/1286 1955/1235/1231
f 1930/1234/1230 1955/1235/1231 1931/1179/1175
f 3611/934/930 3618/1180/1176 3638/1183/1179
f 355/1181/1177 366/1291/1287 365/1138/1134
f 1915/1292/1288 1914/1287/1283 1916/1288/1284
f 1955/1235/1231 2013/1293/1289 2006/1137/1133
f 2006/1137/1133 2013/1293/1289 1984/1182/1178
f 3578/1142/1138 3584/1294/1290 3583/1143/1139
f 3585/1139/1135 3581/1295/1291 3576/1140/1136
f 3581/1295/1291 3580/1296/1292 3576/1140/1136
f 3576/1140/1136 3580/1296/1292 3579/1141/1137
f 3579/1141/1137 3580/1296/1292 3578/1142/1138
f 3578/1142/1138 3580/1296/1292 3584/1294/1290
f 4392/1240/1236 4389/1102/1098 4393/1185/1181
f 4393/1185/1181 4427/1239/1235 4392/1240/1236
f 3658/1297/1293 3659/1298/1294 3651/1299/1295
f 3659/1298/1294 3656/1300/1296 3651/1299/1295
f 3651/1299/1295 3656/1300/1296 3653/1301/1297
f 3851/1243/1239 3850/1244/1240 3863/1067/1063
f 4709/1302/1298 4736/1303/1299 4767/1304/1300
f 4709/1302/1298 4767/1304/1300 4708/1247/1243
f 4767/1304/1300 4776/1305/1301 4708/1247/1243
f 4710/1245/1241 4708/1247/1243 4761/1246/1242
f 4736/1303/1299 4777/1306/1302 4767/1304/1300
f 4776/1305/1301 4780/1307/1303 4708/1247/1243
f 4780/1307/1303 4779/1248/1244 4708/1247/1243
f 3938/1308/1304 3944/1309/1305 3946/1310/1306
f 4736/1303/1299 4778/1311/1307 4777/1306/1302
f 3811/1312/1308 3817/1313/1309 3836/1250/1246
f 3836/1250/1246 3817/1313/1309 3839/1252/1248
f 3839/1252/1248 3817/1313/1309 3838/1253/1249
f 3838/1253/1249 3817/1313/1309 3819/1314/1310
f 3838/1253/1249 3819/1314/1310 3842/1254/1250
f 4376/1315/1311 4360/1187/1183 4354/1146/1142
f 3938/1308/1304 3927/1316/1312 3944/1309/1305
f 3938/1308/1304 3917/1317/1313 3927/1316/1312
f 3835/1318/1314 3797/1319/1315 3836/1250/1246
f 3837/1320/1316 3835/1318/1314 3836/1250/1246
f 3836/1250/1246 3797/1319/1315 3811/1312/1308
f 3811/1312/1308 3797/1319/1315 3794/1321/1317
f 3811/1312/1308 3794/1321/1317 3816/1322/1318
f 3811/1312/1308 3816/1322/1318 3817/1313/1309
f 3816/1322/1318 3818/1323/1319 3817/1313/1309
f 3817/1313/1309 3818/1323/1319 3819/1314/1310
f 3819/1314/1310 3818/1323/1319 3820/1324/1320
f 3797/1319/1315 3776/1149/1145 3794/1321/1317
f 3820/1324/1320 3818/1323/1319 3826/1325/1321
f 3927/1316/1312 3945/1326/1322 3944/1309/1305
f 3835/1318/1314 3834/1327/1323 3797/1319/1315
f 3927/1316/1312 3937/1328/1324 3945/1326/1322
f 3776/1149/1145 3797/1319/1315 3792/1329/1325
f 3776/1149/1145 3792/1329/1325 3783/1189/1185
f 3937/1328/1324 3948/1330/1326 3945/1326/1322
f 834/1331/1327 800/1256/1252 813/1257/1253
f 3937/1328/1324 3939/1332/1328 3948/1330/1326
f 2198/1020/1016 2200/1191/1187 2212/1333/1329
f 800/1256/1252 832/1334/1330 791/1196/1192
f 647/1335/1331 691/1336/1332 653/1337/1333
f 3939/1332/1328 3937/1328/1324 3909/1338/1334
f 3783/1189/1185 3792/1329/1325 3784/1158/1154
f 687/1339/1335 709/1340/1336 683/1260/1256
f 683/1260/1256 709/1340/1336 702/1261/1257
f 3833/1341/1337 3832/1342/1338 3834/1327/1323
f 687/1339/1335 579/1343/1339 709/1340/1336
f 708/1204/1200 575/1344/1340 579/1343/1339
f 708/1204/1200 579/1343/1339 687/1339/1335
f 2210/1345/1341 2213/1346/1342 2208/993/989
f 573/1203/1199 574/1347/1343 575/1344/1340
f 573/1203/1199 575/1344/1340 708/1204/1200
f 573/1203/1199 565/1268/1264 574/1347/1343
f 550/1272/1268 549/1348/1344 551/1159/1155
f 3788/1271/1267 3790/1205/1201 3787/948/944
f 4180/1349/1345 4176/1350/1346 4181/1351/1347
f 3802/1352/1348 3806/1353/1349 3790/1205/1201
f 1553/1354/1350 1546/1275/1271 1552/1118/1114
f 4181/1351/1347 4176/1350/1346 4182/1355/1351
f 4182/1355/1351 4176/1350/1346 4173/1160/1156
f 4173/1160/1156 4176/1350/1346 4083/77/77
f 4173/1160/1156 4083/77/77 4143/1161/1157
f 1545/1209/1205 1544/1356/1352 1538/1165/1161
f 4143/1161/1157 4083/77/77 4148/155/155
f 2728/1357/1353 2727/1358/1354 2733/1359/1355
f 2886/1276/1272 2887/1360/1356 2888/1215/1211
f 2895/1217/1213 2904/1278/1274 2899/1281/1277
f 2888/1215/1211 2901/1361/1357 2897/1216/1212
f 2888/1215/1211 2887/1360/1356 2901/1361/1357
f 2897/1216/1212 2901/1361/1357 2903/1277/1273
f 2904/1278/1274 2902/1362/1358 2899/1281/1277
f 1449/1166/1162 1437/1363/1359 1434/1042/1038
f 4136/79/79 4155/1364/1360 4156/1168/1164
f 360/1045/1041 371/1365/1361 359/1220/1216
f 4156/1168/1164 4155/1364/1360 4161/1221/1217
f 1897/1227/1223 1885/1366/1362 1942/1131/1127
f 1942/1131/1127 1885/1366/1362 1943/1224/1220
f 1952/1129/1125 2002/1284/1280 1951/1223/1219
f 1918/1367/1363 1936/1285/1281 1951/1223/1219
f 2002/1284/1280 1918/1367/1363 1951/1223/1219
f 1888/1226/1222 1883/1228/1224 1928/1049/1045
f 4161/1221/1217 4166/1368/1364 4163/1173/1169
f 3632/1171/1167 3649/1369/1365 3617/1172/1168
f 1943/1224/1220 1923/1370/1366 1999/1225/1221
f 1943/1224/1220 1889/1371/1367 1923/1370/1366
f 3649/1369/1365 3657/1372/1368 3617/1172/1168
f 3617/1172/1168 3657/1372/1368 3618/1180/1176
f 354/1229/1225 366/1291/1287 355/1181/1177
f 1920/1177/1173 1842/1230/1226 1869/1373/1369
f 1890/1289/1285 1855/1374/1370 1921/1233/1229
f 1855/1374/1370 1924/1286/1282 1921/1233/1229
f 3618/1180/1176 3657/1372/1368 3638/1183/1179
f 1920/1177/1173 1869/1373/1369 1922/1232/1228
f 1922/1232/1228 1869/1373/1369 1850/1375/1371
f 1850/1375/1371 1890/1289/1285 1922/1232/1228
f 1948/1290/1286 2013/1293/1289 1955/1235/1231
f 3648/1376/1372 3665/1377/1373 3654/1378/1374
f 3654/1378/1374 3650/1379/1375 3642/1380/1376
f 3650/1379/1375 3643/1381/1377 3642/1380/1376
f 3661/1382/1378 3643/1381/1377 3650/1379/1375
f 3654/1378/1374 3661/1382/1378 3650/1379/1375
f 3639/1237/1233 3645/1383/1379 3637/1238/1234
f 3645/1383/1379 3608/1184/1180 3637/1238/1234
f 3643/1381/1377 3646/1384/1380 3645/1383/1379
f 3645/1383/1379 3581/1295/1291 3608/1184/1180
f 3581/1295/1291 3585/1139/1135 3608/1184/1180
f 3661/1382/1378 3662/1385/1381 3643/1381/1377
f 4069/1386/1382 4046/1387/1383 4055/1388/1384
f 3662/1385/1381 3660/1389/1385 3643/1381/1377
f 3643/1381/1377 3660/1389/1385 3646/1384/1380
f 3645/1383/1379 3646/1384/1380 3581/1295/1291
f 3580/1296/1292 3581/1295/1291 3652/1390/1386
f 3652/1390/1386 3655/1391/1387 3580/1296/1292
f 3580/1296/1292 3655/1391/1387 3584/1294/1290
f 3646/1384/1380 3651/1299/1295 3581/1295/1291
f 3581/1295/1291 3651/1299/1295 3652/1390/1386
f 3652/1390/1386 3651/1299/1295 3653/1301/1297
f 3652/1390/1386 3653/1301/1297 3655/1391/1387
f 3655/1391/1387 3656/1300/1296 3584/1294/1290
f 3646/1384/1380 3658/1297/1293 3651/1299/1295
f 3655/1391/1387 3653/1301/1297 3656/1300/1296
f 3660/1389/1385 3663/1392/1388 3646/1384/1380
f 3646/1384/1380 3663/1392/1388 3658/1297/1293
f 3349/1393/1389 3340/1394/1390 3335/1395/1391
f 3663/1392/1388 3666/1396/1392 3658/1297/1293
f 3335/1395/1391 3325/1397/1393 3334/1398/1394
f 3658/1297/1293 3666/1396/1392 3659/1298/1294
f 3659/1298/1294 3666/1396/1392 3656/1300/1296
f 3666/1396/1392 3667/1399/1395 3656/1300/1296
f 3334/1398/1394 3325/1397/1393 3324/1400/1396
f 3667/1399/1395 3668/1401/1397 3656/1300/1296
f 4712/1402/1398 4773/1403/1399 4736/1303/1299
f 3927/1316/1312 3917/1317/1313 3908/1404/1400
f 3908/1404/1400 3909/1338/1334 3937/1328/1324
f 3927/1316/1312 3908/1404/1400 3937/1328/1324
f 3797/1319/1315 3834/1327/1323 3792/1329/1325
f 654/1405/1401 698/1406/1402 691/1336/1332
f 700/1407/1403 698/1406/1402 654/1405/1401
f 3834/1327/1323 3795/1408/1404 3792/1329/1325
f 3792/1329/1325 3795/1408/1404 3784/1158/1154
f 697/1262/1258 587/1409/1405 686/1197/1193
f 686/1197/1193 587/1409/1405 588/1410/1406
f 3834/1327/1323 3832/1342/1338 3795/1408/1404
f 588/1410/1406 701/1411/1407 659/1200/1196
f 652/1412/1408 592/1413/1409 649/1414/1410
f 649/1414/1410 592/1413/1409 700/1407/1403
f 3909/1338/1334 3914/1415/1411 3939/1332/1328
f 659/1200/1196 701/1411/1407 652/1412/1408
f 3795/1408/1404 3785/1076/1072 3784/1158/1154
f 3795/1408/1404 3788/1271/1267 3785/1076/1072
f 3833/1341/1337 3802/1352/1348 3832/1342/1338
f 3939/1332/1328 3935/1416/1412 4180/1349/1345
f 3832/1342/1338 3802/1352/1348 3798/1417/1413
f 3832/1342/1338 3798/1417/1413 3795/1408/1404
f 3795/1408/1404 3798/1417/1413 3788/1271/1267
f 3798/1417/1413 3790/1205/1201 3788/1271/1267
f 3802/1352/1348 3790/1205/1201 3798/1417/1413
f 1559/1081/1077 1553/1354/1350 1552/1118/1114
f 1546/1275/1271 1553/1354/1350 1551/1418/1414
f 1546/1275/1271 1551/1418/1414 1545/1209/1205
f 2734/1419/1415 2733/1359/1355 2727/1358/1354
f 2886/1276/1272 2891/1420/1416 2887/1360/1356
f 2903/1277/1273 2901/1361/1357 2902/1362/1358
f 2903/1277/1273 2902/1362/1358 2904/1278/1274
f 2887/1360/1356 2905/1421/1417 2901/1361/1357
f 2901/1361/1357 2905/1421/1417 2902/1362/1358
f 2902/1362/1358 2900/1422/1418 2899/1281/1277
f 2899/1281/1277 2900/1422/1418 2898/1280/1276
f 2898/1280/1276 2900/1422/1418 2906/1423/1419
f 1528/1282/1278 1530/1424/1420 1529/1283/1279
f 402/1044/1040 397/1425/1421 360/1045/1041
f 360/1045/1041 397/1425/1421 371/1365/1361
f 4101/112/112 4155/1364/1360 4136/79/79
f 359/1220/1216 367/1426/1422 357/1222/1218
f 1897/1227/1223 1894/1427/1423 1885/1366/1362
f 1885/1366/1362 1889/1371/1367 1943/1224/1220
f 2002/1284/1280 1923/1370/1366 1918/1367/1363
f 1935/1170/1166 1797/1428/1424 1888/1226/1222
f 1883/1228/1224 1841/1429/1425 1842/1230/1226
f 4161/1221/1217 4167/1430/1426 4166/1368/1364
f 3649/1369/1365 3647/1431/1427 3657/1372/1368
f 1924/1286/1282 1948/1290/1286 1930/1234/1230
f 3665/1377/1373 3648/1376/1372 3649/1369/1365
f 1869/1373/1369 1848/1432/1428 1850/1375/1371
f 1890/1289/1285 1850/1375/1371 1855/1374/1370
f 3649/1369/1365 3648/1376/1372 3647/1431/1427
f 3657/1372/1368 3647/1431/1427 3638/1183/1179
f 366/1291/1287 388/1433/1429 365/1138/1134
f 365/1138/1134 388/1433/1429 390/1236/1232
f 1948/1290/1286 2007/1434/1430 2013/1293/1289
f 2007/1434/1430 1892/1435/1431 2013/1293/1289
f 2013/1293/1289 1892/1435/1431 1984/1182/1178
f 1984/1182/1178 1892/1435/1431 1884/1436/1432
f 3648/1376/1372 3642/1380/1376 3647/1431/1427
f 3642/1380/1376 3644/1437/1433 3647/1431/1427
f 3647/1431/1427 3641/1062/1058 3638/1183/1179
f 4167/1430/1426 4060/1438/1434 4170/1439/1435
f 3647/1431/1427 3644/1437/1433 3641/1062/1058
f 3644/1437/1433 3639/1237/1233 3641/1062/1058
f 4060/1438/1434 4059/1440/1436 4170/1439/1435
f 4060/1438/1434 4034/1441/1437 4059/1440/1436
f 3644/1437/1433 3645/1383/1379 3639/1237/1233
f 3664/1442/1438 3661/1382/1378 3654/1378/1374
f 4034/1441/1437 4040/1443/1439 4059/1440/1436
f 4059/1440/1436 4046/1387/1383 4069/1386/1382
f 4059/1440/1436 4040/1443/1439 4046/1387/1383
f 3350/1444/1440 3340/1394/1390 3349/1393/1389
f 3340/1394/1390 3326/1445/1441 3335/1395/1391
f 3335/1395/1391 3326/1445/1441 3325/1397/1393
f 3852/1242/1238 3848/1446/1442 3851/1243/1239
f 2200/1191/1187 2244/1447/1443 2212/1333/1329
f 604/1448/1444 606/1449/1445 698/1406/1402
f 698/1406/1402 606/1449/1445 691/1336/1332
f 597/1450/1446 604/1448/1444 698/1406/1402
f 709/1340/1336 580/1451/1447 702/1261/1257
f 702/1261/1257 580/1451/1447 582/1452/1448
f 582/1452/1448 585/1453/1449 702/1261/1257
f 702/1261/1257 585/1453/1449 697/1262/1258
f 697/1262/1258 585/1453/1449 587/1409/1405
f 700/1407/1403 595/1454/1450 597/1450/1446
f 579/1343/1339 580/1451/1447 709/1340/1336
f 592/1413/1409 595/1454/1450 700/1407/1403
f 588/1410/1406 590/1455/1451 701/1411/1407
f 701/1411/1407 590/1455/1451 592/1413/1409
f 701/1411/1407 592/1413/1409 652/1412/1408
f 574/1347/1343 576/1456/1452 575/1344/1340
f 3914/1415/1411 3935/1416/1412 3939/1332/1328
f 549/1348/1344 548/1457/1453 564/1270/1266
f 1565/1115/1111 1560/1458/1454 1559/1081/1077
f 3935/1416/1412 4176/1350/1346 4180/1349/1345
f 3935/1416/1412 3916/1459/1455 4176/1350/1346
f 4176/1350/1346 3916/1459/1455 3930/1460/1456
f 1560/1458/1454 1553/1354/1350 1559/1081/1077
f 2172/1461/1457 2164/1462/1458 2174/1463/1459
f 2174/1463/1459 2168/1464/1460 2144/1465/1461
f 3930/1460/1456 4083/77/77 4176/1350/1346
f 2163/1466/1462 2164/1462/1458 2172/1461/1457
f 2174/1463/1459 2164/1462/1458 2168/1464/1460
f 2163/1466/1462 2153/1467/1463 2164/1462/1458
f 2143/1468/1464 2140/1469/1465 2144/1465/1461
f 2168/1464/1460 2143/1468/1464 2144/1465/1461
f 1545/1209/1205 1551/1418/1414 1550/1470/1466
f 2163/1466/1462 2157/1471/1467 2153/1467/1463
f 2143/1468/1464 2138/1472/1468 2140/1469/1465
f 1545/1209/1205 1550/1470/1466 1544/1356/1352
f 1538/1165/1161 1544/1356/1352 1534/1123/1119
f 2158/1473/1469 2152/1474/1470 2157/1471/1467
f 2157/1471/1467 2152/1474/1470 2153/1467/1463
f 4/1475/1471 5/1476/1471 6/1477/1471
f 2902/1362/1358 2905/1421/1417 2900/1422/1418
f 2153/1467/1463 2152/1474/1470 2148/1478/1472
f 2152/1474/1470 2147/1479/1473 2148/1478/1472
f 2148/1478/1472 2147/1479/1473 2139/1480/1474
f 1434/1042/1038 1437/1363/1359 1431/1218/1214
f 359/1220/1216 371/1365/1361 367/1426/1422
f 4155/1364/1360 4052/1481/1475 4063/1482/1476
f 4155/1364/1360 4063/1482/1476 4161/1221/1217
f 357/1222/1218 368/1483/1477 354/1229/1225
f 1918/1367/1363 1844/1484/1478 1936/1285/1281
f 1936/1285/1281 1797/1428/1424 1935/1170/1166
f 1888/1226/1222 1841/1429/1425 1883/1228/1224
f 4063/1482/1476 4167/1430/1426 4161/1221/1217
f 1889/1371/1367 1843/1485/1479 1923/1370/1366
f 1923/1370/1366 1843/1485/1479 1918/1367/1363
f 1841/1429/1425 1786/1486/1480 1842/1230/1226
f 1842/1230/1226 1786/1486/1480 1846/1487/1481
f 354/1229/1225 368/1483/1477 366/1291/1287
f 1842/1230/1226 1846/1487/1481 1869/1373/1369
f 1915/1292/1288 1901/1488/1482 1914/1287/1283
f 1869/1373/1369 1846/1487/1481 1848/1432/1428
f 1855/1374/1370 1934/1489/1483 1924/1286/1282
f 1924/1286/1282 1934/1489/1483 1948/1290/1286
f 4167/1430/1426 4063/1482/1476 4060/1438/1434
f 388/1433/1429 414/1490/1484 390/1236/1232
f 1934/1489/1483 2007/1434/1430 1948/1290/1286
f 2007/1434/1430 1886/1491/1485 1892/1435/1431
f 1886/1491/1485 1864/1492/1486 1892/1435/1431
f 1892/1435/1431 1864/1492/1486 1884/1436/1432
f 4046/1387/1383 4050/1493/1487 4055/1388/1384
f 4055/1388/1384 4064/1494/1488 4066/1495/1489
f 3340/1394/1390 3346/1496/1490 3339/1497/1491
f 3340/1394/1390 3339/1497/1491 3326/1445/1441
f 3326/1445/1441 3317/1498/1492 3316/1499/1493
f 3326/1445/1441 3316/1499/1493 3325/1397/1393
f 3851/1243/1239 3849/1500/1494 3850/1244/1240
f 3917/1317/1313 3907/1501/1495 3908/1404/1400
f 3908/1404/1400 3907/1501/1495 3900/1502/1496
f 3900/1502/1496 3899/1503/1497 3909/1338/1334
f 3908/1404/1400 3900/1502/1496 3909/1338/1334
f 2676/1504/1498 2689/1505/1499 2677/1506/1500
f 605/1507/1501 606/1449/1445 604/1448/1444
f 582/1452/1448 584/1508/1502 585/1453/1449
f 597/1450/1446 603/1509/1503 604/1448/1444
f 603/1509/1503 605/1507/1501 604/1448/1444
f 3909/1338/1334 3899/1503/1497 3914/1415/1411
f 579/1343/1339 578/1510/1504 580/1451/1447
f 591/1511/1505 593/1512/1506 592/1413/1409
f 592/1413/1409 593/1512/1506 595/1454/1450
f 575/1344/1340 578/1510/1504 579/1343/1339
f 590/1455/1451 591/1511/1505 592/1413/1409
f 2606/1513/1507 2411/1514/1508 2416/1264/1260
f 3914/1415/1411 3915/1515/1509 3935/1416/1412
f 564/1270/1266 567/1516/1510 565/1268/1264
f 550/1272/1268 547/1517/1511 549/1348/1344
f 3915/1515/1509 3916/1459/1455 3935/1416/1412
f 2177/1518/1512 2171/1519/1513 2189/1520/1514
f 2161/1521/1515 2171/1519/1513 2177/1518/1512
f 2181/1522/1516 2172/1461/1457 2178/1523/1517
f 2172/1461/1457 2174/1463/1459 2178/1523/1517
f 2178/1523/1517 2174/1463/1459 2175/1524/1518
f 3916/1459/1455 3921/1525/1519 3930/1460/1456
f 2180/1526/1520 2172/1461/1457 2181/1522/1516
f 2174/1463/1459 2144/1465/1461 2175/1524/1518
f 2161/1521/1515 2151/1527/1521 2171/1519/1513
f 2182/1528/1522 2170/1529/1523 2180/1526/1520
f 2180/1526/1520 2170/1529/1523 2163/1466/1462
f 2180/1526/1520 2163/1466/1462 2172/1461/1457
f 2171/1519/1513 2151/1527/1521 2162/1530/1524
f 2144/1465/1461 2140/1469/1465 2141/1531/1525
f 2151/1527/1521 2145/1532/1526 2162/1530/1524
f 3943/117/117 4083/77/77 3930/1460/1456
f 2182/1528/1522 2179/1533/1527 2170/1529/1523
f 2162/1530/1524 2145/1532/1526 2155/1534/1528
f 2170/1529/1523 2157/1471/1467 2163/1466/1462
f 2140/1469/1465 2136/1535/1529 2141/1531/1525
f 2141/1531/1525 2136/1535/1529 2142/1536/1530
f 2140/1469/1465 2138/1472/1468 2136/1535/1529
f 2179/1533/1527 2173/1537/1531 2170/1529/1523
f 2170/1529/1523 2158/1473/1469 2157/1471/1467
f 2138/1472/1468 2137/1538/1532 2136/1535/1529
f 2173/1537/1531 2158/1473/1469 2170/1529/1523
f 1544/1356/1352 1532/1539/1533 1534/1123/1119
f 2139/1480/1474 2128/1540/1534 2137/1538/1532
f 1534/1123/1119 1532/1539/1533 1528/1282/1278
f 1528/1282/1278 1532/1539/1533 1530/1424/1420
f 2173/1537/1531 2160/1541/1535 2158/1473/1469
f 2158/1473/1469 2160/1541/1535 2152/1474/1470
f 2139/1480/1474 2147/1479/1473 2129/1542/1536
f 2139/1480/1474 2129/1542/1536 2128/1540/1534
f 2128/1540/1534 2129/1542/1536 2122/1543/1537
f 2160/1541/1535 2154/1544/1538 2152/1474/1470
f 2147/1479/1473 2152/1474/1470 2146/1545/1539
f 2147/1479/1473 2146/1545/1539 2129/1542/1536
f 2129/1542/1536 2146/1545/1539 2132/1546/1540
f 2132/1546/1540 2126/1547/1541 2129/1542/1536
f 2154/1544/1538 2146/1545/1539 2152/1474/1470
f 4104/111/111 4155/1364/1360 4101/112/112
f 357/1222/1218 367/1426/1422 368/1483/1477
f 1894/1427/1423 1831/1548/1542 1885/1366/1362
f 1889/1371/1367 1885/1366/1362 1828/1549/1543
f 1844/1484/1478 1797/1428/1424 1936/1285/1281
f 1888/1226/1222 1797/1428/1424 1832/1550/1544
f 1888/1226/1222 1832/1550/1544 1841/1429/1425
f 1889/1371/1367 1828/1549/1543 1843/1485/1479
f 366/1291/1287 368/1483/1477 387/1551/1545
f 366/1291/1287 387/1551/1545 388/1433/1429
f 1849/1552/1546 1854/1553/1547 1850/1375/1371
f 1848/1432/1428 1849/1552/1546 1850/1375/1371
f 1850/1375/1371 1854/1553/1547 1855/1374/1370
f 1855/1374/1370 1865/1554/1548 1934/1489/1483
f 1934/1489/1483 1865/1554/1548 1886/1491/1485
f 1934/1489/1483 1886/1491/1485 2007/1434/1430
f 4048/1555/1549 4036/1556/1550 4063/1482/1476
f 1886/1491/1485 1859/1557/1551 1864/1492/1486
f 4063/1482/1476 4036/1556/1550 4060/1438/1434
f 1864/1492/1486 1863/1558/1552 1884/1436/1432
f 4036/1556/1550 4034/1441/1437 4060/1438/1434
f 4034/1441/1437 4032/1559/1553 4040/1443/1439
f 4040/1443/1439 4037/1560/1554 4046/1387/1383
f 4050/1493/1487 4064/1494/1488 4055/1388/1384
f 3339/1497/1491 3317/1498/1492 3326/1445/1441
f 3316/1499/1493 3318/1561/1555 3325/1397/1393
f 3325/1397/1393 3318/1561/1555 3324/1400/1396
f 4701/1562/1556 4734/1563/1557 4712/1402/1398
f 3934/1564/1558 3924/1565/1559 3932/1566/1560
f 3917/1317/1313 3924/1565/1559 3907/1501/1495
f 606/1449/1445 605/1507/1501 607/1567/1561
f 607/1567/1561 608/1568/1562 606/1449/1445
f 2676/1504/1498 2691/1569/1563 2689/1505/1499
f 603/1509/1503 609/1570/1564 605/1507/1501
f 581/1571/1565 582/1452/1448 580/1451/1447
f 585/1453/1449 584/1508/1502 586/1572/1566
f 585/1453/1449 586/1572/1566 587/1409/1405
f 597/1450/1446 598/1573/1567 603/1509/1503
f 578/1510/1504 581/1571/1565 580/1451/1447
f 587/1409/1405 586/1572/1566 588/1410/1406
f 588/1410/1406 586/1572/1566 589/1574/1568
f 588/1410/1406 589/1574/1568 590/1455/1451
f 593/1512/1506 598/1573/1567 597/1450/1446
f 595/1454/1450 593/1512/1506 597/1450/1446
f 575/1344/1340 577/1575/1569 578/1510/1504
f 590/1455/1451 589/1574/1568 591/1511/1505
f 576/1456/1452 577/1575/1569 575/1344/1340
f 3914/1415/1411 3899/1503/1497 3915/1515/1509
f 2224/1576/1570 2223/1269/1265 2214/1577/1571
f 2404/1578/1572 2415/1266/1262 2406/1579/1573
f 3915/1515/1509 3899/1503/1497 3902/1580/1574
f 2223/1269/1265 2225/1581/1575 2237/1114/1110
f 549/1348/1344 547/1517/1511 548/1457/1453
f 3902/1580/1574 3903/1582/1576 3916/1459/1455
f 3915/1515/1509 3902/1580/1574 3916/1459/1455
f 2188/1583/1577 2181/1522/1516 2186/1584/1578
f 2186/1584/1578 2181/1522/1516 2178/1523/1517
f 2186/1584/1578 2178/1523/1517 2185/1585/1579
f 2185/1585/1579 2178/1523/1517 2175/1524/1518
f 3916/1459/1455 3903/1582/1576 3921/1525/1519
f 2180/1526/1520 2181/1522/1516 2188/1583/1577
f 2165/1586/1580 2161/1521/1515 2177/1518/1512
f 2175/1524/1518 2144/1465/1461 2176/1587/1581
f 2176/1587/1581 2144/1465/1461 2165/1586/1580
f 2190/1588/1582 2182/1528/1522 2180/1526/1520
f 2144/1465/1461 2141/1531/1525 2165/1586/1580
f 2165/1586/1580 2141/1531/1525 2161/1521/1515
f 2141/1531/1525 2151/1527/1521 2161/1521/1515
f 2151/1527/1521 2141/1531/1525 2142/1536/1530
f 2151/1527/1521 2142/1536/1530 2145/1532/1526
f 1514/1589/1583 1498/1590/1584 1515/1591/1585
f 2142/1536/1530 2131/1592/1586 2145/1532/1526
f 2145/1532/1526 2131/1592/1586 2155/1534/1528
f 1498/1590/1584 1507/1593/1587 1515/1591/1585
f 2136/1535/1529 2131/1592/1586 2142/1536/1530
f 1551/1418/1414 1549/1594/1588 1550/1470/1466
f 1550/1470/1466 1549/1594/1588 1544/1356/1352
f 1515/1591/1585 1507/1593/1587 1522/1595/1589
f 2131/1592/1586 2136/1535/1529 2124/1596/1590
f 1544/1356/1352 1549/1594/1588 1532/1539/1533
f 2136/1535/1529 2137/1538/1532 2124/1596/1590
f 2137/1538/1532 2128/1540/1534 2124/1596/1590
f 1507/1593/1587 1512/1597/1591 1522/1595/1589
f 2173/1537/1531 2183/1598/1592 2166/1599/1593
f 2128/1540/1534 2122/1543/1537 2124/1596/1590
f 2173/1537/1531 2166/1599/1593 2160/1541/1535
f 2122/1543/1537 2129/1542/1536 2126/1547/1541
f 2160/1541/1535 2159/1600/1594 2154/1544/1538
f 1431/1218/1214 1428/1601/1595 1432/1219/1215
f 2160/1541/1535 2166/1599/1593 2159/1600/1594
f 1432/1219/1215 1428/1601/1595 1445/1602/1596
f 2154/1544/1538 2159/1600/1594 2146/1545/1539
f 2132/1546/1540 2135/1603/1597 2126/1547/1541
f 2159/1600/1594 2150/1604/1598 2146/1545/1539
f 2146/1545/1539 2135/1603/1597 2132/1546/1540
f 2146/1545/1539 2150/1604/1598 2135/1603/1597
f 1322/1605/1599 1317/1606/1600 1315/1607/1601
f 1317/1606/1600 1305/1608/1602 1315/1607/1601
f 4155/1364/1360 4049/114/114 4052/1481/1475
f 1885/1366/1362 1831/1548/1542 1749/1609/1603
f 1843/1485/1479 1740/1610/1604 1918/1367/1363
f 1918/1367/1363 1740/1610/1604 1844/1484/1478
f 4052/1481/1475 4048/1555/1549 4063/1482/1476
f 1944/1231/1227 1906/1611/1605 1894/1427/1423
f 1885/1366/1362 1749/1609/1603 1828/1549/1543
f 1828/1549/1543 1742/1612/1606 1843/1485/1479
f 1742/1612/1606 1740/1610/1604 1843/1485/1479
f 1786/1486/1480 1847/1613/1607 1846/1487/1481
f 1901/1488/1482 1906/1611/1605 1914/1287/1283
f 1846/1487/1481 1847/1613/1607 1848/1432/1428
f 1855/1374/1370 1854/1553/1547 1857/1614/1608
f 1855/1374/1370 1857/1614/1608 1865/1554/1548
f 1886/1491/1485 1865/1554/1548 1859/1557/1551
f 1859/1557/1551 1861/1615/1609 1864/1492/1486
f 2060/1616/1610 2026/1617/1611 2023/1618/1612
f 1864/1492/1486 1861/1615/1609 1863/1558/1552
f 4032/1559/1553 4037/1560/1554 4040/1443/1439
f 4046/1387/1383 4037/1560/1554 4050/1493/1487
f 3851/1243/1239 3848/1446/1442 3849/1500/1494
f 605/1507/1501 609/1570/1564 607/1567/1561
f 581/1571/1565 583/1619/1613 582/1452/1448
f 583/1619/1613 601/1620/1614 584/1508/1502
f 582/1452/1448 583/1619/1613 584/1508/1502
f 584/1508/1502 601/1620/1614 586/1572/1566
f 603/1509/1503 598/1573/1567 609/1570/1564
f 594/1621/1615 596/1622/1616 593/1512/1506
f 591/1511/1505 594/1621/1615 593/1512/1506
f 593/1512/1506 596/1622/1616 598/1573/1567
f 589/1574/1568 594/1621/1615 591/1511/1505
f 568/1623/1617 577/1575/1569 576/1456/1452
f 2175/1524/1518 2176/1587/1581 2187/1624/1618
f 2176/1587/1581 2165/1586/1580 2177/1518/1512
f 2345/1625/1619 2402/1626/1620 2389/1627/1621
f 2345/1625/1619 2389/1627/1621 2337/1628/1622
f 3943/117/117 3930/1460/1456 3921/1525/1519
f 1513/1629/1623 1504/1630/1624 1514/1589/1583
f 1514/1589/1583 1504/1630/1624 1498/1590/1584
f 2131/1592/1586 2133/1631/1625 2155/1534/1528
f 2155/1534/1528 2133/1631/1625 2156/1632/1626
f 2124/1596/1590 2125/1633/1627 2131/1592/1586
f 2131/1592/1586 2125/1633/1627 2133/1631/1625
f 1549/1594/1588 1547/1634/1628 1532/1539/1533
f 1507/1593/1587 1497/1635/1629 1512/1597/1591
f 2124/1596/1590 2123/1636/1630 2125/1633/1627
f 1532/1539/1533 1533/1637/1631 1530/1424/1420
f 2122/1543/1537 2119/1638/1632 2123/1636/1630
f 1437/1363/1359 1430/1639/1633 1431/1218/1214
f 1430/1639/1633 1428/1601/1595 1431/1218/1214
f 2183/1598/1592 2169/1640/1634 2166/1599/1593
f 2122/1543/1537 2121/1641/1635 2119/1638/1632
f 2122/1543/1537 2126/1547/1541 2121/1641/1635
f 2166/1599/1593 2169/1640/1634 2159/1600/1594
f 2126/1547/1541 2127/1642/1636 2121/1641/1635
f 1333/1643/1637 1324/1644/1638 1323/1645/1639
f 2126/1547/1541 2135/1603/1597 2127/1642/1636
f 4104/111/111 4049/114/114 4155/1364/1360
f 1324/1644/1638 1325/1646/1640 1317/1606/1600
f 1324/1644/1638 1317/1606/1600 1323/1645/1639
f 1305/1608/1602 1306/1647/1641 1315/1607/1601
f 1323/1645/1639 1317/1606/1600 1322/1605/1599
f 368/1483/1477 367/1426/1422 372/1648/1642
f 1841/1429/1425 1784/1649/1643 1786/1486/1480
f 1894/1427/1423 1895/1650/1644 1831/1548/1542
f 1740/1610/1604 1739/1651/1645 1844/1484/1478
f 1844/1484/1478 1739/1651/1645 1797/1428/1424
f 4052/1481/1475 4047/1652/1646 4048/1555/1549
f 1786/1486/1480 1791/1653/1647 1847/1613/1607
f 4047/1652/1646 4035/1654/1648 4048/1555/1549
f 1749/1609/1603 1743/1655/1649 1828/1549/1543
f 1828/1549/1543 1743/1655/1649 1742/1612/1606
f 4048/1555/1549 4035/1654/1648 4036/1556/1550
f 388/1433/1429 417/1656/1650 414/1490/1484
f 1847/1613/1607 1849/1552/1546 1848/1432/1428
f 1857/1614/1608 1859/1557/1551 1865/1554/1548
f 1861/1615/1609 1862/1657/1651 1863/1558/1552
f 4036/1556/1550 4031/1658/1652 4034/1441/1437
f 4034/1441/1437 4031/1658/1652 4032/1559/1553
f 3318/1561/1555 3322/1659/1653 3324/1400/1396
f 3849/1500/1494 3847/1660/1654 3850/1244/1240
f 3900/1502/1496 3896/1661/1655 3899/1503/1497
f 609/1570/1564 638/1662/1656 607/1567/1561
f 607/1567/1561 638/1662/1656 608/1568/1562
f 578/1510/1504 610/1663/1657 581/1571/1565
f 581/1571/1565 610/1663/1657 583/1619/1613
f 601/1620/1614 616/1664/1658 586/1572/1566
f 586/1572/1566 616/1664/1658 589/1574/1568
f 598/1573/1567 631/1665/1659 609/1570/1564
f 577/1575/1569 618/1666/1660 578/1510/1504
f 589/1574/1568 600/1667/1661 594/1621/1615
f 600/1667/1661 599/1668/1662 594/1621/1615
f 594/1621/1615 599/1668/1662 596/1622/1616
f 2224/1576/1570 2226/1669/1663 2225/1581/1575
f 2227/1670/1664 2238/1671/1665 2225/1581/1575
f 2187/1624/1618 2176/1587/1581 2177/1518/1512
f 3903/1582/1576 3919/1672/1666 3921/1525/1519
f 3921/1525/1519 3941/118/118 3943/117/117
f 1513/1629/1623 1508/1673/1667 1504/1630/1624
f 1498/1590/1584 1491/1674/1668 1507/1593/1587
f 1507/1593/1587 1491/1674/1668 1497/1635/1629
f 1532/1539/1533 1547/1634/1628 1533/1637/1631
f 2125/1633/1627 2123/1636/1630 2120/1675/1669
f 2123/1636/1630 2119/1638/1632 2120/1675/1669
f 1497/1635/1629 1506/1676/1670 1512/1597/1591
f 1512/1597/1591 1506/1676/1670 1516/1677/1671
f 2121/1641/1635 2115/1678/1672 2119/1638/1632
f 1333/1643/1637 1349/1679/1673 1332/1680/1674
f 371/1365/1361 373/1681/1675 367/1426/1422
f 1324/1644/1638 1332/1680/1674 1325/1646/1640
f 1306/1647/1641 1316/1682/1676 1315/1607/1601
f 1325/1646/1640 1326/1683/1677 1317/1606/1600
f 1326/1683/1677 1327/1684/1678 1317/1606/1600
f 1317/1606/1600 1327/1684/1678 1318/1685/1679
f 1318/1685/1679 1330/1686/1680 1305/1608/1602
f 1317/1606/1600 1318/1685/1679 1305/1608/1602
f 4052/1481/1475 4049/114/114 4047/1652/1646
f 1895/1650/1644 1830/1687/1681 1831/1548/1542
f 1830/1687/1681 1749/1609/1603 1831/1548/1542
f 1786/1486/1480 1784/1649/1643 1785/1688/1682
f 1786/1486/1480 1785/1688/1682 1791/1653/1647
f 394/1689/1683 387/1551/1545 368/1483/1477
f 1906/1611/1605 1896/1690/1684 1895/1650/1644
f 1742/1612/1606 1738/1691/1685 1740/1610/1604
f 1740/1610/1604 1738/1691/1685 1739/1651/1645
f 1739/1651/1645 1757/1692/1686 1797/1428/1424
f 1797/1428/1424 1756/1693/1687 1832/1550/1544
f 1832/1550/1544 1761/1694/1688 1841/1429/1425
f 1832/1550/1544 1756/1693/1687 1761/1694/1688
f 1791/1653/1647 1851/1695/1689 1847/1613/1607
f 1899/1696/1690 1896/1690/1684 1901/1488/1482
f 1901/1488/1482 1896/1690/1684 1906/1611/1605
f 1847/1613/1607 1851/1695/1689 1849/1552/1546
f 1857/1614/1608 1854/1553/1547 1856/1697/1691
f 1857/1614/1608 1856/1697/1691 1858/1698/1692
f 1857/1614/1608 1858/1698/1692 1859/1557/1551
f 4036/1556/1550 4035/1654/1648 4031/1658/1652
f 1858/1698/1692 1860/1699/1693 1859/1557/1551
f 1859/1557/1551 1860/1699/1693 1861/1615/1609
f 1861/1615/1609 1860/1699/1693 1862/1657/1651
f 3317/1498/1492 3313/1700/1694 3316/1499/1493
f 3324/1400/1396 3322/1659/1653 3342/1701/1695
f 3848/1446/1442 3844/1702/1696 3849/1500/1494
f 3924/1565/1559 3910/1703/1697 3907/1501/1495
f 3907/1501/1495 3898/1704/1698 3900/1502/1496
f 3900/1502/1496 3898/1704/1698 3896/1661/1655
f 610/1663/1657 619/1705/1699 583/1619/1613
f 583/1619/1613 623/1706/1700 601/1620/1614
f 601/1620/1614 623/1706/1700 616/1664/1658
f 578/1510/1504 618/1666/1660 617/1707/1701
f 578/1510/1504 617/1707/1701 610/1663/1657
f 589/1574/1568 616/1664/1658 602/1708/1702
f 589/1574/1568 602/1708/1702 600/1667/1661
f 596/1622/1616 599/1668/1662 598/1573/1567
f 599/1668/1662 631/1665/1659 598/1573/1567
f 625/1709/1703 618/1666/1660 577/1575/1569
f 3899/1503/1497 3896/1661/1655 3897/1710/1704
f 568/1623/1617 571/1711/1705 577/1575/1569
f 3899/1503/1497 3897/1710/1704 3902/1580/1574
f 546/1712/1706 571/1711/1705 568/1623/1617
f 567/1516/1510 546/1712/1706 568/1623/1617
f 3902/1580/1574 3897/1710/1704 3903/1582/1576
f 547/1517/1511 546/1712/1706 548/1457/1453
f 3903/1582/1576 3897/1710/1704 3919/1672/1666
f 1504/1630/1624 1508/1673/1667 1490/1713/1707
f 1504/1630/1624 1490/1713/1707 1498/1590/1584
f 2133/1631/1625 2149/1714/1708 2156/1632/1626
f 2156/1632/1626 2149/1714/1708 2167/1715/1709
f 1497/1635/1629 1491/1674/1668 1486/1716/1710
f 2125/1633/1627 2130/1717/1711 2133/1631/1625
f 2133/1631/1625 2130/1717/1711 2149/1714/1708
f 2125/1633/1627 2120/1675/1669 2130/1717/1711
f 2119/1638/1632 2113/1718/1712 2120/1675/1669
f 2119/1638/1632 2115/1678/1672 2113/1718/1712
f 371/1365/1361 397/1425/1421 373/1681/1675
f 1333/1643/1637 1332/1680/1674 1324/1644/1638
f 2121/1641/1635 2127/1642/1636 2114/1719/1713
f 2121/1641/1635 2114/1719/1713 2115/1678/1672
f 1325/1646/1640 1328/1720/1714 1326/1683/1677
f 1316/1682/1676 1306/1647/1641 1309/1721/1715
f 1309/1721/1715 1313/1722/1716 1316/1682/1676
f 367/1426/1422 373/1681/1675 372/1648/1642
f 4049/114/114 4038/1723/1717 4047/1652/1646
f 1329/1724/1718 1337/1725/1719 1326/1683/1677
f 1326/1683/1677 1337/1725/1719 1327/1684/1678
f 368/1483/1477 372/1648/1642 394/1689/1683
f 1749/1609/1603 1830/1687/1681 1750/1726/1720
f 1841/1429/1425 1761/1694/1688 1784/1649/1643
f 394/1689/1683 399/1727/1721 387/1551/1545
f 1749/1609/1603 1750/1726/1720 1745/1728/1722
f 1742/1612/1606 1741/1729/1723 1738/1691/1685
f 1757/1692/1686 1756/1693/1687 1797/1428/1424
f 1791/1653/1647 1794/1730/1724 1851/1695/1689
f 399/1727/1721 411/1731/1725 387/1551/1545
f 1749/1609/1603 1745/1728/1722 1743/1655/1649
f 1743/1655/1649 1741/1729/1723 1742/1612/1606
f 387/1551/1545 411/1731/1725 388/1433/1429
f 388/1433/1429 411/1731/1725 417/1656/1650
f 1849/1552/1546 1851/1695/1689 1852/1732/1726
f 1849/1552/1546 1852/1732/1726 1854/1553/1547
f 1854/1553/1547 1852/1732/1726 1856/1697/1691
f 1866/1733/1727 1870/1734/1728 1862/1657/1651
f 1860/1699/1693 1866/1733/1727 1862/1657/1651
f 4037/1560/1554 4045/1735/1729 4050/1493/1487
f 3320/1736/1730 3322/1659/1653 3318/1561/1555
f 3849/1500/1494 3844/1702/1696 3847/1660/1654
f 583/1619/1613 619/1705/1699 623/1706/1700
f 610/1663/1657 617/1707/1701 619/1705/1699
f 616/1664/1658 623/1706/1700 602/1708/1702
f 638/1662/1656 639/1737/1731 641/1738/1732
f 2695/1739/1733 2694/1740/1734 2692/1741/1735
f 600/1667/1661 602/1708/1702 599/1668/1662
f 609/1570/1564 631/1665/1659 638/1662/1656
f 3941/118/118 3921/1525/1519 3919/1672/1666
f 1498/1590/1584 1490/1713/1707 1482/1742/1736
f 1498/1590/1584 1482/1742/1736 1491/1674/1668
f 1491/1674/1668 1482/1742/1736 1481/1743/1737
f 1491/1674/1668 1481/1743/1737 1486/1716/1710
f 2130/1717/1711 2134/1744/1738 2149/1714/1708
f 1533/1637/1631 1547/1634/1628 1548/1745/1739
f 2120/1675/1669 2117/1746/1740 2130/1717/1711
f 2120/1675/1669 2113/1718/1712 2117/1746/1740
f 1430/1639/1633 1429/1747/1741 1428/1601/1595
f 1486/1716/1710 1493/1748/1742 1497/1635/1629
f 1497/1635/1629 1493/1748/1742 1506/1676/1670
f 1428/1601/1595 1427/1749/1743 1445/1602/1596
f 2114/1719/1713 2110/1750/1744 2115/1678/1672
f 2854/1751/1745 2851/1752/1746 2849/1753/1747
f 2854/1751/1745 2849/1753/1747 2853/1754/1748
f 1332/1680/1674 1331/1755/1749 1325/1646/1640
f 1325/1646/1640 1331/1755/1749 1328/1720/1714
f 1316/1682/1676 1313/1722/1716 1321/1756/1750
f 4049/114/114 4058/121/121 4038/1723/1717
f 1326/1683/1677 1328/1720/1714 1329/1724/1718
f 1330/1686/1680 1302/1757/1751 1305/1608/1602
f 1306/1647/1641 1307/1758/1752 1309/1721/1715
f 1309/1721/1715 1310/1759/1753 1313/1722/1716
f 1791/1653/1647 1785/1688/1682 1794/1730/1724
f 1896/1690/1684 1830/1687/1681 1895/1650/1644
f 1741/1729/1723 1736/1760/1754 1738/1691/1685
f 1738/1691/1685 1737/1761/1755 1739/1651/1645
f 1739/1651/1645 1737/1761/1755 1757/1692/1686
f 1745/1728/1722 1744/1762/1756 1743/1655/1649
f 1743/1655/1649 1744/1762/1756 1741/1729/1723
f 1856/1697/1691 1867/1763/1757 1858/1698/1692
f 1858/1698/1692 1867/1763/1757 1860/1699/1693
f 1860/1699/1693 1867/1763/1757 1866/1733/1727
f 4035/1654/1648 4028/1764/1758 4031/1658/1652
f 4032/1559/1553 4033/1765/1759 4037/1560/1554
f 3316/1499/1493 3315/1766/1760 3318/1561/1555
f 3322/1659/1653 3343/1767/1761 3342/1701/1695
f 4553/1768/1762 4550/1769/1763 4552/1770/1764
f 3847/1660/1654 3846/1771/1765 3850/1244/1240
f 3910/1703/1697 3906/1772/1766 3907/1501/1495
f 3907/1501/1495 3906/1772/1766 3898/1704/1698
f 602/1708/1702 632/1773/1767 599/1668/1662
f 599/1668/1662 632/1773/1767 637/1774/1768
f 599/1668/1662 637/1774/1768 631/1665/1659
f 631/1665/1659 626/1775/1769 638/1662/1656
f 626/1775/1769 633/1776/1770 638/1662/1656
f 638/1662/1656 633/1776/1770 639/1737/1731
f 625/1709/1703 621/1777/1771 618/1666/1660
f 571/1711/1705 572/1778/1772 625/1709/1703
f 1508/1673/1667 1511/1779/1773 1503/1780/1774
f 1508/1673/1667 1503/1780/1774 1490/1713/1707
f 2149/1714/1708 2134/1744/1738 2167/1715/1709
f 2130/1717/1711 2117/1746/1740 2134/1744/1738
f 2113/1718/1712 2115/1678/1672 2110/1750/1744
f 397/1425/1421 442/1781/1775 413/1782/1776
f 397/1425/1421 413/1782/1776 373/1681/1675
f 413/1782/1776 398/1783/1777 373/1681/1675
f 2116/1784/1778 2109/1785/1779 2114/1719/1713
f 373/1681/1675 398/1783/1777 372/1648/1642
f 51/1786/1780 18/1787/1781 82/1788/1782
f 1337/1725/1719 1303/1789/1783 1327/1684/1678
f 1330/1686/1680 1303/1789/1783 1302/1757/1751
f 398/1783/1777 412/1790/1784 394/1689/1683
f 372/1648/1642 398/1783/1777 394/1689/1683
f 1327/1684/1678 1303/1789/1783 1318/1685/1679
f 1302/1757/1751 1304/1791/1785 1305/1608/1602
f 1305/1608/1602 1304/1791/1785 1306/1647/1641
f 1306/1647/1641 1304/1791/1785 1307/1758/1752
f 1309/1721/1715 1307/1758/1752 1310/1759/1753
f 1794/1730/1724 1785/1688/1682 1793/1792/1786
f 394/1689/1683 416/1793/1787 399/1727/1721
f 416/1793/1787 411/1731/1725 399/1727/1721
f 1741/1729/1723 1744/1762/1756 1736/1760/1754
f 1738/1691/1685 1736/1760/1754 1737/1761/1755
f 1737/1761/1755 1754/1794/1788 1757/1692/1686
f 1756/1693/1687 1759/1795/1789 1761/1694/1688
f 118/1796/1790 116/1797/1791 140/1798/1792
f 4047/1652/1646 4038/1723/1717 4035/1654/1648
f 1900/1799/1793 1898/1800/1794 1899/1696/1690
f 1899/1696/1690 1898/1800/1794 1896/1690/1684
f 1757/1692/1686 1754/1794/1788 1756/1693/1687
f 1853/1801/1795 1877/1802/1796 1851/1695/1689
f 1851/1695/1689 1877/1802/1796 1852/1732/1726
f 1852/1732/1726 1875/1803/1797 1856/1697/1691
f 1856/1697/1691 1875/1803/1797 1867/1763/1757
f 1867/1763/1757 1891/1804/1798 1866/1733/1727
f 1891/1804/1798 1919/1805/1799 1870/1734/1728
f 1866/1733/1727 1891/1804/1798 1870/1734/1728
f 4045/1735/1729 4053/1806/1800 4050/1493/1487
f 4050/1493/1487 4053/1806/1800 4064/1494/1488
f 3848/1446/1442 3845/1807/1801 3844/1702/1696
f 617/1707/1701 468/1808/1802 619/1705/1699
f 468/1808/1802 624/1809/1803 623/1706/1700
f 619/1705/1699 468/1808/1802 623/1706/1700
f 618/1666/1660 621/1777/1771 617/1707/1701
f 621/1777/1771 470/1810/1804 617/1707/1701
f 623/1706/1700 624/1809/1803 602/1708/1702
f 624/1809/1803 632/1773/1767 602/1708/1702
f 625/1709/1703 572/1778/1772 621/1777/1771
f 637/1774/1768 626/1775/1769 631/1665/1659
f 637/1774/1768 497/1811/1805 626/1775/1769
f 3897/1710/1704 3892/1812/1806 3901/1813/1807
f 533/1814/1808 515/1815/1809 571/1711/1705
f 2312/1816/1810 2251/1817/1811 2228/1818/1812
f 546/1712/1706 533/1814/1808 571/1711/1705
f 547/1517/1511 534/1819/1813 546/1712/1706
f 1563/1820/1814 1562/1821/1815 1547/1634/1628
f 1562/1821/1815 1555/1822/1816 1547/1634/1628
f 1547/1634/1628 1555/1822/1816 1554/1823/1817
f 1547/1634/1628 1554/1823/1817 1548/1745/1739
f 2117/1746/1740 2118/1824/1818 2134/1744/1738
f 1429/1747/1741 1425/1825/1819 1428/1601/1595
f 2117/1746/1740 2108/1826/1820 2118/1824/1818
f 1428/1601/1595 1425/1825/1819 1427/1749/1743
f 2850/1827/1821 2846/1828/1822 2851/1752/1746
f 2846/1828/1822 2849/1753/1747 2851/1752/1746
f 1913/1829/1823 1911/1830/1824 1912/1831/1825
f 2853/1754/1748 2849/1753/1747 2848/1832/1826
f 2853/1754/1748 2848/1832/1826 2857/1833/1827
f 1872/1834/1828 1871/1835/1829 1830/1687/1681
f 1794/1730/1724 1793/1792/1786 1796/1836/1830
f 117/1837/1831 118/1796/1790 132/1838/1832
f 1302/1757/1751 1303/1789/1783 1304/1791/1785
f 1310/1759/1753 1314/1839/1833 1313/1722/1716
f 412/1790/1784 416/1793/1787 394/1689/1683
f 1784/1649/1643 1764/1840/1834 1785/1688/1682
f 4038/1723/1717 4028/1764/1758 4035/1654/1648
f 1755/1841/1835 1759/1795/1789 1756/1693/1687
f 1877/1802/1796 1875/1803/1797 1852/1732/1726
f 4031/1658/1652 4029/1842/1836 4032/1559/1553
f 3315/1766/1760 3319/1843/1837 3318/1561/1555
f 4550/1769/1763 4551/1844/1838 4552/1770/1764
f 3848/1446/1442 3856/1845/1839 3845/1807/1801
f 3844/1702/1696 3846/1771/1765 3847/1660/1654
f 2275/1846/1840 2273/1847/1841 2303/1848/1842
f 617/1707/1701 470/1810/1804 468/1808/1802
f 3896/1661/1655 3892/1812/1806 3897/1710/1704
f 621/1777/1771 526/1849/1843 470/1810/1804
f 624/1809/1803 563/1850/1844 632/1773/1767
f 2303/1848/1842 2273/1847/1841 2272/1851/1845
f 572/1778/1772 527/1852/1846 621/1777/1771
f 527/1852/1846 526/1849/1843 621/1777/1771
f 563/1850/1844 473/1853/1847 632/1773/1767
f 633/1776/1770 569/1854/1848 639/1737/1731
f 632/1773/1767 475/1855/1849 637/1774/1768
f 497/1811/1805 496/1856/1850 626/1775/1769
f 626/1775/1769 496/1856/1850 569/1854/1848
f 626/1775/1769 569/1854/1848 633/1776/1770
f 571/1711/1705 515/1815/1809 572/1778/1772
f 475/1855/1849 640/1857/1851 555/1858/1852
f 475/1855/1849 555/1858/1852 637/1774/1768
f 637/1774/1768 555/1858/1852 497/1811/1805
f 3901/1813/1807 3918/1859/1853 3897/1710/1704
f 3897/1710/1704 3918/1859/1853 3919/1672/1666
f 1511/1779/1773 1505/1860/1854 1503/1780/1774
f 1479/1861/1855 1481/1743/1737 1482/1742/1736
f 1481/1743/1737 1485/1862/1856 1486/1716/1710
f 1425/1825/1819 1426/1863/1857 1427/1749/1743
f 1911/1830/1824 1910/1864/1858 1908/1865/1859
f 2849/1753/1747 2845/1866/1860 2848/1832/1826
f 1871/1835/1829 1820/1867/1861 1830/1687/1681
f 1796/1836/1830 1793/1792/1786 1810/1868/1862
f 121/1869/1863 140/1798/1792 120/1870/1864
f 1328/1720/1714 1339/1871/1865 1329/1724/1718
f 1339/1871/1865 1338/1872/1866 1337/1725/1719
f 1337/1725/1719 1338/1872/1866 1303/1789/1783
f 1313/1722/1716 1314/1839/1833 1344/1873/1867
f 1314/1839/1833 1343/1874/1868 1344/1873/1867
f 1908/1865/1859 1907/1875/1869 1905/1876/1870
f 1898/1800/1794 1872/1834/1828 1896/1690/1684
f 1830/1687/1681 1820/1867/1861 1750/1726/1720
f 1784/1649/1643 1762/1877/1871 1764/1840/1834
f 1785/1688/1682 1764/1840/1834 1793/1792/1786
f 120/1870/1864 153/1878/1872 113/1879/1873
f 1303/1789/1783 1341/1880/1874 1304/1791/1785
f 1310/1759/1753 1320/1881/1875 1314/1839/1833
f 1905/1876/1870 1902/1882/1876 1900/1799/1793
f 1902/1882/1876 1898/1800/1794 1900/1799/1793
f 1750/1726/1720 1732/1883/1877 1745/1728/1722
f 1732/1883/1877 1726/1884/1878 1745/1728/1722
f 1745/1728/1722 1726/1884/1878 1744/1762/1756
f 1744/1762/1756 1727/1885/1879 1729/1886/1880
f 1744/1762/1756 1729/1886/1880 1736/1760/1754
f 1759/1795/1789 1762/1877/1871 1761/1694/1688
f 1304/1791/1785 1341/1880/1874 1342/1887/1881
f 2828/1888/1882 2827/1889/1883 2821/1890/1884
f 1/1891/1885 2/1892/1885 3/1893/1885
f 1304/1791/1785 1308/1894/1886 1307/1758/1752
f 1307/1758/1752 1311/1895/1887 1310/1759/1753
f 1307/1758/1752 1308/1894/1886 1311/1895/1887
f 1311/1895/1887 1308/1894/1886 1312/1896/1888
f 1341/1880/1874 1345/1897/1889 1342/1887/1881
f 1341/1880/1874 1340/1898/1890 1345/1897/1889
f 2827/1889/1883 2825/1899/1891 2822/1900/1892
f 2827/1889/1883 2822/1900/1892 2821/1890/1884
f 4029/1842/1836 4033/1765/1759 4032/1559/1553
f 4033/1765/1759 4045/1735/1729 4037/1560/1554
f 3327/1901/1893 3313/1700/1694 3317/1498/1492
f 3313/1700/1694 3315/1766/1760 3316/1499/1493
f 3315/1766/1760 3332/1902/1894 3319/1843/1837
f 3319/1843/1837 3320/1736/1730 3318/1561/1555
f 2304/1903/1895 2290/1904/1896 2316/1905/1897
f 468/1808/1802 469/1906/1898 624/1809/1803
f 469/1906/1898 563/1850/1844 624/1809/1803
f 497/1811/1805 495/1907/1899 496/1856/1850
f 496/1856/1850 478/1908/1900 569/1854/1848
f 478/1908/1900 479/1909/1901 569/1854/1848
f 515/1815/1809 527/1852/1846 572/1778/1772
f 473/1853/1847 475/1855/1849 632/1773/1767
f 473/1853/1847 474/1910/1902 475/1855/1849
f 475/1855/1849 474/1910/1902 640/1857/1851
f 534/1819/1813 533/1814/1808 546/1712/1706
f 2334/1911/1903 2340/1912/1904 2347/1913/1905
f 2347/1913/1905 2340/1912/1904 2359/1914/1906
f 1505/1860/1854 1488/1915/1907 1503/1780/1774
f 1503/1780/1774 1488/1915/1907 1490/1713/1707
f 1490/1713/1707 1488/1915/1907 1482/1742/1736
f 1482/1742/1736 1488/1915/1907 1479/1861/1855
f 1479/1861/1855 1480/1916/1908 1481/1743/1737
f 1481/1743/1737 1480/1916/1908 1485/1862/1856
f 1485/1862/1856 1492/1917/1909 1486/1716/1710
f 2134/1744/1738 2118/1824/1818 2184/1918/1910
f 1425/1825/1819 1391/1919/1911 1424/1920/1912
f 1486/1716/1710 1492/1917/1909 1493/1748/1742
f 2118/1824/1818 2111/1921/1913 2184/1918/1910
f 2108/1826/1820 2111/1921/1913 2118/1824/1818
f 2850/1827/1821 2847/1922/1914 2846/1828/1822
f 1911/1830/1824 1933/1923/1915 1917/1924/1916
f 2943/1925/1917 2944/1926/1917 2945/1927/1917
f 2846/1828/1822 2845/1866/1860 2849/1753/1747
f 132/1838/1832 138/163/163 108/159/159
f 2940/1928/1918 2941/1929/1918 2942/1930/1918
f 88/1931/1919 121/1869/1863 94/1932/1920
f 2848/1832/1826 2856/1933/1921 2857/1833/1827
f 1907/1875/1869 1902/1882/1876 1905/1876/1870
f 4058/121/121 4056/124/124 4038/1723/1717
f 2857/1833/1827 2856/1933/1921 2860/1934/1922
f 1898/1800/1794 1903/1935/1923 1872/1834/1828
f 1750/1726/1720 1820/1867/1861 1732/1883/1877
f 1303/1789/1783 1338/1872/1866 1341/1880/1874
f 1726/1884/1878 1727/1885/1879 1744/1762/1756
f 1736/1760/1754 1731/1936/1924 1737/1761/1755
f 4038/1723/1717 4039/1937/1925 4028/1764/1758
f 1338/1872/1866 1339/1871/1865 1340/1898/1890
f 1338/1872/1866 1340/1898/1890 1341/1880/1874
f 1314/1839/1833 1320/1881/1875 1336/1938/1926
f 1754/1794/1788 1755/1841/1835 1756/1693/1687
f 1308/1894/1886 1335/1939/1927 1334/1940/1928
f 1308/1894/1886 1334/1940/1928 1312/1896/1888
f 1311/1895/1887 1319/1941/1929 1310/1759/1753
f 1311/1895/1887 1312/1896/1888 1319/1941/1929
f 2821/1890/1884 2822/1900/1892 2823/1942/1930
f 1340/1898/1890 1346/1943/1931 1345/1897/1889
f 2822/1900/1892 2824/1944/1932 2823/1942/1930
f 1346/1943/1931 1347/1945/1933 1345/1897/1889
f 2822/1900/1892 2825/1899/1891 2824/1944/1932
f 1345/1897/1889 1347/1945/1933 1348/1946/1934
f 4028/1764/1758 4029/1842/1836 4031/1658/1652
f 3844/1702/1696 3845/1807/1801 3846/1771/1765
f 4725/1947/1935 4677/1948/1936 4724/1949/1937
f 4724/1949/1937 4677/1948/1936 4680/1950/1938
f 3924/1565/1559 3922/1951/1939 3910/1703/1697
f 526/1849/1843 471/1952/1940 470/1810/1804
f 470/1810/1804 471/1952/1940 464/1953/1941
f 470/1810/1804 464/1953/1941 468/1808/1802
f 468/1808/1802 464/1953/1941 461/1954/1942
f 468/1808/1802 461/1954/1942 469/1906/1898
f 527/1852/1846 494/1955/1943 526/1849/1843
f 526/1849/1843 494/1955/1943 471/1952/1940
f 469/1906/1898 461/1954/1942 472/1956/1944
f 469/1906/1898 472/1956/1944 563/1850/1844
f 493/1957/1945 457/1958/1946 495/1907/1899
f 495/1907/1899 457/1958/1946 456/1959/1947
f 472/1956/1944 473/1853/1847 563/1850/1844
f 472/1956/1944 450/1960/1948 473/1853/1847
f 474/1910/1902 452/1961/1949 493/1957/1945
f 479/1909/1901 562/1962/1950 569/1854/1848
f 473/1853/1847 450/1960/1948 474/1910/1902
f 1555/1822/1816 1561/1963/1951 1554/1823/1817
f 1564/1964/1952 1561/1963/1951 1555/1822/1816
f 1562/1821/1815 1564/1964/1952 1555/1822/1816
f 3093/1965/1953 3116/1966/1954 3121/1967/1955
f 1903/1935/1923 1904/1968/1956 1872/1834/1828
f 1810/1868/1862 1808/1969/1957 1868/1970/1958
f 1868/1970/1958 1808/1969/1957 1807/1971/1959
f 1902/1882/1876 1939/1972/1960 1903/1935/1923
f 1764/1840/1834 1783/1973/1961 1793/1792/1786
f 1793/1792/1786 1783/1973/1961 1810/1868/1862
f 4056/124/124 4039/1937/1925 4038/1723/1717
f 1736/1760/1754 1729/1886/1880 1731/1936/1924
f 2860/1934/1922 2862/1974/1962 2863/1975/1963
f 1335/1939/1927 1350/1976/1964 1334/1940/1928
f 2863/1975/1963 2862/1974/1962 2864/1977/1965
f 2916/1978/1966 2915/1979/1967 2912/1980/1968
f 3313/1700/1694 3314/1981/1969 3315/1766/1760
f 3333/1982/1970 3331/1983/1971 3332/1902/1894
f 3315/1766/1760 3333/1982/1970 3332/1902/1894
f 3898/1704/1698 3895/1984/1972 3896/1661/1655
f 452/1961/1949 453/1985/1973 493/1957/1945
f 493/1957/1945 453/1985/1973 457/1958/1946
f 457/1958/1946 453/1985/1973 456/1959/1947
f 456/1959/1947 453/1985/1973 455/1986/1974
f 479/1909/1901 477/1987/1975 562/1962/1950
f 533/1814/1808 532/1988/1976 515/1815/1809
f 534/1819/1813 535/1989/1977 532/1988/1976
f 534/1819/1813 532/1988/1976 533/1814/1808
f 3901/1813/1807 3920/1990/1978 3918/1859/1853
f 1505/1860/1854 1501/1991/1979 1488/1915/1907
f 1488/1915/1907 1484/1992/1980 1479/1861/1855
f 1561/1963/1951 1566/1993/1981 1554/1823/1817
f 1425/1825/1819 1469/1994/1982 1380/1995/1983
f 1425/1825/1819 1380/1995/1983 1391/1919/1911
f 1485/1862/1856 1487/1996/1984 1492/1917/1909
f 2847/1922/1914 2844/1997/1985 2846/1828/1822
f 1917/1924/1916 1941/1998/1986 1954/1999/1987
f 1954/1999/1987 1938/2000/1988 1910/1864/1858
f 2845/1866/1860 2841/2001/1989 2848/1832/1826
f 1910/1864/1858 1937/2002/1990 1909/2003/1991
f 1783/1973/1961 1789/2004/1992 1810/1868/1862
f 1810/1868/1862 1789/2004/1992 1808/1969/1957
f 1808/1969/1957 1795/2005/1993 1807/1971/1959
f 1807/1971/1959 1795/2005/1993 1792/2006/1994
f 1807/1971/1959 1792/2006/1994 1813/2007/1995
f 2856/1933/1921 2861/2008/1996 2860/1934/1922
f 1907/1875/1869 1937/2002/1990 1939/1972/1960
f 1907/1875/1869 1939/1972/1960 1902/1882/1876
f 1903/1935/1923 1940/2009/1997 1904/1968/1956
f 1820/1867/1861 1733/2010/1998 1732/1883/1877
f 3066/2011/1999 3065/2012/2000 3067/2013/2001
f 1939/1972/1960 1707/2014/2002 1940/2009/1997
f 1939/1972/1960 1940/2009/1997 1903/1935/1923
f 1737/1761/1755 1748/2015/2003 1754/1794/1788
f 1759/1795/1789 1760/2016/2004 1762/1877/1871
f 2860/1934/1922 2861/2008/1996 2862/1974/1962
f 1320/1881/1875 1353/2017/2005 1352/2018/2006
f 1320/1881/1875 1352/2018/2006 1336/1938/1926
f 1754/1794/1788 1753/2019/2007 1755/1841/1835
f 3098/2020/2008 3096/2021/2009 3099/2022/2010
f 1312/1896/1888 1351/2023/2011 1319/1941/1929
f 2862/1974/1962 2865/2024/2012 2864/1977/1965
f 2864/1977/1965 2865/2024/2012 2866/2025/2013
f 2866/2025/2013 2865/2024/2012 2868/2026/2014
f 3322/1659/1653 3344/2027/2015 3343/1767/1761
f 4725/1947/1935 4726/2028/2016 4677/1948/1936
f 4700/2029/2017 4735/2030/2018 4734/1563/1557
f 2355/2031/2019 2522/2032/2020 2356/2033/2021
f 2599/2034/2022 2597/2035/2023 2537/2036/2024
f 2536/2037/2025 2534/2038/2026 2599/2034/2022
f 471/1952/1940 463/2039/2027 464/1953/1941
f 2275/1846/1840 2264/2040/2028 2273/1847/1841
f 494/1955/1943 480/2041/2029 471/1952/1940
f 464/1953/1941 463/2039/2027 461/1954/1942
f 2586/2042/2030 2588/2043/2031 2587/2044/2032
f 3896/1661/1655 3890/2045/2033 3892/1812/1806
f 2532/2046/2034 2534/2038/2026 2536/2037/2025
f 461/1954/1942 450/1960/1948 472/1956/1944
f 452/1961/1949 451/2047/2035 453/1985/1973
f 451/2047/2035 454/2048/2036 453/1985/1973
f 453/1985/1973 454/2048/2036 455/1986/1974
f 2261/2049/2037 2272/1851/1845 2273/1847/1841
f 527/1852/1846 515/1815/1809 494/1955/1943
f 450/1960/1948 451/2047/2035 452/1961/1949
f 456/1959/1947 466/2050/2038 478/1908/1900
f 478/1908/1900 466/2050/2038 477/1987/1975
f 478/1908/1900 477/1987/1975 479/1909/1901
f 2711/2051/2039 2710/2052/2040 2712/2053/2041
f 1501/1991/1979 1489/2054/2042 1488/1915/1907
f 1488/1915/1907 1489/2054/2042 1484/1992/1980
f 1484/1992/1980 1483/2055/2043 1479/1861/1855
f 1479/1861/1855 1483/2055/2043 1480/1916/1908
f 1480/1916/1908 1483/2055/2043 1485/1862/1856
f 1483/2055/2043 1487/1996/1984 1485/1862/1856
f 3119/2056/2044 3091/2057/2045 3113/2058/2046
f 3119/2056/2044 3113/2058/2046 3088/2059/2047
f 1487/1996/1984 1494/2060/2048 1492/1917/1909
f 3116/1966/1954 3091/2057/2045 3119/2056/2044
f 1379/2061/2049 1424/1920/1912 1391/1919/1911
f 1391/1919/1911 1380/1995/1983 1379/2061/2049
f 1933/1923/1915 2000/2062/2050 1941/1998/1986
f 1933/1923/1915 1941/1998/1986 1917/1924/1916
f 2846/1828/1822 2844/1997/1985 2839/2063/2051
f 2846/1828/1822 2839/2063/2051 2845/1866/1860
f 2839/2063/2051 2841/2001/1989 2845/1866/1860
f 1941/1998/1986 1938/2000/1988 1954/1999/1987
f 1938/2000/1988 1937/2002/1990 1910/1864/1858
f 2841/2001/1989 2855/2064/2052 2848/1832/1826
f 1872/1834/1828 1821/2065/2053 1871/1835/1829
f 1808/1969/1957 1789/2004/1992 1788/2066/2054
f 1788/2066/2054 1795/2005/1993 1808/1969/1957
f 1795/2005/1993 1787/2067/2055 1792/2006/1994
f 4056/124/124 4057/123/123 4039/1937/1925
f 2848/1832/1826 2855/2064/2052 2856/1933/1921
f 2856/1933/1921 2855/2064/2052 2861/2008/1996
f 2861/2008/1996 2858/2068/2056 2871/2069/2057
f 1909/2003/1991 1937/2002/1990 1907/1875/1869
f 1823/2070/2058 1872/1834/1828 1904/1968/1956
f 1871/1835/1829 1821/2065/2053 1820/1867/1861
f 1820/1867/1861 1821/2065/2053 1733/2010/1998
f 1764/1840/1834 1765/2071/2059 1783/1973/1961
f 2871/2069/2057 2873/2072/2060 2884/2073/2061
f 3066/2011/1999 3064/2074/2062 3065/2012/2000
f 1937/2002/1990 1704/2075/2063 1707/2014/2002
f 1937/2002/1990 1707/2014/2002 1939/1972/1960
f 1707/2014/2002 1710/2076/2064 1940/2009/1997
f 1710/2076/2064 1716/2077/2065 1904/1968/1956
f 1940/2009/1997 1710/2076/2064 1904/1968/1956
f 1732/1883/1877 1733/2010/1998 1724/2078/2066
f 1732/1883/1877 1724/2078/2066 1726/1884/1878
f 1727/1885/1879 1728/2079/2067 1729/1886/1880
f 1759/1795/1789 1758/2080/2068 1760/2016/2004
f 1762/1877/1871 1760/2016/2004 1763/2081/2069
f 1762/1877/1871 1763/2081/2069 1764/1840/1834
f 3097/2082/2070 3096/2021/2009 3098/2020/2008
f 1754/1794/1788 1748/2015/2003 1753/2019/2007
f 1755/1841/1835 1753/2019/2007 1758/2080/2068
f 1755/1841/1835 1758/2080/2068 1759/1795/1789
f 3346/1496/1490 3336/2083/2071 3339/1497/1491
f 3336/2083/2071 3327/1901/1893 3317/1498/1492
f 3339/1497/1491 3336/2083/2071 3317/1498/1492
f 3315/1766/1760 3314/1981/1969 3333/1982/1970
f 3333/1982/1970 3314/1981/1969 3331/1983/1971
f 3331/1983/1971 3314/1981/1969 3319/1843/1837
f 3319/1843/1837 3314/1981/1969 3320/1736/1730
f 3845/1807/1801 3853/2084/2072 3846/1771/1765
f 2307/2085/2073 2310/2086/2074 2318/2087/2075
f 2282/2088/2076 2275/1846/1840 2290/1904/1896
f 2522/2032/2020 2519/2089/2077 2510/2090/2078
f 2510/2090/2078 2519/2089/2077 2503/2091/2079
f 2576/2092/2080 2580/2093/2081 2585/2094/2082
f 471/1952/1940 480/2041/2029 463/2039/2027
f 463/2039/2027 462/2095/2083 461/1954/1942
f 2585/2094/2082 2587/2044/2032 2593/2096/2084
f 3890/2045/2033 3891/2097/2085 3892/1812/1806
f 461/1954/1942 458/2098/2086 450/1960/1948
f 450/1960/1948 458/2098/2086 451/2047/2035
f 451/2047/2035 460/2099/2087 454/2048/2036
f 454/2048/2036 460/2099/2087 467/2100/2088
f 454/2048/2036 467/2100/2088 466/2050/2038
f 454/2048/2036 466/2050/2038 455/1986/1974
f 455/1986/1974 466/2050/2038 456/1959/1947
f 532/1988/1976 531/2101/2089 515/1815/1809
f 2341/2102/2090 2362/2103/2091 2340/1912/1904
f 2340/1912/1904 2362/2103/2091 2359/1914/1906
f 1505/1860/1854 1510/2104/2092 1501/1991/1979
f 2000/2062/2050 1714/2105/2093 1941/1998/1986
f 1714/2105/2093 1709/2106/2094 1941/1998/1986
f 1941/1998/1986 1709/2106/2094 1938/2000/1988
f 1938/2000/1988 1709/2106/2094 1706/2107/2095
f 2841/2001/1989 2840/2108/2096 2855/2064/2052
f 2870/2109/2097 2872/2110/2098 2871/2069/2057
f 2871/2069/2057 2872/2110/2098 2873/2072/2060
f 1938/2000/1988 1706/2107/2095 1937/2002/1990
f 1787/2067/2055 1779/2111/2099 1792/2006/1994
f 2855/2064/2052 2858/2068/2056 2861/2008/1996
f 2873/2072/2060 2874/2112/2100 2875/2113/2101
f 1872/1834/1828 1823/2070/2058 1821/2065/2053
f 1795/2005/1993 1788/2066/2054 1787/2067/2055
f 1904/1968/1956 1716/2077/2065 1823/2070/2058
f 1729/1886/1880 1728/2079/2067 1730/2114/2102
f 1729/1886/1880 1730/2114/2102 1731/1936/1924
f 1737/1761/1755 1731/1936/1924 1748/2015/2003
f 1724/2078/2066 1725/2115/2103 1726/1884/1878
f 1726/1884/1878 1725/2115/2103 1727/1885/1879
f 1725/2115/2103 1728/2079/2067 1727/1885/1879
f 4028/1764/1758 4023/2116/2104 4029/1842/1836
f 3853/2084/2072 3854/2117/2105 3846/1771/1765
f 3922/1951/1939 3906/1772/1766 3910/1703/1697
f 3906/1772/1766 3895/1984/1972 3898/1704/1698
f 3895/1984/1972 3890/2045/2033 3896/1661/1655
f 2320/2118/2106 2310/2086/2074 2356/2033/2021
f 494/1955/1943 501/2119/2107 480/2041/2029
f 462/2095/2083 458/2098/2086 461/1954/1942
f 458/2098/2086 459/2120/2108 451/2047/2035
f 451/2047/2035 459/2120/2108 460/2099/2087
f 460/2099/2087 465/2121/2109 467/2100/2088
f 515/1815/1809 531/2101/2089 514/2122/2110
f 3892/1812/1806 3891/2097/2085 3901/1813/1807
f 3901/1813/1807 3891/2097/2085 3920/1990/1978
f 1510/2104/2092 1502/2123/2111 1501/1991/1979
f 3091/2057/2045 3081/2124/2112 3113/2058/2046
f 3081/2124/2112 3087/2125/2113 3088/2059/2047
f 3113/2058/2046 3081/2124/2112 3088/2059/2047
f 1469/1994/1982 1373/2126/2114 1380/1995/1983
f 1373/2126/2114 1374/2127/2115 1379/2061/2049
f 1380/1995/1983 1373/2126/2114 1379/2061/2049
f 2844/1997/1985 2852/2128/2116 2843/2129/2117
f 2844/1997/1985 2843/2129/2117 2839/2063/2051
f 2000/2062/2050 1715/2130/2118 1714/2105/2093
f 2839/2063/2051 2840/2108/2096 2841/2001/1989
f 2840/2108/2096 2858/2068/2056 2855/2064/2052
f 2931/2131/2119 2932/2132/2119 2933/2133/2119
f 2873/2072/2060 2872/2110/2098 2874/2112/2100
f 4057/123/123 4041/2134/2120 4039/1937/1925
f 2874/2112/2100 2878/2135/2121 2875/2113/2101
f 2875/2113/2101 2878/2135/2121 2879/2136/2122
f 3059/2137/2123 3062/2138/2124 3063/2139/2125
f 3063/2139/2125 3062/2138/2124 3064/2074/2062
f 1765/2071/2059 1767/2140/2126 1783/1973/1961
f 1783/1973/1961 1767/2140/2126 1789/2004/1992
f 4039/1937/1925 4041/2134/2120 4027/2141/2127
f 1937/2002/1990 1706/2107/2095 1704/2075/2063
f 1764/1840/1834 1763/2081/2069 1765/2071/2059
f 4039/1937/1925 4027/2141/2127 4028/1764/1758
f 4028/1764/1758 4027/2141/2127 4023/2116/2104
f 4029/1842/1836 4030/2142/2128 4033/1765/1759
f 3320/1736/1730 3321/2143/2129 3322/1659/1653
f 4555/2144/2130 4554/2145/2131 4550/1769/1763
f 4550/1769/1763 4554/2145/2131 4551/1844/1838
f 2264/2040/2028 2282/2088/2076 2265/2146/2132
f 463/2039/2027 492/2147/2133 482/2148/2134
f 463/2039/2027 482/2148/2134 481/2149/2135
f 501/2119/2107 492/2147/2133 480/2041/2029
f 2604/2150/2136 2593/2096/2084 2603/2151/2137
f 2603/2151/2137 2593/2096/2084 2591/2152/2138
f 494/1955/1943 514/2122/2110 501/2119/2107
f 515/1815/1809 514/2122/2110 494/1955/1943
f 460/2099/2087 459/2120/2108 465/2121/2109
f 467/2100/2088 509/2153/2139 476/2154/2140
f 467/2100/2088 476/2154/2140 466/2050/2038
f 476/2154/2140 503/2155/2141 477/1987/1975
f 466/2050/2038 476/2154/2140 477/1987/1975
f 465/2121/2109 509/2153/2139 467/2100/2088
f 3891/2097/2085 3925/2156/2142 3920/1990/1978
f 2341/2102/2090 2346/2157/2143 2362/2103/2091
f 1502/2123/2111 1499/2158/2144 1489/2054/2042
f 1501/1991/1979 1502/2123/2111 1489/2054/2042
f 1499/2158/2144 1484/1992/1980 1489/2054/2042
f 1484/1992/1980 1495/2159/2145 1483/2055/2043
f 1483/2055/2043 1495/2159/2145 1500/2160/2146
f 1483/2055/2043 1500/2160/2146 1487/1996/1984
f 3081/2124/2112 3082/2161/2147 3087/2125/2113
f 3076/2162/2148 3079/2163/2149 3091/2057/2045
f 1374/2127/2115 1404/2164/2150 1379/2061/2049
f 2843/2129/2117 2842/2165/2151 2839/2063/2051
f 2839/2063/2051 2842/2165/2151 2840/2108/2096
f 1714/2105/2093 1700/2166/2152 1709/2106/2094
f 4016/86/86 4041/2134/2120 4057/123/123
f 1709/2106/2094 1700/2166/2152 1673/2167/2153
f 2840/2108/2096 2859/2168/2154 2858/2068/2056
f 2872/2110/2098 2876/2169/2155 2874/2112/2100
f 1709/2106/2094 1673/2167/2153 1706/2107/2095
f 2870/2109/2097 2881/2170/2156 2882/2171/2157
f 1788/2066/2054 1772/2172/2158 1774/2173/2159
f 1788/2066/2054 1774/2173/2159 1787/2067/2055
f 1774/2173/2159 1779/2111/2099 1787/2067/2055
f 1733/2010/1998 1734/2174/2160 1724/2078/2066
f 1731/1936/1924 1747/2175/2161 1748/2015/2003
f 1763/2081/2069 1766/2176/2162 1765/2071/2059
f 1710/2076/2064 1703/2177/2163 1716/2077/2065
f 1724/2078/2066 1734/2174/2160 1725/2115/2103
f 1707/2014/2002 1666/2178/2164 1710/2076/2064
f 4023/2116/2104 4025/2179/2165 4029/1842/1836
f 3347/2180/2166 3336/2083/2071 3346/1496/1490
f 3314/1981/1969 3321/2143/2129 3320/1736/1730
f 3856/1845/1839 3855/2181/2167 3845/1807/1801
f 3845/1807/1801 3855/2181/2167 3853/2084/2072
f 2295/2182/2168 2280/2183/2169 2296/2184/2170
f 3895/1984/1972 3894/2185/2171 3890/2045/2033
f 2594/2186/2172 2593/2096/2084 2578/2187/2173
f 2593/2096/2084 2604/2150/2136 2579/2188/2174
f 501/2119/2107 502/2189/2175 492/2147/2133
f 458/2098/2086 462/2095/2083 486/2190/2176
f 458/2098/2086 486/2190/2176 459/2120/2108
f 486/2190/2176 487/2191/2177 459/2120/2108
f 2598/2192/2178 2434/2193/2179 2426/2194/2180
f 459/2120/2108 487/2191/2177 465/2121/2109
f 3890/2045/2033 3893/2195/2181 3891/2097/2085
f 531/2101/2089 528/2196/2182 514/2122/2110
f 3891/2097/2085 3893/2195/2181 3912/2197/2183
f 535/1989/1977 536/2198/2184 532/1988/1976
f 537/2199/2185 536/2198/2184 535/1989/1977
f 2346/2157/2143 2386/2200/2186 2362/2103/2091
f 1499/2158/2144 1496/2201/2187 1484/1992/1980
f 1484/1992/1980 1496/2201/2187 1495/2159/2145
f 1393/2202/2188 1372/2203/2189 1373/2126/2114
f 3114/2204/2190 3107/2205/2191 3108/2206/2192
f 1500/2160/2146 1509/2207/2193 1487/1996/1984
f 1373/2126/2114 1372/2203/2189 1371/2208/2194
f 1373/2126/2114 1371/2208/2194 1374/2127/2115
f 1374/2127/2115 1383/2209/2195 1404/2164/2150
f 1719/2210/2196 1701/2211/2197 1715/2130/2118
f 2840/2108/2096 2842/2165/2151 2867/2212/2198
f 2840/2108/2096 2867/2212/2198 2859/2168/2154
f 2858/2068/2056 2859/2168/2154 2870/2109/2097
f 2882/2171/2157 2881/2170/2156 2872/2110/2098
f 2876/2169/2155 2877/2213/2199 2874/2112/2100
f 3059/2137/2123 3014/2214/2200 3051/2215/2201
f 1760/2016/2004 1775/2216/2202 1763/2081/2069
f 1789/2004/1992 1769/2217/2203 1788/2066/2054
f 1788/2066/2054 1769/2217/2203 1772/2172/2158
f 4041/2134/2120 4026/2218/2204 4027/2141/2127
f 1703/2177/2163 1822/2219/2205 1823/2070/2058
f 1716/2077/2065 1703/2177/2163 1823/2070/2058
f 1821/2065/2053 1751/2220/2206 1733/2010/1998
f 1730/2114/2102 1735/2221/2207 1731/1936/1924
f 1731/1936/1924 1735/2221/2207 1747/2175/2161
f 1748/2015/2003 1752/2222/2208 1753/2019/2007
f 1753/2019/2007 1752/2222/2208 1758/2080/2068
f 1766/2176/2162 1767/2140/2126 1765/2071/2059
f 1706/2107/2095 1668/2223/2209 1704/2075/2063
f 1728/2079/2067 1735/2221/2207 1730/2114/2102
f 1704/2075/2063 1667/2224/2210 1707/2014/2002
f 1667/2224/2210 1666/2178/2164 1707/2014/2002
f 4027/2141/2127 4026/2218/2204 4023/2116/2104
f 4026/2218/2204 4024/2225/2211 4023/2116/2104
f 4023/2116/2104 4024/2225/2211 4025/2179/2165
f 4029/1842/1836 4025/2179/2165 4030/2142/2128
f 3853/2084/2072 3855/2181/2167 3854/2117/2105
f 4726/2028/2016 4697/2226/2212 4677/1948/1936
f 3906/1772/1766 3904/2227/2213 3895/1984/1972
f 2269/2228/2214 2265/2146/2132 2282/2088/2076
f 2578/2187/2173 2593/2096/2084 2579/2188/2174
f 502/2189/2175 491/2229/2215 492/2147/2133
f 492/2147/2133 491/2229/2215 482/2148/2134
f 482/2148/2134 483/2230/2216 481/2149/2135
f 3894/2185/2171 3893/2195/2181 3890/2045/2033
f 462/2095/2083 481/2149/2135 486/2190/2176
f 514/2122/2110 521/2231/2217 501/2119/2107
f 514/2122/2110 528/2196/2182 521/2231/2217
f 499/2232/2218 500/2233/2219 509/2153/2139
f 531/2101/2089 545/2234/2220 557/2235/2221
f 3912/2197/2183 3923/2236/2222 3891/2097/2085
f 3923/2236/2222 3925/2156/2142 3891/2097/2085
f 1374/2127/2115 1371/2208/2194 1383/2209/2195
f 2883/2237/2223 2869/2238/2224 2842/2165/2151
f 2843/2129/2117 2883/2237/2223 2842/2165/2151
f 1715/2130/2118 1701/2211/2197 1700/2166/2152
f 1715/2130/2118 1700/2166/2152 1714/2105/2093
f 2842/2165/2151 2869/2238/2224 2867/2212/2198
f 3051/2215/2201 3012/2239/2225 3120/2240/2226
f 2867/2212/2198 2880/2241/2227 2859/2168/2154
f 3014/2214/2200 3012/2239/2225 3051/2215/2201
f 2859/2168/2154 2880/2241/2227 2870/2109/2097
f 2870/2109/2097 2880/2241/2227 2881/2170/2156
f 4041/2134/2120 4015/2242/2228 4026/2218/2204
f 1823/2070/2058 1822/2219/2205 1821/2065/2053
f 1821/2065/2053 1822/2219/2205 1751/2220/2206
f 1758/2080/2068 1806/2243/2229 1760/2016/2004
f 1775/2216/2202 1766/2176/2162 1763/2081/2069
f 1673/2167/2153 1668/2223/2209 1706/2107/2095
f 1733/2010/1998 1751/2220/2206 1734/2174/2160
f 1747/2175/2161 1752/2222/2208 1748/2015/2003
f 1752/2222/2208 1809/2244/2230 1758/2080/2068
f 1767/2140/2126 1769/2217/2203 1789/2004/1992
f 1725/2115/2103 1734/2174/2160 1746/2245/2231
f 1725/2115/2103 1746/2245/2231 1728/2079/2067
f 1728/2079/2067 1746/2245/2231 1735/2221/2207
f 1704/2075/2063 1668/2223/2209 1667/2224/2210
f 1710/2076/2064 1666/2178/2164 1703/2177/2163
f 4030/2142/2128 4044/2246/2232 4033/1765/1759
f 4033/1765/1759 4044/2246/2232 4045/1735/1729
f 4045/1735/1729 4044/2246/2232 4053/1806/1800
f 3856/1845/1839 3857/2247/2233 3855/2181/2167
f 2574/2248/2234 2604/2150/2136 2603/2151/2137
f 491/2229/2215 483/2230/2216 482/2148/2134
f 481/2149/2135 484/2249/2235 486/2190/2176
f 486/2190/2176 484/2249/2235 487/2191/2177
f 487/2191/2177 489/2250/2236 499/2232/2218
f 3923/2236/2222 3926/2251/2237 3925/2156/2142
f 1502/2123/2111 1518/2252/2238 1499/2158/2144
f 1495/2159/2145 1519/2253/2239 1500/2160/2146
f 3080/2254/2240 3083/2255/2241 3082/2161/2147
f 3162/2256/2242 3159/2257/2243 3161/2258/2244
f 3106/2259/2245 3107/2205/2191 3109/2260/2246
f 1393/2202/2188 1369/2261/2247 1372/2203/2189
f 3109/2260/2246 3104/2262/2248 3106/2259/2245
f 3060/2263/2249 3017/2264/2250 3011/2265/2251
f 1735/2221/2207 1819/2266/2252 1747/2175/2161
f 1760/2016/2004 1806/2243/2229 1775/2216/2202
f 1774/2173/2159 1773/2267/2253 1779/2111/2099
f 1751/2220/2206 1814/2268/2254 1734/2174/2160
f 3314/1981/1969 3313/1700/1694 3321/2143/2129
f 3922/1951/1939 3913/2269/2255 3906/1772/1766
f 3906/1772/1766 3913/2269/2255 3904/2227/2213
f 3895/1984/1972 3904/2227/2213 3894/2185/2171
f 2574/2248/2234 2603/2151/2137 2602/2270/2256
f 522/2271/2257 491/2229/2215 502/2189/2175
f 483/2230/2216 484/2249/2235 481/2149/2135
f 501/2119/2107 522/2271/2257 502/2189/2175
f 487/2191/2177 484/2249/2235 488/2272/2258
f 487/2191/2177 488/2272/2258 489/2250/2236
f 3912/2197/2183 3893/2195/2181 3923/2236/2222
f 1520/2273/2259 1517/2274/2260 1499/2158/2144
f 1499/2158/2144 1517/2274/2260 1496/2201/2187
f 1496/2201/2187 1517/2274/2260 1519/2253/2239
f 1496/2201/2187 1519/2253/2239 1495/2159/2145
f 3161/2258/2244 3159/2257/2243 3158/2275/2261
f 3011/2265/2251 3009/2276/2262 3012/2239/2225
f 1701/2211/2197 1665/2277/2263 1700/2166/2152
f 1700/2166/2152 1665/2277/2263 1673/2167/2153
f 1779/2111/2099 1790/2278/2264 1792/2006/1994
f 4015/2242/2228 4062/2279/2265 4026/2218/2204
f 1772/2172/2158 1773/2267/2253 1774/2173/2159
f 4062/2279/2265 4061/2280/2266 4026/2218/2204
f 1673/2167/2153 1664/2281/2267 1668/2223/2209
f 1746/2245/2231 1819/2266/2252 1735/2221/2207
f 1766/2176/2162 1768/2282/2268 1767/2140/2126
f 1767/2140/2126 1768/2282/2268 1769/2217/2203
f 1814/2268/2254 1815/2283/2269 1734/2174/2160
f 1734/2174/2160 1815/2283/2269 1746/2245/2231
f 1667/2224/2210 1644/2284/2270 1666/2178/2164
f 1666/2178/2164 1638/2285/2271 1703/2177/2163
f 4026/2218/2204 4061/2280/2266 4024/2225/2211
f 3321/2143/2129 3323/2286/2272 3322/1659/1653
f 3322/1659/1653 3323/2286/2272 3344/2027/2015
f 3933/2287/2273 3928/2288/2274 3922/1951/1939
f 3904/2227/2213 3905/2289/2275 3894/2185/2171
f 3905/2289/2275 3911/2290/2276 3894/2185/2171
f 2570/2291/2277 2565/2292/2278 2579/2188/2174
f 2579/2188/2174 2574/2248/2234 2570/2291/2277
f 3894/2185/2171 3911/2290/2276 3893/2195/2181
f 500/2233/2219 504/2293/2279 508/2294/2280
f 522/2271/2257 516/2295/2281 491/2229/2215
f 491/2229/2215 516/2295/2281 483/2230/2216
f 483/2230/2216 516/2295/2281 517/2296/2282
f 483/2230/2216 485/2297/2283 484/2249/2235
f 489/2250/2236 490/2298/2284 498/2299/2285
f 500/2233/2219 498/2299/2285 504/2293/2279
f 484/2249/2235 485/2297/2283 488/2272/2258
f 528/2196/2182 558/2300/2286 521/2231/2217
f 2287/2301/2287 2387/2302/2288 2390/2303/2289
f 537/2199/2185 560/2304/2290 536/2198/2184
f 536/2198/2184 560/2304/2290 561/2305/2291
f 3923/2236/2222 3963/2306/2292 3926/2251/2237
f 3926/2251/2237 3963/2306/2292 3959/2307/2293
f 3084/2308/2294 3085/2309/2295 3083/2255/2241
f 1408/2310/2296 1385/2311/2297 1409/2312/2298
f 1385/2311/2297 1369/2261/2247 1393/2202/2188
f 3158/2275/2261 3159/2257/2243 3160/2313/2299
f 1369/2261/2247 1371/2208/2194 1372/2203/2189
f 1371/2208/2194 1388/2314/2300 1383/2209/2195
f 1719/2210/2196 1669/2315/2301 1701/2211/2197
f 4001/2316/2302 4011/2317/2303 4015/2242/2228
f 4013/2318/2304 4001/2316/2302 4015/2242/2228
f 1701/2211/2197 1669/2315/2301 1665/2277/2263
f 4015/2242/2228 4011/2317/2303 4062/2279/2265
f 1665/2277/2263 1610/2319/2305 1673/2167/2153
f 1673/2167/2153 1610/2319/2305 1664/2281/2267
f 1822/2219/2205 1722/2320/2306 1824/2321/2307
f 1822/2219/2205 1824/2321/2307 1751/2220/2206
f 1751/2220/2206 1824/2321/2307 1814/2268/2254
f 1747/2175/2161 1819/2266/2252 1829/2322/2308
f 1747/2175/2161 1829/2322/2308 1752/2222/2208
f 1752/2222/2208 1829/2322/2308 1809/2244/2230
f 1806/2243/2229 1812/2323/2309 1775/2216/2202
f 1775/2216/2202 1768/2282/2268 1766/2176/2162
f 1771/2324/2310 1773/2267/2253 1772/2172/2158
f 1773/2267/2253 1778/2325/2311 1779/2111/2099
f 1769/2217/2203 1771/2324/2310 1772/2172/2158
f 1703/2177/2163 1638/2285/2271 1645/2326/2312
f 4025/2179/2165 4024/2225/2211 4042/2327/2313
f 4025/2179/2165 4042/2327/2313 4030/2142/2128
f 4042/2327/2313 4043/2328/2314 4030/2142/2128
f 4030/2142/2128 4043/2328/2314 4044/2246/2232
f 4053/1806/1800 4054/2329/2315 4067/2330/2316
f 3336/2083/2071 3330/2331/2317 3327/1901/1893
f 3330/2331/2317 3329/2332/2318 3313/1700/1694
f 3327/1901/1893 3330/2331/2317 3313/1700/1694
f 3313/1700/1694 3328/2333/2319 3321/2143/2129
f 3857/2247/2233 3858/2334/2320 3855/2181/2167
f 3854/2117/2105 3858/2334/2320 3859/2335/2321
f 3913/2269/2255 3905/2289/2275 3904/2227/2213
f 522/2271/2257 540/2336/2322 516/2295/2281
f 516/2295/2281 530/2337/2323 517/2296/2282
f 483/2230/2216 517/2296/2282 485/2297/2283
f 485/2297/2283 490/2298/2284 488/2272/2258
f 3911/2290/2276 3929/2338/2324 3893/2195/2181
f 544/2339/2325 522/2271/2257 521/2231/2217
f 558/2300/2286 544/2339/2325 521/2231/2217
f 3893/2195/2181 3929/2338/2324 3923/2236/2222
f 3923/2236/2222 3929/2338/2324 3969/2340/2326
f 627/2341/2327 628/2342/2328 557/2235/2221
f 545/2234/2220 627/2341/2327 557/2235/2221
f 2323/2343/2329 2388/2344/2330 2387/2302/2288
f 3969/2340/2326 3963/2306/2292 3923/2236/2222
f 3926/2251/2237 3959/2307/2293 3957/2345/2331
f 3163/2346/2332 3164/2347/2333 3165/2348/2334
f 1369/2261/2247 1370/2349/2335 1371/2208/2194
f 1713/2350/2336 1669/2315/2301 1719/2210/2196
f 4013/2318/2304 4007/2351/2337 4001/2316/2302
f 131/2352/2338 144/2353/2339 127/2354/2340
f 131/2352/2338 127/2354/2340 101/2355/2341
f 4011/2317/2303 4071/2356/2342 4062/2279/2265
f 4071/2356/2342 4074/2357/2343 4061/2280/2266
f 4062/2279/2265 4071/2356/2342 4061/2280/2266
f 1824/2321/2307 1633/2358/2344 1814/2268/2254
f 1746/2245/2231 1878/2359/2345 1819/2266/2252
f 1778/2325/2311 1790/2278/2264 1779/2111/2099
f 1814/2268/2254 1633/2358/2344 1876/2360/2346
f 1814/2268/2254 1876/2360/2346 1815/2283/2269
f 1768/2282/2268 1770/2361/2347 1769/2217/2203
f 1770/2361/2347 1771/2324/2310 1769/2217/2203
f 1664/2281/2267 1611/2362/2348 1668/2223/2209
f 1668/2223/2209 1611/2362/2348 1667/2224/2210
f 1611/2362/2348 1644/2284/2270 1667/2224/2210
f 1644/2284/2270 1638/2285/2271 1666/2178/2164
f 4065/2363/2349 4042/2327/2313 4024/2225/2211
f 4044/2246/2232 4043/2328/2314 4051/2364/2350
f 4044/2246/2232 4051/2364/2350 4054/2329/2315
f 4044/2246/2232 4054/2329/2315 4053/1806/1800
f 4054/2329/2315 4068/2365/2351 4067/2330/2316
f 3336/2083/2071 3341/2366/2352 3330/2331/2317
f 3313/1700/1694 3329/2332/2318 3328/2333/2319
f 3321/2143/2129 3328/2333/2319 3323/2286/2272
f 3857/2247/2233 3860/2367/2353 3858/2334/2320
f 3855/2181/2167 3858/2334/2320 3854/2117/2105
f 3905/2289/2275 3936/2368/2354 3911/2290/2276
f 2574/2248/2234 2602/2270/2256 2564/2369/2355
f 504/2293/2279 507/2370/2356 508/2294/2280
f 508/2294/2280 518/2371/2357 519/2372/2358
f 498/2299/2285 512/2373/2359 505/2374/2360
f 498/2299/2285 505/2374/2360 504/2293/2279
f 490/2298/2284 523/2375/2361 512/2373/2359
f 490/2298/2284 512/2373/2359 498/2299/2285
f 517/2296/2282 525/2376/2362 485/2297/2283
f 485/2297/2283 525/2376/2362 524/2377/2363
f 485/2297/2283 524/2377/2363 490/2298/2284
f 524/2377/2363 523/2375/2361 490/2298/2284
f 544/2339/2325 540/2336/2322 522/2271/2257
f 3102/2378/2364 3036/2379/2365 3042/2380/2366
f 3164/2347/2333 3166/2381/2367 3165/2348/2334
f 2921/2382/2368 2917/2383/2369 2919/2384/2370
f 3134/2385/2371 3127/2386/2372 3126/2387/2373
f 3126/2387/2373 3125/2388/2374 3131/2389/2375
f 1385/2311/2297 1367/2390/2376 1369/2261/2247
f 4021/119/119 4020/109/109 4007/2351/2337
f 1371/2208/2194 1370/2349/2335 1388/2314/2300
f 131/2352/2338 102/2391/2377 144/2353/2339
f 1722/2320/2306 1633/2358/2344 1824/2321/2307
f 1878/2359/2345 1879/2392/2378 1819/2266/2252
f 1809/2244/2230 1829/2322/2308 1825/2393/2379
f 1809/2244/2230 1825/2393/2379 1806/2243/2229
f 1825/2393/2379 1812/2323/2309 1806/2243/2229
f 1876/2360/2346 1626/2394/2380 1815/2283/2269
f 1815/2283/2269 1626/2394/2380 1878/2359/2345
f 1771/2324/2310 1776/2395/2381 1773/2267/2253
f 1644/2284/2270 1606/2396/2382 1638/2285/2271
f 4042/2327/2313 4065/2363/2349 4043/2328/2314
f 3913/2269/2255 3940/2397/2383 3931/2398/2384
f 518/2371/2357 520/2399/2385 519/2372/2358
f 505/2374/2360 506/2400/2386 504/2293/2279
f 504/2293/2279 506/2400/2386 507/2370/2356
f 4589/2401/2387 4573/2402/2388 4593/2403/2389
f 540/2336/2322 553/2404/2390 516/2295/2281
f 516/2295/2281 553/2404/2390 530/2337/2323
f 530/2337/2323 556/2405/2391 517/2296/2282
f 556/2405/2391 525/2376/2362 517/2296/2282
f 3969/2340/2326 3966/2406/2392 3963/2306/2292
f 3966/2406/2392 3965/2407/2393 3963/2306/2292
f 3036/2379/2365 3038/2408/2394 3042/2380/2366
f 3959/2307/2293 3964/2409/2395 3957/2345/2331
f 3964/2409/2395 3995/2410/2396 3957/2345/2331
f 3995/2410/2396 3960/2411/2397 3957/2345/2331
f 2921/2382/2368 2922/2412/2398 2917/2383/2369
f 3958/2413/2399 3960/2411/2397 3962/2414/2400
f 2917/2383/2369 2918/2415/2401 2919/2384/2370
f 3133/2416/2402 3123/2417/2403 3127/2386/2372
f 2995/2418/2404 2994/2419/2405 2993/2420/2406
f 2995/2418/2404 2993/2420/2406 2998/2421/2407
f 3123/2417/2403 3125/2388/2374 3126/2387/2373
f 3127/2386/2372 3123/2417/2403 3126/2387/2373
f 1385/2311/2297 1377/2422/2408 1367/2390/2376
f 1369/2261/2247 1368/2423/2409 1370/2349/2335
f 4007/2351/2337 4006/2424/2410 3993/2425/2411
f 4007/2351/2337 3993/2425/2411 4001/2316/2302
f 4001/2316/2302 3997/2426/2412 4011/2317/2303
f 1722/2320/2306 1632/2427/2413 1633/2358/2344
f 1626/2394/2380 1628/2428/2414 1878/2359/2345
f 1878/2359/2345 1628/2428/2414 1879/2392/2378
f 1819/2266/2252 1879/2392/2378 1829/2322/2308
f 1610/2319/2305 1611/2362/2348 1664/2281/2267
f 1812/2323/2309 1811/2429/2415 1775/2216/2202
f 1775/2216/2202 1811/2429/2415 1768/2282/2268
f 1811/2429/2415 1803/2430/2416 1768/2282/2268
f 1776/2395/2381 1777/2431/2417 1773/2267/2253
f 1773/2267/2253 1777/2431/2417 1778/2325/2311
f 1611/2362/2348 1599/2432/2418 1644/2284/2270
f 1599/2432/2418 1606/2396/2382 1644/2284/2270
f 1606/2396/2382 1607/2433/2419 1638/2285/2271
f 3442/2434/2420 3524/2435/2421 3443/2436/2422
f 4043/2328/2314 4070/2437/2423 4051/2364/2350
f 3329/2332/2318 3330/2331/2317 3345/2438/2424
f 3345/2438/2424 3328/2333/2319 3329/2332/2318
f 3328/2333/2319 3337/2439/2425 3323/2286/2272
f 3337/2439/2425 3338/2440/2426 3323/2286/2272
f 3323/2286/2272 3338/2440/2426 3344/2027/2015
f 3858/2334/2320 3862/2441/2427 3859/2335/2321
f 4557/2442/2428 4562/2443/2429 4577/2444/2430
f 4557/2442/2428 4577/2444/2430 4558/2445/2431
f 506/2400/2386 510/2446/2432 507/2370/2356
f 507/2370/2356 510/2446/2432 518/2371/2357
f 2560/2447/2433 2568/2448/2434 2549/2449/2435
f 553/2404/2390 612/2450/2436 530/2337/2323
f 530/2337/2323 612/2450/2436 556/2405/2391
f 524/2377/2363 554/2451/2437 523/2375/2361
f 540/2336/2322 611/2452/2438 553/2404/2390
f 556/2405/2391 615/2453/2439 525/2376/2362
f 525/2376/2362 615/2453/2439 613/2454/2440
f 525/2376/2362 613/2454/2440 524/2377/2363
f 613/2454/2440 614/2455/2441 524/2377/2363
f 544/2339/2325 620/2456/2442 540/2336/2322
f 630/2457/2443 620/2456/2442 544/2339/2325
f 4196/2458/2444 4197/2459/2445 4204/2460/2446
f 1294/2461/2447 1276/2462/2448 1295/2463/2449
f 1276/2462/2448 1301/2464/2450 1295/2463/2449
f 3042/2380/2366 3038/2408/2394 3041/2465/2451
f 3042/2380/2366 3041/2465/2451 3101/2466/2452
f 2923/2467/2453 2922/2412/2398 2925/2468/2454
f 2662/2469/2455 2663/2470/2456 2664/2471/2457
f 2920/2472/2458 2918/2415/2401 2917/2383/2369
f 2920/2472/2458 2917/2383/2369 2922/2412/2398
f 2997/2473/2459 2999/2474/2460 3004/2475/2461
f 3118/2476/2462 3002/2477/2463 2997/2473/2459
f 3118/2476/2462 2997/2473/2459 3004/2475/2461
f 2993/2420/2406 3002/2477/2463 2998/2421/2407
f 2998/2421/2407 3002/2477/2463 3118/2476/2462
f 3123/2417/2403 3124/2478/2464 3125/2388/2374
f 3125/2388/2374 3124/2478/2464 3128/2479/2465
f 3960/2411/2397 3992/2480/2466 3974/2481/2467
f 3974/2481/2467 3992/2480/2466 4006/2424/2410
f 1367/2390/2376 1368/2423/2409 1369/2261/2247
f 3992/2480/2466 3993/2425/2411 4006/2424/2410
f 4001/2316/2302 3993/2425/2411 3997/2426/2412
f 3997/2426/2412 4008/2482/2468 4011/2317/2303
f 4008/2482/2468 4072/2483/2469 4011/2317/2303
f 4011/2317/2303 4072/2483/2469 4071/2356/2342
f 1632/2427/2413 1627/2484/2470 1633/2358/2344
f 1633/2358/2344 1627/2484/2470 1625/2485/2471
f 1626/2394/2380 1624/2486/2472 1628/2428/2414
f 1879/2392/2378 1880/2487/2473 1829/2322/2308
f 1829/2322/2308 1880/2487/2473 1874/2488/2474
f 1874/2488/2474 1825/2393/2379 1829/2322/2308
f 4237/2489/2475 4235/2490/2476 4248/2491/2477
f 1825/2393/2379 1811/2429/2415 1812/2323/2309
f 1770/2361/2347 1782/2492/2478 1776/2395/2381
f 3481/2493/2479 3514/2494/2480 3439/2495/2481
f 1638/2285/2271 1607/2433/2419 1645/2326/2312
f 3439/2495/2481 3514/2494/2480 3440/2496/2482
f 3465/2497/2483 3466/2498/2484 3453/2499/2485
f 3453/2499/2485 3466/2498/2484 3474/2500/2486
f 3453/2499/2485 3474/2500/2486 3455/2501/2487
f 3455/2501/2487 3474/2500/2486 3461/2502/2488
f 3454/2503/2489 3458/2504/2490 3450/2505/2491
f 3348/2506/2492 3345/2438/2424 3330/2331/2317
f 3345/2438/2424 3337/2439/2425 3328/2333/2319
f 3480/2507/2493 3463/2508/2494 3483/2509/2495
f 4523/2510/2496 4522/2511/2497 4537/2512/2498
f 4537/2512/2498 4522/2511/2497 4539/2513/2499
f 3718/2514/2500 3674/2515/2501 3676/2516/2502
f 4202/2517/2503 4193/2518/2504 4201/2519/2505
f 506/2400/2386 529/2520/2506 510/2446/2432
f 542/2521/2507 529/2520/2506 506/2400/2386
f 505/2374/2360 542/2521/2507 506/2400/2386
f 541/2522/2508 542/2521/2507 505/2374/2360
f 512/2373/2359 541/2522/2508 505/2374/2360
f 523/2375/2361 541/2522/2508 512/2373/2359
f 523/2375/2361 554/2451/2437 541/2522/2508
f 1285/2523/2509 1275/2524/2510 1274/2525/2511
f 556/2405/2391 612/2450/2436 615/2453/2439
f 524/2377/2363 614/2455/2441 554/2451/2437
f 540/2336/2322 620/2456/2442 611/2452/2438
f 1245/2526/2512 1238/2527/2513 1284/2528/2514
f 4199/2529/2515 4189/2530/2516 4196/2458/2444
f 635/2531/2517 636/2532/2518 628/2342/2328
f 628/2342/2328 634/2533/2519 635/2531/2517
f 4197/2459/2445 4205/2534/2520 4204/2460/2446
f 3750/2535/2521 3746/2536/2522 3749/2537/2523
f 3751/2538/2524 3750/2535/2521 3749/2537/2523
f 3039/2539/2525 3040/2540/2526 3038/2408/2394
f 1260/2541/2527 1276/2462/2448 1294/2461/2447
f 3038/2408/2394 3040/2540/2526 3041/2465/2451
f 1419/2542/2528 1400/2543/2529 1408/2310/2296
f 1408/2310/2296 1400/2543/2529 1385/2311/2297
f 1385/2311/2297 1400/2543/2529 1377/2422/2408
f 1377/2422/2408 1366/2544/2530 1367/2390/2376
f 3992/2480/2466 3990/2545/2531 3993/2425/2411
f 1370/2349/2335 1384/2546/2532 1388/2314/2300
f 3997/2426/2412 3991/2547/2533 4008/2482/2468
f 1669/2315/2301 1595/2548/2534 1665/2277/2263
f 1665/2277/2263 1595/2548/2534 1610/2319/2305
f 1628/2428/2414 1880/2487/2473 1879/2392/2378
f 4242/2549/2535 4236/2550/2536 4237/2489/2475
f 1610/2319/2305 1591/2551/2537 1611/2362/2348
f 1803/2430/2416 1801/2552/2538 1768/2282/2268
f 1768/2282/2268 1801/2552/2538 1770/2361/2347
f 1776/2395/2381 1780/2553/2539 1777/2431/2417
f 1777/2431/2417 1781/2554/2540 1778/2325/2311
f 1778/2325/2311 1781/2554/2540 1790/2278/2264
f 1591/2551/2537 1599/2432/2418 1611/2362/2348
f 1645/2326/2312 1607/2433/2419 1609/2555/2541
f 3440/2496/2482 3513/2556/2542 3442/2434/2420
f 3442/2434/2420 3513/2556/2542 3524/2435/2421
f 3524/2435/2421 3513/2556/2542 3522/2557/2543
f 3524/2435/2421 3522/2557/2543 3468/2558/2544
f 3468/2558/2544 3522/2557/2543 3464/2559/2545
f 3461/2502/2488 3474/2500/2486 3484/2560/2546
f 4489/2561/2547 4470/2562/2548 4483/2563/2549
f 4483/2563/2549 4471/2564/2550 4472/2565/2551
f 4472/2565/2551 4485/2566/2552 4486/2567/2553
f 3860/2367/2353 3865/2568/2554 3858/2334/2320
f 3865/2568/2554 3862/2441/2427 3858/2334/2320
f 4540/2569/2555 4538/2570/2556 4523/2510/2496
f 4523/2510/2496 4521/2571/2557 4522/2511/2497
f 4203/2572/2558 4194/2573/2559 4202/2517/2503
f 4202/2517/2503 4194/2573/2559 4193/2518/2504
f 529/2520/2506 538/2574/2560 510/2446/2432
f 538/2574/2560 539/2575/2561 518/2371/2357
f 510/2446/2432 538/2574/2560 518/2371/2357
f 4201/2519/2505 4193/2518/2504 4199/2529/2515
f 541/2522/2508 629/2576/2562 542/2521/2507
f 2291/2577/2563 2352/2578/2564 2297/2579/2565
f 1285/2523/2509 1279/2580/2566 1275/2524/2510
f 1275/2524/2510 1228/2581/2567 1274/2525/2511
f 1284/2528/2514 1238/2527/2513 1264/2582/2568
f 3995/2410/2396 3989/2583/2569 3960/2411/2397
f 3960/2411/2397 3989/2583/2569 3992/2480/2466
f 3989/2583/2569 3990/2545/2531 3992/2480/2466
f 3993/2425/2411 3990/2545/2531 3997/2426/2412
f 1596/2584/2570 1595/2548/2534 1669/2315/2301
f 1713/2350/2336 1596/2584/2570 1669/2315/2301
f 112/2585/2571 79/2586/2572 77/2587/2573
f 1627/2484/2470 1618/2588/2574 1625/2485/2471
f 1625/2485/2471 1618/2588/2574 1622/2589/2575
f 1624/2486/2472 1629/2590/2576 1628/2428/2414
f 1629/2590/2576 1880/2487/2473 1628/2428/2414
f 1595/2548/2534 1585/2591/2577 1610/2319/2305
f 1827/2592/2578 1811/2429/2415 1825/2393/2379
f 4236/2550/2536 4234/2593/2579 4237/2489/2475
f 4237/2489/2475 4234/2593/2579 4235/2490/2476
f 1610/2319/2305 1585/2591/2577 1591/2551/2537
f 1811/2429/2415 1802/2594/2580 1803/2430/2416
f 1803/2430/2416 1802/2594/2580 1801/2552/2538
f 3481/2493/2479 3526/2595/2581 3514/2494/2480
f 1801/2552/2538 1782/2492/2478 1770/2361/2347
f 1798/2596/2582 1780/2553/2539 1782/2492/2478
f 1782/2492/2478 1780/2553/2539 1776/2395/2381
f 1591/2551/2537 1587/2597/2583 1599/2432/2418
f 1599/2432/2418 1588/2598/2584 1606/2396/2382
f 1606/2396/2382 1588/2598/2584 1593/2599/2585
f 1606/2396/2382 1593/2599/2585 1607/2433/2419
f 3514/2494/2480 3512/2600/2586 3440/2496/2482
f 3440/2496/2482 3512/2600/2586 3513/2556/2542
f 3464/2559/2545 3528/2601/2587 3465/2497/2483
f 3465/2497/2483 3485/2602/2588 3466/2498/2484
f 3466/2498/2484 3485/2602/2588 3474/2500/2486
f 4499/2603/2589 4491/2604/2590 4498/2605/2591
f 4508/2606/2592 4499/2603/2589 4498/2605/2591
f 4498/2605/2591 4491/2604/2590 4489/2561/2547
f 542/2521/2507 538/2574/2560 529/2520/2506
f 541/2522/2508 554/2451/2437 629/2576/2562
f 1200/2607/2593 1212/2608/2594 1263/2609/2595
f 1264/2582/2568 1200/2607/2593 1263/2609/2595
f 1238/2527/2513 1200/2607/2593 1264/2582/2568
f 1274/2525/2511 1228/2581/2567 1245/2526/2512
f 1228/2581/2567 1202/2610/2596 1245/2526/2512
f 1245/2526/2512 1189/2611/2597 1238/2527/2513
f 1245/2526/2512 1202/2610/2596 1189/2611/2597
f 1272/2612/2598 1239/2613/2599 1287/2614/2600
f 4189/2530/2516 4195/2615/2601 4196/2458/2444
f 341/2616/2602 314/2617/2603 340/2618/2604
f 314/2617/2603 281/2619/2605 340/2618/2604
f 1277/2620/2606 1259/2621/2607 1290/2622/2608
f 3968/2623/2609 4005/2624/2610 3964/2409/2395
f 1260/2541/2527 1250/2625/2611 1276/2462/2448
f 3964/2409/2395 4005/2624/2610 3995/2410/2396
f 1420/2626/2612 1415/2627/2613 1419/2542/2528
f 1419/2542/2528 1415/2627/2613 1400/2543/2529
f 3995/2410/2396 3988/2628/2614 3989/2583/2569
f 1366/2544/2530 1361/2629/2615 1367/2390/2376
f 1367/2390/2376 1361/2629/2615 1368/2423/2409
f 1368/2423/2409 1384/2546/2532 1370/2349/2335
f 3991/2547/2533 4002/2630/2616 4008/2482/2468
f 1632/2427/2413 1620/2631/2617 1627/2484/2470
f 1627/2484/2470 1620/2631/2617 1618/2588/2574
f 1880/2487/2473 1629/2590/2576 1881/2632/2618
f 1880/2487/2473 1881/2632/2618 1874/2488/2474
f 4008/2482/2468 4073/2633/2619 4072/2483/2469
f 1782/2492/2478 1801/2552/2538 1798/2596/2582
f 3526/2595/2581 3517/2634/2620 3514/2494/2480
f 1780/2553/2539 1836/2635/2621 1777/2431/2417
f 1587/2597/2583 1588/2598/2584 1599/2432/2418
f 1593/2599/2585 1609/2555/2541 1607/2433/2419
f 1777/2431/2417 1887/2636/2622 1781/2554/2540
f 3522/2557/2543 3528/2601/2587 3464/2559/2545
f 4491/2604/2590 4467/2637/2623 4489/2561/2547
f 4489/2561/2547 4467/2637/2623 4470/2562/2548
f 4471/2564/2550 4463/2638/2624 4472/2565/2551
f 4472/2565/2551 4463/2638/2624 4485/2566/2552
f 3865/2568/2554 3867/2639/2625 3862/2441/2427
f 4523/2510/2496 4538/2570/2556 4521/2571/2557
f 4194/2573/2559 4187/2640/2626 4193/2518/2504
f 1226/2641/2627 1300/2642/2628 1293/2643/2629
f 1280/2644/2630 1226/2641/2627 1293/2643/2629
f 1280/2644/2630 1217/2645/2631 1226/2641/2627
f 1273/2646/2632 1217/2645/2631 1280/2644/2630
f 4199/2529/2515 4193/2518/2504 4189/2530/2516
f 1273/2646/2632 1263/2609/2595 1217/2645/2631
f 1263/2609/2595 1212/2608/2594 1217/2645/2631
f 1279/2580/2566 1239/2613/2599 1275/2524/2510
f 1275/2524/2510 1201/2647/2633 1228/2581/2567
f 1290/2622/2608 1259/2621/2607 1272/2612/2598
f 1421/2648/2634 1403/2649/2635 1418/2650/2636
f 1277/2620/2606 1253/2651/2637 1259/2621/2607
f 3965/2407/2393 3970/2652/2638 3968/2623/2609
f 1277/2620/2606 1276/2462/2448 1253/2651/2637
f 1413/2653/2639 1415/2627/2613 1420/2626/2612
f 4005/2624/2610 3988/2628/2614 3995/2410/2396
f 3997/2426/2412 3990/2545/2531 3991/2547/2533
f 1618/2588/2574 1617/2654/2640 1622/2589/2575
f 1623/2655/2641 1630/2656/2642 1629/2590/2576
f 1620/2631/2617 1619/2657/2643 1618/2588/2574
f 1629/2590/2576 1637/2658/2644 1881/2632/2618
f 1881/2632/2618 1873/2659/2645 1874/2488/2474
f 1874/2488/2474 1873/2659/2645 1825/2393/2379
f 4008/2482/2468 4002/2630/2616 4073/2633/2619
f 1827/2592/2578 1805/2660/2646 1811/2429/2415
f 4236/2550/2536 4233/2661/2647 4234/2593/2579
f 4234/2593/2579 4232/2662/2648 4235/2490/2476
f 1593/2599/2585 1598/2663/2649 1609/2555/2541
f 1780/2553/2539 1833/2664/2650 1836/2635/2621
f 1588/2598/2584 1590/2665/2651 1593/2599/2585
f 1836/2635/2621 1887/2636/2622 1777/2431/2417
f 3523/2666/2652 3528/2601/2587 3522/2557/2543
f 3528/2601/2587 3536/2667/2653 3465/2497/2483
f 3536/2667/2653 3485/2602/2588 3465/2497/2483
f 4508/2606/2592 4509/2668/2654 4499/2603/2589
f 3485/2602/2588 3486/2669/2655 3484/2560/2546
f 3486/2669/2655 3490/2670/2656 3484/2560/2546
f 4470/2562/2548 4467/2637/2623 4463/2638/2624
f 4470/2562/2548 4463/2638/2624 4471/2564/2550
f 3865/2568/2554 3871/2671/2657 3867/2639/2625
f 4521/2571/2557 4519/2672/2658 4522/2511/2497
f 4522/2511/2497 4519/2672/2658 4539/2513/2499
f 4539/2513/2499 4519/2672/2658 4544/2673/2659
f 4203/2572/2558 4213/2674/2660 4208/2675/2661
f 4203/2572/2558 4208/2675/2661 4194/2573/2559
f 4187/2640/2626 4189/2530/2516 4193/2518/2504
f 1217/2645/2631 1218/2676/2662 1226/2641/2627
f 1217/2645/2631 1212/2608/2594 1216/2677/2663
f 1217/2645/2631 1216/2677/2663 1218/2676/2662
f 1212/2608/2594 1213/2678/2664 1216/2677/2663
f 1212/2608/2594 1200/2607/2593 1182/2679/2665
f 1212/2608/2594 1182/2679/2665 1213/2678/2664
f 1239/2613/2599 1210/2680/2666 1201/2647/2633
f 1239/2613/2599 1201/2647/2633 1275/2524/2510
f 1200/2607/2593 1189/2611/2597 1182/2679/2665
f 1182/2679/2665 1180/2681/2667 1213/2678/2664
f 1239/2613/2599 1211/2682/2668 1210/2680/2666
f 1201/2647/2633 1191/2683/2669 1228/2581/2567
f 1228/2581/2567 1191/2683/2669 1202/2610/2596
f 1202/2610/2596 1188/2684/2670 1189/2611/2597
f 1239/2613/2599 1272/2612/2598 1211/2682/2668
f 1272/2612/2598 1236/2685/2671 1211/2682/2668
f 4196/2458/2444 4195/2615/2601 4197/2459/2445
f 314/2617/2603 288/2686/2672 281/2619/2605
f 1259/2621/2607 1236/2685/2671 1272/2612/2598
f 1403/2649/2635 1414/2687/2673 1418/2650/2636
f 1415/2627/2613 1413/2653/2639 1401/2688/2674
f 1260/2541/2527 1249/2689/2675 1250/2625/2611
f 1415/2627/2613 1401/2688/2674 1400/2543/2529
f 1366/2544/2530 1365/2690/2676 1361/2629/2615
f 3989/2583/2569 3983/2691/2677 3990/2545/2531
f 1368/2423/2409 1375/2692/2678 1384/2546/2532
f 1718/2693/2679 1600/2694/2680 1596/2584/2570
f 1618/2588/2574 1616/2695/2681 1617/2654/2640
f 1595/2548/2534 1584/2696/2682 1585/2591/2577
f 1873/2659/2645 1827/2592/2578 1825/2393/2379
f 1585/2591/2577 1579/2697/2683 1591/2551/2537
f 4236/2550/2536 4250/2698/2684 4233/2661/2647
f 1591/2551/2537 1579/2697/2683 1587/2597/2583
f 1802/2594/2580 1800/2699/2685 1801/2552/2538
f 1801/2552/2538 1800/2699/2685 1798/2596/2582
f 1587/2597/2583 1580/2700/2686 1588/2598/2584
f 3517/2634/2620 3515/2701/2687 3514/2494/2480
f 1887/2636/2622 1840/2702/2688 1781/2554/2540
f 3487/2703/2689 3486/2669/2655 3485/2602/2588
f 4499/2603/2589 4500/2704/2690 4491/2604/2590
f 4491/2604/2590 4500/2704/2690 4479/2705/2691
f 4479/2705/2691 4478/2706/2692 4467/2637/2623
f 4491/2604/2590 4479/2705/2691 4467/2637/2623
f 4463/2638/2624 4495/2707/2693 4485/2566/2552
f 3865/2568/2554 3872/2708/2694 3871/2671/2657
f 1226/2641/2627 1218/2676/2662 1241/2709/2695
f 1218/2676/2662 1216/2677/2663 1219/2710/2696
f 1218/2676/2662 1219/2710/2696 1241/2709/2695
f 1219/2710/2696 1240/2711/2697 1241/2709/2695
f 1216/2677/2663 1213/2678/2664 1219/2710/2696
f 1213/2678/2664 1209/2712/2698 1219/2710/2696
f 4188/2713/2699 4195/2615/2601 4189/2530/2516
f 1219/2710/2696 1209/2712/2698 1240/2711/2697
f 1209/2712/2698 1235/2714/2700 1240/2711/2697
f 1213/2678/2664 1180/2681/2667 1209/2712/2698
f 1189/2611/2597 1181/2715/2701 1182/2679/2665
f 1202/2610/2596 1186/2716/2702 1188/2684/2670
f 1188/2684/2670 1184/2717/2703 1189/2611/2597
f 1189/2611/2597 1184/2717/2703 1181/2715/2701
f 1182/2679/2665 1181/2715/2701 1180/2681/2667
f 1180/2681/2667 1179/2718/2704 1209/2712/2698
f 1209/2712/2698 1179/2718/2704 1203/2719/2705
f 1209/2712/2698 1203/2719/2705 1235/2714/2700
f 1236/2685/2671 1224/2720/2706 1211/2682/2668
f 1181/2715/2701 1178/2721/2707 1180/2681/2667
f 1180/2681/2667 1178/2721/2707 1179/2718/2704
f 1259/2621/2607 1224/2720/2706 1236/2685/2671
f 1414/2687/2673 1402/2722/2708 1413/2653/2639
f 281/2619/2605 210/2723/2709 218/2724/2710
f 277/2725/2711 281/2619/2605 218/2724/2710
f 1413/2653/2639 1402/2722/2708 1401/2688/2674
f 1253/2651/2637 1227/2726/2712 1259/2621/2607
f 1250/2625/2611 1242/2727/2713 1253/2651/2637
f 1253/2651/2637 1242/2727/2713 1227/2726/2712
f 1401/2688/2674 1377/2422/2408 1400/2543/2529
f 1249/2689/2675 1247/2728/2714 1250/2625/2611
f 1250/2625/2611 1247/2728/2714 1242/2727/2713
f 3989/2583/2569 3988/2628/2614 3985/2729/2715
f 1249/2689/2675 1248/2730/2716 1247/2728/2714
f 1377/2422/2408 1365/2690/2676 1366/2544/2530
f 1361/2629/2615 1375/2692/2678 1368/2423/2409
f 3989/2583/2569 3985/2729/2715 3983/2691/2677
f 1251/2731/2717 1291/2732/2718 1270/2733/2719
f 1270/2733/2719 1291/2732/2718 1271/2734/2720
f 1596/2584/2570 1600/2694/2680 1584/2696/2682
f 3983/2691/2677 3991/2547/2533 3990/2545/2531
f 1619/2657/2643 1616/2695/2681 1618/2588/2574
f 1637/2658/2644 1640/2735/2721 1881/2632/2618
f 1881/2632/2618 1640/2735/2721 1873/2659/2645
f 1584/2696/2682 1576/2736/2722 1579/2697/2683
f 1584/2696/2682 1579/2697/2683 1585/2591/2577
f 1805/2660/2646 1804/2737/2723 1802/2594/2580
f 1579/2697/2683 1580/2700/2686 1587/2597/2583
f 1802/2594/2580 1804/2737/2723 1800/2699/2685
f 1800/2699/2685 1799/2738/2724 1798/2596/2582
f 1580/2700/2686 1583/2739/2725 1588/2598/2584
f 1588/2598/2584 1583/2739/2725 1590/2665/2651
f 1798/2596/2582 1799/2738/2724 1780/2553/2539
f 1780/2553/2539 1799/2738/2724 1833/2664/2650
f 1833/2664/2650 1837/2740/2726 1836/2635/2621
f 1836/2635/2621 1837/2740/2726 1840/2702/2688
f 1836/2635/2621 1840/2702/2688 1887/2636/2622
f 3514/2494/2480 3515/2701/2687 3512/2600/2586
f 3513/2556/2542 3512/2600/2586 3522/2557/2543
f 3522/2557/2543 3512/2600/2586 3523/2666/2652
f 4509/2668/2654 4501/2741/2727 4499/2603/2589
f 4499/2603/2589 4501/2741/2727 4500/2704/2690
f 4478/2706/2692 4464/2742/2728 4467/2637/2623
f 4521/2571/2557 4520/2743/2729 4519/2672/2658
f 4194/2573/2559 4208/2675/2661 4187/2640/2626
f 2301/2744/2730 2364/2745/2731 2353/2746/2732
f 2720/2747/2733 2722/2748/2734 2721/2749/2735
f 1210/2680/2666 1194/2750/2736 1201/2647/2633
f 1194/2750/2736 1192/2751/2737 1201/2647/2633
f 1211/2682/2668 1207/2752/2738 1210/2680/2666
f 1210/2680/2666 1207/2752/2738 1194/2750/2736
f 1201/2647/2633 1192/2751/2737 1191/2683/2669
f 1191/2683/2669 1186/2716/2702 1202/2610/2596
f 1186/2716/2702 1184/2717/2703 1188/2684/2670
f 1224/2720/2706 1207/2752/2738 1211/2682/2668
f 1186/2716/2702 1185/2753/2739 1184/2717/2703
f 1184/2717/2703 1183/2754/2740 1181/2715/2701
f 1185/2753/2739 1183/2754/2740 1184/2717/2703
f 1183/2754/2740 1178/2721/2707 1181/2715/2701
f 1203/2719/2705 1204/2755/2741 1235/2714/2700
f 288/2686/2672 210/2723/2709 281/2619/2605
f 1178/2721/2707 1176/2756/2742 1179/2718/2704
f 1179/2718/2704 1176/2756/2742 1203/2719/2705
f 4195/2615/2601 4210/2757/2743 4197/2459/2445
f 1183/2754/2740 1190/2758/2744 1178/2721/2707
f 1176/2756/2742 1204/2755/2741 1203/2719/2705
f 1178/2721/2707 1177/2759/2745 1176/2756/2742
f 1259/2621/2607 1227/2726/2712 1224/2720/2706
f 1401/2688/2674 1402/2722/2708 1362/2760/2746
f 1401/2688/2674 1362/2760/2746 1377/2422/2408
f 1377/2422/2408 1362/2760/2746 1365/2690/2676
f 1248/2730/2716 1246/2761/2747 1247/2728/2714
f 1247/2728/2714 1246/2761/2747 1242/2727/2713
f 1365/2690/2676 1360/2762/2748 1361/2629/2615
f 1248/2730/2716 1251/2731/2717 1246/2761/2747
f 1246/2761/2747 1251/2731/2717 1252/2763/2749
f 1251/2731/2717 1270/2733/2719 1252/2763/2749
f 1270/2733/2719 1271/2734/2720 1252/2763/2749
f 1721/2764/2750 1600/2694/2680 1718/2693/2679
f 1616/2695/2681 1615/2765/2751 1617/2654/2640
f 134/2766/2752 133/2767/2753 175/2768/2754
f 180/2769/2755 134/2766/2752 175/2768/2754
f 1600/2694/2680 1608/2770/2756 1584/2696/2682
f 1584/2696/2682 1608/2770/2756 1592/2771/2757
f 1584/2696/2682 1592/2771/2757 1576/2736/2722
f 1631/2772/2758 1639/2773/2759 1637/2658/2644
f 1576/2736/2722 1575/2774/2760 1579/2697/2683
f 1827/2592/2578 1826/2775/2761 1805/2660/2646
f 4235/2490/2476 4232/2662/2648 4244/2776/2762
f 1579/2697/2683 1575/2774/2760 1580/2700/2686
f 1575/2774/2760 1574/2777/2763 1580/2700/2686
f 1826/2775/2761 1804/2737/2723 1805/2660/2646
f 3517/2634/2620 3531/2778/2764 3515/2701/2687
f 1799/2738/2724 1834/2779/2765 1833/2664/2650
f 1833/2664/2650 1834/2779/2765 1837/2740/2726
f 3512/2600/2586 3521/2780/2766 3523/2666/2652
f 3490/2670/2656 3489/2781/2767 3511/2782/2768
f 3536/2667/2653 3487/2703/2689 3485/2602/2588
f 3872/2708/2694 3874/2783/2769 3871/2671/2657
f 3871/2671/2657 3874/2783/2769 3873/2784/2770
f 3871/2671/2657 3873/2784/2770 3867/2639/2625
f 4538/2570/2556 4536/2785/2771 4521/2571/2557
f 4521/2571/2557 4536/2785/2771 4520/2743/2729
f 4519/2672/2658 4513/2786/2772 4518/2787/2773
f 1194/2750/2736 1193/2788/2774 1192/2751/2737
f 1192/2751/2737 1193/2788/2774 1187/2789/2775
f 1192/2751/2737 1187/2789/2775 1191/2683/2669
f 1191/2683/2669 1187/2789/2775 1186/2716/2702
f 1186/2716/2702 1187/2789/2775 1185/2753/2739
f 1187/2789/2775 1197/2790/2776 1185/2753/2739
f 1185/2753/2739 1190/2758/2744 1183/2754/2740
f 2100/2791/2777 2099/2792/2778 2097/2793/2779
f 1224/2720/2706 1227/2726/2712 1207/2752/2738
f 1190/2758/2744 1177/2759/2745 1178/2721/2707
f 2099/2792/2778 2096/2794/2780 2097/2793/2779
f 1177/2759/2745 1175/2795/2781 1176/2756/2742
f 1176/2756/2742 1205/2796/2782 1204/2755/2741
f 1227/2726/2712 1242/2727/2713 1237/2797/2783
f 1242/2727/2713 1246/2761/2747 1237/2797/2783
f 1246/2761/2747 1232/2798/2784 1237/2797/2783
f 1246/2761/2747 1252/2763/2749 1232/2798/2784
f 1360/2762/2748 1356/2799/2785 1361/2629/2615
f 1252/2763/2749 1278/2800/2786 1232/2798/2784
f 1361/2629/2615 1356/2799/2785 1375/2692/2678
f 1252/2763/2749 1271/2734/2720 1278/2800/2786
f 1271/2734/2720 1289/2801/2787 1278/2800/2786
f 1615/2765/2751 1635/2802/2788 1617/2654/2640
f 1576/2736/2722 1592/2771/2757 1572/2803/2789
f 1619/2657/2643 1613/2804/2790 1604/2805/2791
f 1619/2657/2643 1604/2805/2791 1616/2695/2681
f 1614/2806/2792 1613/2804/2790 1619/2657/2643
f 1640/2735/2721 1641/2807/2793 1873/2659/2645
f 1641/2807/2793 1882/2808/2794 1873/2659/2645
f 76/2809/2795 67/2810/2796 80/2811/2797
f 1598/2663/2649 1597/2812/2798 1614/2806/2792
f 1873/2659/2645 1882/2808/2794 1827/2592/2578
f 1827/2592/2578 1882/2808/2794 1826/2775/2761
f 129/2813/2799 66/2814/2800 130/2815/2801
f 1580/2700/2686 1574/2777/2763 1583/2739/2725
f 4234/2593/2579 4233/2661/2647 4232/2662/2648
f 1804/2737/2723 1816/2816/2802 1800/2699/2685
f 1800/2699/2685 1816/2816/2802 1817/2817/2803
f 1800/2699/2685 1817/2817/2803 1799/2738/2724
f 1817/2817/2803 1818/2818/2804 1799/2738/2724
f 1799/2738/2724 1818/2818/2804 1835/2819/2805
f 1799/2738/2724 1835/2819/2805 1834/2779/2765
f 1837/2740/2726 1839/2820/2806 1840/2702/2688
f 3536/2667/2653 3510/2821/2807 3487/2703/2689
f 3487/2703/2689 3488/2822/2808 3486/2669/2655
f 3486/2669/2655 3489/2781/2767 3490/2670/2656
f 4500/2704/2690 4468/2823/2809 4479/2705/2691
f 4520/2743/2729 4513/2786/2772 4519/2672/2658
f 2353/2746/2732 2364/2745/2731 2365/2824/2810
f 1207/2752/2738 1199/2825/2811 1193/2788/2774
f 1193/2788/2774 1199/2825/2811 1195/2826/2812
f 211/2827/2813 204/2828/2814 210/2723/2709
f 213/2829/2815 211/2827/2813 210/2723/2709
f 1207/2752/2738 1208/2830/2816 1199/2825/2811
f 1187/2789/2775 1193/2788/2774 1195/2826/2812
f 1195/2826/2812 1197/2790/2776 1187/2789/2775
f 1185/2753/2739 1197/2790/2776 1190/2758/2744
f 1227/2726/2712 1208/2830/2816 1207/2752/2738
f 1197/2790/2776 1173/2831/2817 1190/2758/2744
f 1190/2758/2744 1173/2831/2817 1177/2759/2745
f 2096/2794/2780 2075/2832/2818 2097/2793/2779
f 1227/2726/2712 1223/2833/2819 1208/2830/2816
f 1177/2759/2745 1171/2834/2820 1175/2795/2781
f 1365/2690/2676 1362/2760/2746 1360/2762/2748
f 1237/2797/2783 1223/2833/2819 1227/2726/2712
f 1175/2795/2781 1169/2835/2821 1176/2756/2742
f 1169/2835/2821 1170/2836/2822 1176/2756/2742
f 1176/2756/2742 1170/2836/2822 1205/2796/2782
f 1237/2797/2783 1232/2798/2784 1223/2833/2819
f 1278/2800/2786 1243/2837/2823 1232/2798/2784
f 1356/2799/2785 1378/2838/2824 1375/2692/2678
f 1289/2801/2787 1283/2839/2825 1243/2837/2823
f 1721/2764/2750 1692/2840/2826 1600/2694/2680
f 175/2768/2754 128/2841/2827 165/2842/2828
f 128/2841/2827 76/2809/2795 165/2842/2828
f 165/2842/2828 76/2809/2795 184/2843/2829
f 1641/2807/2793 1648/2844/2830 1882/2808/2794
f 184/2843/2829 76/2809/2795 151/2845/2831
f 151/2845/2831 80/2811/2797 81/2846/2832
f 178/2847/2833 129/2813/2799 179/2848/2834
f 129/2813/2799 130/2815/2801 179/2848/2834
f 1882/2808/2794 1648/2844/2830 1826/2775/2761
f 130/2815/2801 70/2849/2835 142/2850/2836
f 1826/2775/2761 1652/2851/2837 1804/2737/2723
f 1804/2737/2723 1652/2851/2837 1816/2816/2802
f 70/2849/2835 83/2852/2838 142/2850/2836
f 1817/2817/2803 1657/2853/2839 1818/2818/2804
f 83/2852/2838 170/2854/2840 143/2855/2841
f 1835/2819/2805 1838/2856/2842 1834/2779/2765
f 1834/2779/2765 1838/2856/2842 1837/2740/2726
f 1837/2740/2726 1838/2856/2842 1839/2820/2806
f 1839/2820/2806 1845/2857/2843 1840/2702/2688
f 3515/2701/2687 3516/2858/2844 3512/2600/2586
f 3516/2858/2844 3521/2780/2766 3512/2600/2586
f 3523/2666/2652 3521/2780/2766 3528/2601/2587
f 3528/2601/2587 3535/2859/2845 3536/2667/2653
f 3536/2667/2653 3535/2859/2845 3510/2821/2807
f 4500/2704/2690 4501/2741/2727 4468/2823/2809
f 4479/2705/2691 4468/2823/2809 4478/2706/2692
f 4536/2785/2771 4535/2860/2846 4520/2743/2729
f 4513/2786/2772 4510/2861/2847 4518/2787/2773
f 3677/2862/2848 3715/2863/2849 3682/2864/2850
f 4187/2640/2626 4188/2713/2699 4189/2530/2516
f 215/2865/2851 214/2866/2852 212/2867/2853
f 4005/2624/2610 3968/2623/2609 3988/2628/2614
f 1199/2825/2811 1198/2868/2854 1195/2826/2812
f 1195/2826/2812 1198/2868/2854 1196/2869/2855
f 1195/2826/2812 1196/2869/2855 1197/2790/2776
f 1197/2790/2776 1196/2869/2855 1174/2870/2856
f 1174/2870/2856 1173/2831/2817 1197/2790/2776
f 1206/2871/2857 1198/2868/2854 1199/2825/2811
f 1208/2830/2816 1206/2871/2857 1199/2825/2811
f 1223/2833/2819 1222/2872/2858 1208/2830/2816
f 1208/2830/2816 1222/2872/2858 1206/2871/2857
f 1173/2831/2817 1172/2873/2859 1177/2759/2745
f 1177/2759/2745 1172/2873/2859 1171/2834/2820
f 1175/2795/2781 1171/2834/2820 1169/2835/2821
f 1169/2835/2821 1166/2874/2860 1168/2875/2861
f 1169/2835/2821 1168/2875/2861 1170/2836/2822
f 1170/2836/2822 1168/2875/2861 1220/2876/2862
f 1223/2833/2819 1232/2798/2784 1222/2872/2858
f 1171/2834/2820 1166/2874/2860 1169/2835/2821
f 1171/2834/2820 1172/2873/2859 1166/2874/2860
f 190/2877/2863 193/2878/2864 196/2879/2865
f 1243/2837/2823 1234/2880/2866 1232/2798/2784
f 1232/2798/2784 1234/2880/2866 1222/2872/2858
f 1168/2875/2861 1214/2881/2867 1220/2876/2862
f 1615/2765/2751 1612/2882/2868 1635/2802/2788
f 1243/2837/2823 1283/2839/2825 1234/2880/2866
f 1375/2692/2678 1378/2838/2824 1407/2883/2869
f 1600/2694/2680 1692/2840/2826 1672/2884/2870
f 1600/2694/2680 1672/2884/2870 1608/2770/2756
f 1592/2771/2757 1694/2885/2871 1572/2803/2789
f 1572/2803/2789 1694/2885/2871 1586/2886/2872
f 1572/2803/2789 1586/2886/2872 1571/2887/2873
f 1283/2839/2825 1281/2888/2874 1234/2880/2866
f 1234/2880/2866 1281/2888/2874 1262/2889/2875
f 1608/2770/2756 1672/2884/2870 1592/2771/2757
f 1281/2888/2874 1297/2890/2876 1262/2889/2875
f 1297/2890/2876 1269/2891/2877 1262/2889/2875
f 1267/2892/2878 1268/2893/2879 1266/2894/2880
f 1641/2807/2793 1643/2895/2881 1647/2896/2882
f 1297/2890/2876 1296/2897/2883 1269/2891/2877
f 1269/2891/2877 1296/2897/2883 1268/2893/2879
f 1266/2894/2880 1288/2898/2884 1265/2899/2885
f 1265/2899/2885 1288/2898/2884 1257/2900/2886
f 1288/2898/2884 1256/2901/2887 1257/2900/2886
f 1614/2806/2792 1597/2812/2798 1613/2804/2790
f 1296/2897/2883 1298/2902/2888 1266/2894/2880
f 1268/2893/2879 1296/2897/2883 1266/2894/2880
f 1298/2902/2888 1288/2898/2884 1266/2894/2880
f 1288/2898/2884 1292/2903/2889 1256/2901/2887
f 1256/2901/2887 1292/2903/2889 1255/2904/2890
f 1292/2903/2889 1299/2905/2891 1255/2904/2890
f 1652/2851/2837 1653/2906/2892 1816/2816/2802
f 1816/2816/2802 1653/2906/2892 1817/2817/2803
f 1817/2817/2803 1653/2906/2892 1655/2907/2893
f 1817/2817/2803 1655/2907/2893 1657/2853/2839
f 142/2850/2836 143/2855/2841 183/2908/2894
f 3521/2780/2766 3529/2909/2895 3528/2601/2587
f 4501/2741/2727 4506/2910/2896 4468/2823/2809
f 4468/2823/2809 4464/2742/2728 4478/2706/2692
f 3874/2783/2769 3872/2708/2694 3881/2911/2897
f 3874/2783/2769 3881/2911/2897 3873/2784/2770
f 4463/2638/2624 4482/2912/2898 4495/2707/2693
f 3711/2913/2899 3682/2864/2850 3715/2863/2849
f 4208/2675/2661 4209/2914/2900 4187/2640/2626
f 4187/2640/2626 4190/2915/2901 4188/2713/2699
f 1412/2916/2902 1387/2917/2903 1364/2918/2904
f 3988/2628/2614 3986/2919/2905 3985/2729/2715
f 1360/2762/2748 1362/2760/2746 1354/2920/2906
f 1198/2868/2854 1162/2921/2907 1196/2869/2855
f 1196/2869/2855 1154/2922/2908 1174/2870/2856
f 1196/2869/2855 1162/2921/2907 1154/2922/2908
f 1174/2870/2856 1154/2922/2908 1156/2923/2909
f 1156/2923/2909 1173/2831/2817 1174/2870/2856
f 1156/2923/2909 1159/2924/2910 1173/2831/2817
f 1206/2871/2857 1163/2925/2911 1198/2868/2854
f 1198/2868/2854 1163/2925/2911 1162/2921/2907
f 1173/2831/2817 1160/2926/2912 1172/2873/2859
f 1354/2920/2906 1356/2799/2785 1360/2762/2748
f 1159/2924/2910 1160/2926/2912 1173/2831/2817
f 1222/2872/2858 1225/2927/2913 1206/2871/2857
f 1206/2871/2857 1225/2927/2913 1163/2925/2911
f 1172/2873/2859 1160/2926/2912 1166/2874/2860
f 1222/2872/2858 1234/2880/2866 1225/2927/2913
f 1160/2926/2912 1165/2928/2914 1166/2874/2860
f 1163/2925/2911 1225/2927/2913 1261/2929/2915
f 1165/2928/2914 1167/2930/2916 1166/2874/2860
f 1167/2930/2916 1214/2881/2867 1168/2875/2861
f 1166/2874/2860 1167/2930/2916 1168/2875/2861
f 1214/2881/2867 1221/2931/2917 1220/2876/2862
f 1244/2932/2918 1267/2892/2878 1164/2933/2919
f 1267/2892/2878 1258/2934/2920 1164/2933/2919
f 1258/2934/2920 1231/2935/2921 1165/2928/2914
f 1165/2928/2914 1231/2935/2921 1167/2930/2916
f 1234/2880/2866 1262/2889/2875 1261/2929/2915
f 1225/2927/2913 1234/2880/2866 1261/2929/2915
f 1261/2929/2915 1269/2891/2877 1244/2932/2918
f 1269/2891/2877 1267/2892/2878 1244/2932/2918
f 1167/2930/2916 1215/2936/2922 1214/2881/2867
f 1214/2881/2867 1215/2936/2922 1221/2931/2917
f 1262/2889/2875 1269/2891/2877 1261/2929/2915
f 1269/2891/2877 1268/2893/2879 1267/2892/2878
f 1258/2934/2920 1267/2892/2878 1266/2894/2880
f 1265/2899/2885 1257/2900/2886 1258/2934/2920
f 1257/2900/2886 1231/2935/2921 1258/2934/2920
f 1592/2771/2757 1674/2937/2923 1694/2885/2871
f 1258/2934/2920 1266/2894/2880 1265/2899/2885
f 1231/2935/2921 1256/2901/2887 1229/2938/2924
f 1231/2935/2921 1229/2938/2924 1167/2930/2916
f 1167/2930/2916 1229/2938/2924 1215/2936/2922
f 1231/2935/2921 1257/2900/2886 1256/2901/2887
f 1647/2896/2882 1649/2939/2925 1648/2844/2830
f 1256/2901/2887 1255/2904/2890 1229/2938/2924
f 1255/2904/2890 1254/2940/2926 1229/2938/2924
f 3983/2691/2677 3984/2941/2927 3991/2547/2533
f 3991/2547/2533 3984/2941/2927 3994/2942/2928
f 3991/2547/2533 3994/2942/2928 4002/2630/2616
f 1255/2904/2890 1282/2943/2929 1254/2940/2926
f 1650/2944/2930 1651/2945/2931 1652/2851/2837
f 1652/2851/2837 1651/2945/2931 1653/2906/2892
f 4002/2630/2616 4014/2946/2932 4073/2633/2619
f 4250/2698/2684 4238/2947/2933 4233/2661/2647
f 3531/2778/2764 3519/2948/2934 3515/2701/2687
f 1655/2907/2893 1656/2949/2935 1657/2853/2839
f 1835/2819/2805 1658/2950/2936 1838/2856/2842
f 1838/2856/2842 1659/2951/2937 1845/2857/2843
f 1838/2856/2842 1845/2857/2843 1839/2820/2806
f 3488/2822/2808 3491/2952/2938 3489/2781/2767
f 4507/2953/2939 4506/2910/2896 4501/2741/2727
f 4474/2954/2940 4458/2955/2941 4468/2823/2809
f 4468/2823/2809 4458/2955/2941 4464/2742/2728
f 4464/2742/2728 4458/2955/2941 4463/2638/2624
f 3881/2911/2897 3882/2956/2942 3873/2784/2770
f 3872/2708/2694 3883/2957/2943 3881/2911/2897
f 4520/2743/2729 4535/2860/2846 4524/2958/2944
f 4520/2743/2729 4524/2958/2944 4513/2786/2772
f 4187/2640/2626 4209/2914/2900 4190/2915/2901
f 4188/2713/2699 4192/2959/2945 4195/2615/2601
f 3970/2652/2638 3971/2960/2946 3968/2623/2609
f 1364/2918/2904 1358/2961/2947 1363/2962/2948
f 1363/2962/2948 1358/2961/2947 1362/2760/2746
f 3986/2919/2905 3981/2963/2949 3985/2729/2715
f 1362/2760/2746 1358/2961/2947 1354/2920/2906
f 1162/2921/2907 1155/2964/2950 1154/2922/2908
f 1154/2922/2908 1155/2964/2950 1156/2923/2909
f 1162/2921/2907 1161/2965/2951 1155/2964/2950
f 1155/2964/2950 1157/2966/2952 1156/2923/2909
f 1156/2923/2909 1157/2966/2952 1158/2967/2953
f 1163/2925/2911 1161/2965/2951 1162/2921/2907
f 1155/2964/2950 1161/2965/2951 1157/2966/2952
f 1156/2923/2909 1158/2967/2953 1159/2924/2910
f 1159/2924/2910 1158/2967/2953 1160/2926/2912
f 1356/2799/2785 1355/2968/2954 1378/2838/2824
f 1163/2925/2911 1244/2932/2918 1161/2965/2951
f 1161/2965/2951 1244/2932/2918 1157/2966/2952
f 1157/2966/2952 1164/2933/2919 1158/2967/2953
f 1158/2967/2953 1164/2933/2919 1160/2926/2912
f 1160/2926/2912 1164/2933/2919 1165/2928/2914
f 1163/2925/2911 1261/2929/2915 1244/2932/2918
f 1157/2966/2952 1244/2932/2918 1164/2933/2919
f 1164/2933/2919 1258/2934/2920 1165/2928/2914
f 1378/2838/2824 1386/2969/2955 1407/2883/2869
f 1586/2886/2872 1708/2970/2956 1569/2971/2957
f 1586/2886/2872 1569/2971/2957 1568/2972/2958
f 1694/2885/2871 1690/2973/2959 1698/2974/2960
f 1694/2885/2871 1698/2974/2960 1586/2886/2872
f 1215/2936/2922 1230/2975/2961 1221/2931/2917
f 1672/2884/2870 1674/2937/2923 1592/2771/2757
f 1670/2976/2962 1671/2977/2963 1649/2939/2925
f 1229/2938/2924 1230/2975/2961 1215/2936/2922
f 1230/2975/2961 1233/2978/2964 1221/2931/2917
f 1229/2938/2924 1254/2940/2926 1230/2975/2961
f 337/2979/2965 320/2980/2966 335/2981/2967
f 1254/2940/2926 1233/2978/2964 1230/2975/2961
f 334/2982/2968 330/2983/2969 336/2984/2970
f 1254/2940/2926 1282/2943/2929 1233/2978/2964
f 2093/2985/2971 2064/2986/2972 2063/2987/2973
f 4233/2661/2647 4230/2988/2974 4232/2662/2648
f 1658/2950/2936 1656/2949/2935 1659/2951/2937
f 3519/2948/2934 3518/2989/2975 3515/2701/2687
f 1659/2951/2937 1661/2990/2976 1845/2857/2843
f 3515/2701/2687 3518/2989/2975 3516/2858/2844
f 3489/2781/2767 3491/2952/2938 3492/2991/2977
f 4457/2992/2978 4482/2912/2898 4463/2638/2624
f 4458/2955/2941 4457/2992/2978 4463/2638/2624
f 4513/2786/2772 4511/2993/2979 4510/2861/2847
f 4188/2713/2699 4191/2994/2980 4192/2959/2945
f 2364/2745/2731 2368/2995/2981 2367/2996/2982
f 1387/2917/2903 1390/2997/2983 1376/2998/2984
f 1387/2917/2903 1376/2998/2984 1364/2918/2904
f 1364/2918/2904 1376/2998/2984 1358/2961/2947
f 3968/2623/2609 3971/2960/2946 3988/2628/2614
f 1358/2961/2947 1357/2999/2985 1354/2920/2906
f 1354/2920/2906 1357/2999/2985 1355/2968/2954
f 1354/2920/2906 1355/2968/2954 1356/2799/2785
f 1378/2838/2824 1355/2968/2954 1386/2969/2955
f 1569/2971/2957 1662/3000/2986 1577/3001/2987
f 1698/2974/2960 1708/2970/2956 1586/2886/2872
f 1674/2937/2923 1690/2973/2959 1694/2885/2871
f 3994/2942/2928 4014/2946/2932 4002/2630/2616
f 4230/2988/2974 4231/3002/2988 4232/2662/2648
f 4232/2662/2648 4231/3002/2988 4249/3003/2989
f 3518/2989/2975 3521/2780/2766 3516/2858/2844
f 3529/2909/2895 3534/3004/2990 3535/2859/2845
f 3492/2991/2977 3493/3005/2991 3489/2781/2767
f 4507/2953/2939 4505/3006/2992 4506/2910/2896
f 4524/2958/2944 4511/2993/2979 4513/2786/2772
f 3682/2864/2850 3710/3007/2993 3686/3008/2994
f 4188/2713/2699 4190/2915/2901 4191/2994/2980
f 1376/2998/2984 1359/3009/2995 1358/2961/2947
f 3988/2628/2614 3971/2960/2946 3986/2919/2905
f 1359/3009/2995 1357/2999/2985 1358/2961/2947
f 1355/2968/2954 1395/3010/2996 1386/2969/2955
f 322/3011/2997 294/3012/2998 298/3013/2999
f 298/3013/2999 297/3014/3000 322/3011/2997
f 1708/2970/2956 1699/3015/3001 1569/2971/2957
f 1577/3001/2987 1578/3016/3002 1573/3017/3003
f 1692/2840/2826 1688/3018/3004 1672/2884/2870
f 1698/2974/2960 1699/3015/3001 1708/2970/2956
f 4238/2947/2933 4229/3019/3005 4233/2661/2647
f 3520/3020/3006 3518/2989/2975 3519/2948/2934
f 3521/2780/2766 3527/3021/3007 3529/2909/2895
f 3491/2952/2938 3509/3022/3008 3492/2991/2977
f 4457/2992/2978 4496/3023/3009 4482/2912/2898
f 3883/2957/2943 3887/3024/3010 3881/2911/2897
f 4535/2860/2846 4533/3025/3011 4524/2958/2944
f 4510/2861/2847 4511/2993/2979 4512/3026/3012
f 4209/2914/2900 4206/3027/3013 4190/2915/2901
f 4192/2959/2945 4200/3028/3014 4198/3029/3015
f 1390/2997/2983 1389/3030/3016 1376/2998/2984
f 3986/2919/2905 3987/3031/3017 3981/2963/2949
f 1577/3001/2987 1662/3000/2986 1578/3016/3002
f 1578/3016/3002 1582/3032/3018 1581/3033/3019
f 1395/3010/2996 1406/3034/3020 1386/2969/2955
f 1717/3035/3021 1702/3036/3022 1692/2840/2826
f 1692/2840/2826 1702/3036/3022 1688/3018/3004
f 1569/2971/2957 1699/3015/3001 1662/3000/2986
f 3981/2963/2949 3982/3037/3023 3983/2691/2677
f 3983/2691/2677 3982/3037/3023 3984/2941/2927
f 1688/3018/3004 1675/3038/3024 1672/2884/2870
f 1672/2884/2870 1675/3038/3024 1674/2937/2923
f 1674/2937/2923 1676/3039/3025 1690/2973/2959
f 3994/2942/2928 3984/2941/2927 3996/3040/3026
f 4233/2661/2647 4229/3019/3005 4230/2988/2974
f 3518/2989/2975 3527/3021/3007 3521/2780/2766
f 3527/3021/3007 3533/3041/3027 3534/3004/2990
f 3527/3021/3007 3534/3004/2990 3529/2909/2895
f 4505/3006/2992 4504/3042/3028 4506/2910/2896
f 4476/3043/3029 4456/3044/3030 4474/2954/2940
f 4474/2954/2940 4456/3044/3030 4458/2955/2941
f 4535/2860/2846 4548/3045/3031 4533/3025/3011
f 4190/2915/2901 4206/3027/3013 4191/2994/2980
f 2368/2995/2981 2385/3046/3032 2369/3047/3033
f 4192/2959/2945 4191/2994/2980 4200/3028/3014
f 1376/2998/2984 1382/3048/3034 1359/3009/2995
f 1382/3048/3034 1381/3049/3035 1359/3009/2995
f 1357/2999/2985 1381/3049/3035 1355/2968/2954
f 1699/3015/3001 1691/3050/3036 1662/3000/2986
f 1699/3015/3001 1698/2974/2960 1685/3051/3037
f 1674/2937/2923 1675/3038/3024 1676/3039/3025
f 3994/2942/2928 3996/3040/3026 4014/2946/2932
f 4504/3042/3028 4475/3052/3038 4476/3043/3029
f 4456/3044/3030 4457/2992/2978 4458/2955/2941
f 4533/3025/3011 4525/3053/3039 4524/2958/2944
f 4524/2958/2944 4525/3053/3039 4511/2993/2979
f 4511/2993/2979 4525/3053/3039 4514/3054/3040
f 4511/2993/2979 4514/3054/3040 4512/3026/3012
f 1389/3030/3016 1382/3048/3034 1376/2998/2984
f 1381/3049/3035 1394/3055/3041 1355/2968/2954
f 1355/2968/2954 1394/3055/3041 1395/3010/2996
f 2988/3056/3042 2987/3057/3043 2986/3058/3044
f 1685/3051/3037 1687/3059/3045 1699/3015/3001
f 1699/3015/3001 1687/3059/3045 1691/3050/3036
f 1698/2974/2960 1690/2973/2959 1685/3051/3037
f 4230/2988/2974 4228/3060/3046 4231/3002/2988
f 4231/3002/2988 4228/3060/3046 4247/3061/3047
f 4231/3002/2988 4247/3061/3047 4249/3003/2989
f 3520/3020/3006 3525/3062/3048 3518/2989/2975
f 3525/3062/3048 3527/3021/3007 3518/2989/2975
f 3493/3005/2991 3494/3063/3049 3495/3064/3050
f 3881/2911/2897 3887/3024/3010 3888/3065/3051
f 4512/3026/3012 4514/3054/3040 4515/3066/3052
f 3971/2960/2946 3987/3031/3017 3986/2919/2905
f 1395/3010/2996 1394/3055/3041 1406/3034/3020
f 3981/2963/2949 3987/3031/3017 3982/3037/3023
f 1690/2973/2959 1676/3039/3025 1685/3051/3037
f 3984/2941/2927 3982/3037/3023 3996/3040/3026
f 3527/3021/3007 3530/3067/3053 3533/3041/3027
f 4475/3052/3038 4460/3068/3054 4456/3044/3030
f 4475/3052/3038 4456/3044/3030 4476/3043/3029
f 3437/3069/3055 3420/3070/3056 3436/3071/3057
f 4457/2992/2978 4488/3072/3058 4496/3023/3009
f 1389/3030/3016 1397/3073/3059 1392/3074/3060
f 1389/3030/3016 1392/3074/3060 1382/3048/3034
f 3971/2960/2946 3973/3075/3061 3987/3031/3017
f 1392/3074/3060 1381/3049/3035 1382/3048/3034
f 1394/3055/3041 1416/3076/3062 1406/3034/3020
f 1702/3036/3022 1684/3077/3063 1688/3018/3004
f 2820/3078/3064 2739/3079/3065 2737/3080/3066
f 1688/3018/3004 1684/3077/3063 1675/3038/3024
f 1675/3038/3024 1677/3081/3067 1676/3039/3025
f 1676/3039/3025 1677/3081/3067 1685/3051/3037
f 4230/2988/2974 4229/3019/3005 4228/3060/3046
f 4014/2946/2932 3996/3040/3026 4017/3082/3068
f 4238/2947/2933 4245/3083/3069 4229/3019/3005
f 3527/3021/3007 3525/3062/3048 3530/3067/3053
f 3533/3041/3027 3530/3067/3053 3503/3084/3070
f 4503/3085/3071 4494/3086/3072 4504/3042/3028
f 4504/3042/3028 4473/3087/3073 4475/3052/3038
f 4477/3088/3074 4460/3068/3054 4475/3052/3038
f 4456/3044/3030 4460/3068/3054 4459/3089/3075
f 4459/3089/3075 4488/3072/3058 4457/2992/2978
f 4456/3044/3030 4459/3089/3075 4457/2992/2978
f 3420/3070/3056 3418/3090/3076 3436/3071/3057
f 4533/3025/3011 4548/3045/3031 4543/3091/3077
f 4533/3025/3011 4543/3091/3077 4534/3092/3078
f 4533/3025/3011 4534/3092/3078 4525/3053/3039
f 4525/3053/3039 4516/3093/3079 4514/3054/3040
f 4514/3054/3040 4516/3093/3079 4515/3066/3052
f 4515/3066/3052 4516/3093/3079 4517/3094/3080
f 4206/3027/3013 4207/3095/3081 4200/3028/3014
f 4191/2994/2980 4206/3027/3013 4200/3028/3014
f 3973/3075/3061 3999/3096/3082 3987/3031/3017
f 1392/3074/3060 1396/3097/3083 1381/3049/3035
f 3999/3096/3082 3998/3098/3084 3987/3031/3017
f 1381/3049/3035 1396/3097/3083 1394/3055/3041
f 3987/3031/3017 3998/3098/3084 3982/3037/3023
f 1675/3038/3024 1678/3099/3085 1677/3081/3067
f 1685/3051/3037 1677/3081/3067 1679/3100/3086
f 1685/3051/3037 1679/3100/3086 1687/3059/3045
f 1687/3059/3045 1679/3100/3086 1683/3101/3087
f 1687/3059/3045 1683/3101/3087 1691/3050/3036
f 4228/3060/3046 4246/3102/3088 4247/3061/3047
f 4502/3103/3089 4494/3086/3072 4503/3085/3071
f 4473/3087/3073 4477/3088/3074 4475/3052/3038
f 4534/3092/3078 4526/3104/3090 4525/3053/3039
f 4525/3053/3039 4526/3104/3090 4516/3093/3079
f 2378/3105/3091 2398/3106/3092 2385/3046/3032
f 4206/3027/3013 4212/3107/3093 4207/3095/3081
f 1397/3073/3059 1405/3108/3094 1392/3074/3060
f 1392/3074/3060 1399/3109/3095 1396/3097/3083
f 1684/3077/3063 1678/3099/3085 1675/3038/3024
f 1678/3099/3085 1679/3100/3086 1677/3081/3067
f 3998/3098/3084 4000/3110/3096 3982/3037/3023
f 3982/3037/3023 4000/3110/3096 3996/3040/3026
f 3996/3040/3026 4003/3111/3097 4017/3082/3068
f 4460/3068/3054 4461/3112/3098 4459/3089/3075
f 4526/3104/3090 4527/3113/3099 4517/3094/3080
f 4516/3093/3079 4526/3104/3090 4517/3094/3080
f 4527/3113/3099 4529/3114/3100 4545/3115/3101
f 4545/3115/3101 4530/3116/3102 4546/3117/3103
f 1392/3074/3060 1405/3108/3094 1399/3109/3095
f 3973/3075/3061 4004/3118/3104 3999/3096/3082
f 4004/3118/3104 3998/3098/3084 3999/3096/3082
f 1394/3055/3041 1417/3119/3105 1416/3076/3062
f 1684/3077/3063 1682/3120/3106 1678/3099/3085
f 1683/3101/3087 1681/3121/3107 1695/3122/3108
f 4000/3110/3096 4003/3111/3097 3996/3040/3026
f 4228/3060/3046 4226/3123/3109 4246/3102/3088
f 3525/3062/3048 3506/3124/3110 3532/3125/3111
f 4493/3126/3112 4465/3127/3113 4494/3086/3072
f 4494/3086/3072 4465/3127/3113 4473/3087/3073
f 4473/3087/3073 4461/3112/3098 4477/3088/3074
f 4477/3088/3074 4461/3112/3098 4460/3068/3054
f 4526/3104/3090 4528/3128/3114 4527/3113/3099
f 4527/3113/3099 4528/3128/3114 4529/3114/3100
f 1410/3129/3115 1411/3130/3116 1396/3097/3083
f 1684/3077/3063 1693/3131/3117 1682/3120/3106
f 1678/3099/3085 1680/3132/3118 1679/3100/3086
f 1680/3132/3118 1681/3121/3107 1679/3100/3086
f 1679/3100/3086 1681/3121/3107 1683/3101/3087
f 4245/3083/3069 4227/3133/3119 4229/3019/3005
f 4497/3134/3120 4487/3135/3121 4493/3126/3112
f 4487/3135/3121 4466/3136/3122 4493/3126/3112
f 4493/3126/3112 4466/3136/3122 4465/3127/3113
f 4465/3127/3113 4462/3137/3123 4461/3112/3098
f 4465/3127/3113 4461/3112/3098 4473/3087/3073
f 4534/3092/3078 4532/3138/3124 4526/3104/3090
f 4526/3104/3090 4532/3138/3124 4528/3128/3114
f 4529/3114/3100 4528/3128/3114 4530/3116/3102
f 4530/3116/3102 4547/3139/3125 4546/3117/3103
f 1396/3097/3083 1411/3130/3116 1417/3119/3105
f 4004/3118/3104 4010/3140/3126 3998/3098/3084
f 1682/3120/3106 1680/3132/3118 1678/3099/3085
f 4010/3140/3126 4009/3141/3127 4000/3110/3096
f 3998/3098/3084 4010/3140/3126 4000/3110/3096
f 4000/3110/3096 4009/3141/3127 4003/3111/3097
f 4226/3123/3109 4224/3142/3128 4225/3143/3129
f 4225/3143/3129 4224/3142/3128 4223/3144/3130
f 4223/3144/3130 4222/3145/3131 4239/3146/3132
f 4239/3146/3132 4222/3145/3131 4240/3147/3133
f 4240/3147/3133 4222/3145/3131 4241/3148/3134
f 4226/3123/3109 4227/3133/3119 4224/3142/3128
f 4487/3135/3121 4469/3149/3135 4466/3136/3122
f 4465/3127/3113 4466/3136/3122 4462/3137/3123
f 4461/3112/3098 4462/3137/3123 4459/3089/3075
f 4532/3138/3124 4531/3150/3136 4528/3128/3114
f 4528/3128/3114 4531/3150/3136 4530/3116/3102
f 3734/3151/3137 3724/3152/3138 3753/3153/3139
f 3743/3154/3140 3753/3153/3139 3704/3155/3141
f 3743/3154/3140 3707/3156/3142 3744/3157/3143
f 4530/3116/3102 4531/3150/3136 4547/3139/3125
f 1470/3158/3144 1410/3129/3115 1405/3108/3094
f 1682/3120/3106 1686/3159/3145 1680/3132/3118
f 1680/3132/3118 1689/3160/3146 1681/3121/3107
f 4003/3111/3097 4018/3161/3147 4017/3082/3068
f 4245/3083/3069 4251/3162/3148 4227/3133/3119
f 4227/3133/3119 4251/3162/3148 4215/3163/3149
f 4227/3133/3119 4215/3163/3149 4224/3142/3128
f 4224/3142/3128 4215/3163/3149 4217/3164/3150
f 4224/3142/3128 4217/3164/3150 4223/3144/3130
f 4217/3164/3150 4219/3165/3151 4222/3145/3131
f 4223/3144/3130 4217/3164/3150 4222/3145/3131
f 4219/3165/3151 4221/3166/3152 4222/3145/3131
f 4222/3145/3131 4221/3166/3152 4241/3148/3134
f 4487/3135/3121 4490/3167/3153 4469/3149/3135
f 4469/3149/3135 4462/3137/3123 4466/3136/3122
f 4462/3137/3123 4484/3168/3154 4459/3089/3075
f 3413/3169/3155 3408/3170/3156 3406/3171/3157
f 4532/3138/3124 4541/3172/3158 4531/3150/3136
f 2376/3173/3159 2394/3174/3160 2399/3175/3161
f 3976/3176/3162 3977/3177/3163 4012/3178/3164
f 4215/3163/3149 4251/3162/3148 4216/3179/3165
f 4215/3163/3149 4216/3179/3165 4217/3164/3150
f 4216/3179/3165 4218/3180/3166 4217/3164/3150
f 4217/3164/3150 4218/3180/3166 4219/3165/3151
f 4219/3165/3151 4218/3180/3166 4220/3181/3167
f 4219/3165/3151 4220/3181/3167 4221/3166/3152
f 4490/3167/3153 4481/3182/3168 4469/3149/3135
f 4469/3149/3135 4481/3182/3168 4480/3183/3169
f 4469/3149/3135 4480/3183/3169 4462/3137/3123
f 4480/3183/3169 4484/3168/3154 4462/3137/3123
f 3408/3170/3156 3401/3184/3170 3406/3171/3157
f 3381/3185/3171 3375/3186/3172 3371/3187/3173
f 3378/3188/3174 3376/3189/3175 3422/3190/3176
f 4216/3179/3165 4253/3191/3177 4252/3192/3178
f 4216/3179/3165 4252/3192/3178 4218/3180/3166
f 4218/3180/3166 4252/3192/3178 4220/3181/3167
f 4220/3181/3167 4252/3192/3178 4254/3193/3179
f 4481/3182/3168 4492/3194/3180 4480/3183/3169
f 3369/3195/3181 3357/3196/3182 3364/3197/3183
f 3356/3198/3184 3393/3199/3185 3360/3200/3186
f 3360/3200/3186 3393/3199/3185 3397/3201/3187
f 3360/3200/3186 3397/3201/3187 3373/3202/3188
f 3373/3202/3188 3397/3201/3187 3400/3203/3189
f 3399/3204/3190 3398/3205/3191 3402/3206/3192
f 3377/3207/3193 3389/3208/3194 3356/3198/3184
f 3356/3198/3184 3389/3208/3194 3392/3209/3195
f 3356/3198/3184 3392/3209/3195 3393/3199/3185
f 3212/3210/3196 3222/3211/3197 3171/3212/3198
f 3194/3213/3199 3212/3210/3196 3171/3212/3198
f 3265/179/177 3270/183/181 3274/3214/3200
f 3276/203/201 3256/184/182 3259/171/169
f 3277/204/202 3259/171/169 3268/173/171
f 3171/3212/3198 3227/3215/3201 3189/3216/3202
f 4281/275/273 4301/3217/3203 4288/3218/3204
f 4288/3218/3204 4301/3217/3203 4287/238/236
f 4301/3217/3203 4304/3219/3205 4287/238/236
f 4287/238/236 4304/3219/3205 4262/239/237
f 4262/239/237 4304/3219/3205 4303/3220/3206
f 4262/239/237 4303/3220/3206 4286/3221/3207
f 3303/3222/3208 3283/235/233 3277/204/202
f 4281/275/273 4288/3218/3204 4256/3223/3209
f 4256/3223/3209 4288/3218/3204 4287/238/236
f 4256/3223/3209 4287/238/236 4258/237/235
f 3195/3224/3210 3194/3213/3199 3170/3225/3211
f 3170/3225/3211 3194/3213/3199 3171/3212/3198
f 4255/3226/3212 4281/275/273 4256/3223/3209
f 4255/3226/3212 4256/3223/3209 4257/3227/3213
f 4257/3227/3213 4256/3223/3209 4258/237/235
f 4257/3227/3213 4258/237/235 4259/3228/3214
f 4259/3228/3214 4258/237/235 4260/3229/3215
f 4260/3229/3215 4258/237/235 4262/239/237
f 4262/239/237 4286/3221/3207 4285/3230/3216
f 867/244/242 873/246/244 906/280/278
f 888/303/301 867/244/242 906/280/278
f 906/280/278 890/248/246 908/308/306
f 3594/260/258 3625/287/285 3626/262/260
f 3626/262/260 3628/289/287 3627/263/261
f 3627/263/261 3628/289/287 3629/264/262
f 3629/264/262 3631/292/290 3630/265/263
f 4265/3231/3217 4255/3226/3212 4263/3232/3218
f 4147/306/304 4158/278/276 4183/3233/3219
f 4263/3232/3218 4255/3226/3212 4257/3227/3213
f 4261/3234/3220 4259/3228/3214 4260/3229/3215
f 4261/3234/3220 4260/3229/3215 4264/3235/3221
f 4260/3229/3215 4262/239/237 4264/3235/3221
f 4264/3235/3221 4262/239/237 4285/3230/3216
f 888/303/301 906/280/278 903/398/396
f 3626/262/260 3625/287/285 3573/288/286
f 3279/267/265 3284/295/293 3288/322/320
f 3297/324/322 3283/235/233 3303/3222/3208
f 865/301/299 859/271/269 866/3236/3222
f 866/3236/3222 859/271/269 858/350/348
f 860/274/272 888/303/301 877/356/354
f 4284/276/274 4281/275/273 4266/392/390
f 4266/392/390 4281/275/273 4255/3226/3212
f 4266/392/390 4255/3226/3212 4265/3231/3217
f 4263/3232/3218 4257/3227/3213 4299/3237/3223
f 4299/3237/3223 4257/3227/3213 4259/3228/3214
f 4299/3237/3223 4259/3228/3214 4300/3238/3224
f 4300/3238/3224 4259/3228/3214 4261/3234/3220
f 4267/3239/3225 4265/3231/3217 4269/3240/3226
f 4269/3240/3226 4265/3231/3217 4263/3232/3218
f 4261/3234/3220 4264/3235/3221 4290/3241/3227
f 4264/3235/3221 4285/3230/3216 4290/3241/3227
f 877/356/354 888/303/301 903/398/396
f 903/398/396 906/280/278 912/400/398
f 912/400/398 906/280/278 922/334/332
f 4340/270/268 4337/325/323 4338/377/375
f 4340/270/268 4338/377/375 4351/326/324
f 3759/382/380 3762/394/392 3760/358/356
f 3807/361/359 3809/359/357 3810/384/382
f 4135/362/360 4147/306/304 4183/3233/3219
f 922/334/332 908/308/306 921/365/363
f 3189/3216/3202 3204/3242/3228 3186/3243/3229
f 3186/3243/3229 3204/3242/3228 3207/3244/3230
f 4338/377/375 4337/325/323 4335/422/420
f 4369/378/376 4338/377/375 4335/422/420
f 2217/353/351 2236/352/350 2239/3245/3231
f 2229/380/378 2235/354/352 2202/379/377
f 4266/392/390 4265/3231/3217 4267/3239/3225
f 4153/473/471 4135/362/360 4183/3233/3219
f 912/400/398 922/334/332 929/429/427
f 929/429/427 922/334/332 921/365/363
f 3171/3212/3198 3189/3216/3202 3186/3243/3229
f 4380/294/292 4395/373/371 4381/374/372
f 4337/325/323 4336/376/374 4335/422/420
f 866/3236/3222 858/350/348 874/3246/3232
f 929/429/427 921/365/363 940/3247/3233
f 921/365/363 957/430/428 940/3247/3233
f 3310/3248/3234 3301/349/347 3306/439/437
f 3306/439/437 3302/420/418 3305/440/438
f 2220/3249/3235 2217/353/351 2239/3245/3231
f 858/350/348 856/351/349 857/521/519
f 2202/379/377 2217/353/351 2204/3250/3236
f 3771/396/394 3770/395/393 3780/471/469
f 4289/393/391 4266/392/390 4270/3251/3237
f 937/453/451 929/429/427 940/3247/3233
f 937/453/451 940/3247/3233 958/3252/3238
f 3172/3253/3239 3224/3254/3240 3173/3255/3241
f 2220/3249/3235 2239/3245/3231 2241/3256/3242
f 2204/3250/3236 2217/353/351 2220/3249/3235
f 2229/380/378 2202/379/377 2196/470/468
f 4266/392/390 4267/3239/3225 4268/3257/3243
f 4268/3257/3243 4267/3239/3225 4278/662/658
f 2984/3258/3244 2983/476/474 2982/3259/3245
f 2982/3259/3245 2983/476/474 2966/478/476
f 2966/478/476 2967/477/475 2961/480/478
f 2220/3249/3235 2241/3256/3242 2240/3260/3246
f 874/3246/3232 858/350/348 857/521/519
f 3754/445/443 3757/443/441 3755/465/463
f 2196/470/468 2202/379/377 2192/610/608
f 2192/610/608 2202/379/377 2204/3250/3236
f 4270/3251/3237 4266/392/390 4268/3257/3243
f 4277/664/660 4268/3257/3243 4278/662/658
f 2982/3259/3245 2966/478/476 2981/582/580
f 2981/582/580 2966/478/476 2961/480/478
f 4765/515/513 4764/605/603 4760/550/548
f 2240/3260/3246 2241/3256/3242 2256/3261/3247
f 876/3262/3248 874/3246/3232 857/521/519
f 2219/3263/3249 2220/3249/3235 2240/3260/3246
f 3173/3255/3241 3170/3225/3211 3172/3253/3239
f 2960/168/166 2961/480/478 2962/539/537
f 3804/492/490 3812/466/464 3821/609/607
f 2204/3250/3236 2220/3249/3235 2219/3263/3249
f 2192/610/608 2204/3250/3236 2203/3264/3250
f 2047/3265/3251 2046/3266/3252 2045/3267/3253
f 4291/3268/3254 4289/393/391 4270/3251/3237
f 2046/3266/3252 2044/3269/3255 2045/3267/3253
f 2045/3267/3253 2044/3269/3255 2043/3270/3256
f 2044/3269/3255 2042/3271/3257 2043/3270/3256
f 2043/3270/3256 2042/3271/3257 2041/3272/3258
f 4662/670/666 4661/574/572 4667/573/571
f 2963/169/167 2964/170/168 2965/3273/3259
f 2960/168/166 2981/582/580 2961/480/478
f 2041/3272/3258 2042/3271/3257 2039/3274/3260
f 7/3275/3261 8/3276/3261 9/3277/3261
f 2964/170/168 2962/539/3262 2965/3273/3259
f 3171/3212/3198 3186/3243/3229 3185/3278/3263
f 4748/795/791 4759/513/511 4760/550/548
f 3761/608/606 3766/491/489 3804/492/490
f 3803/656/652 3804/492/490 3821/609/607
f 857/521/519 854/468/466 872/3279/3264
f 2203/3264/3250 2204/3250/3236 2219/3263/3249
f 757/555/553 759/556/554 814/3280/3265
f 762/661/657 754/557/555 757/555/553
f 4291/3268/3254 4270/3251/3237 4272/3281/3266
f 4270/3251/3237 4268/3257/3243 4271/3282/3267
f 4271/3282/3267 4268/3257/3243 4277/664/660
f 974/3283/3268 977/3284/3269 970/3285/3270
f 977/3284/3269 974/3283/3268 1025/3286/3271
f 4660/631/629 4661/574/572 4662/670/666
f 4662/670/666 4667/573/571 4665/671/667
f 4655/3287/3272 4657/3288/3273 4653/632/630
f 4653/632/630 4657/3288/3273 4658/572/570
f 3187/3289/3274 3186/3243/3229 3205/3290/3275
f 3186/3243/3229 3229/3291/3276 3205/3290/3275
f 4753/607/605 4748/795/791 4760/550/548
f 3821/609/607 3822/519/517 3823/3292/3277
f 872/3279/3264 854/468/466 852/3293/3278
f 2193/944/940 2192/610/608 2203/3264/3250
f 852/3293/3278 854/468/466 853/493/491
f 852/3293/3278 853/493/491 845/659/655
f 2191/611/609 2192/610/608 2193/944/940
f 821/3294/3279 757/555/553 814/3280/3265
f 762/661/657 757/555/553 821/3294/3279
f 2048/3295/3280 2047/3265/3251 2045/3267/3253
f 1017/3296/3281 1015/3297/3282 973/3298/3283
f 4292/907/903 4291/3268/3254 4272/3281/3266
f 4272/3281/3266 4270/3251/3237 4271/3282/3267
f 742/666/662 750/665/661 774/709/705
f 972/3299/3284 973/3298/3283 971/3300/3285
f 973/3298/3283 1015/3297/3282 974/3283/3268
f 971/3300/3285 973/3298/3283 974/3283/3268
f 968/3301/3286 972/3299/3284 971/3300/3285
f 968/3301/3286 971/3300/3285 970/3285/3270
f 969/3302/3287 968/3301/3286 970/3285/3270
f 970/3285/3270 971/3300/3285 974/3283/3268
f 991/3303/3288 969/3302/3287 970/3285/3270
f 4660/631/629 4662/670/666 4663/769/765
f 4669/3304/3289 4660/631/629 4663/769/765
f 4663/769/765 4662/670/666 4664/672/668
f 4652/3305/3290 4655/3287/3272 4653/632/630
f 991/3303/3288 970/3285/3270 993/3306/3291
f 993/3306/3291 970/3285/3270 977/3284/3269
f 993/3306/3291 977/3284/3269 1027/3307/3292
f 1027/3307/3292 977/3284/3269 1025/3286/3271
f 1027/3307/3292 1025/3286/3271 1072/3308/3293
f 2040/3309/3294 2041/3272/3258 2039/3274/3260
f 4435/594/592 4434/648/644 4443/733/729
f 4404/698/694 4407/601/599 4406/697/693
f 4368/701/697 4332/517/515 4334/655/651
f 3803/656/652 3821/609/607 3825/833/829
f 2219/3263/3249 2240/3260/3246 2218/3310/3295
f 2218/3310/3295 2240/3260/3246 2245/3311/3296
f 2240/3260/3246 2256/3261/3247 2245/3311/3296
f 876/3262/3248 857/521/519 881/3312/3297
f 881/3312/3297 857/521/519 872/3279/3264
f 2194/3313/3298 2191/611/609 2193/944/940
f 821/3294/3279 814/3280/3265 956/3314/3299
f 954/3315/3300 814/3280/3265 759/556/554
f 802/708/704 762/661/657 821/3294/3279
f 2048/3295/3280 2045/3267/3253 2049/3316/3301
f 774/709/705 755/615/613 802/708/704
f 1003/3317/3302 1017/3296/3281 973/3298/3283
f 4271/3282/3267 4277/664/660 4283/663/659
f 760/802/798 736/710/706 742/666/662
f 760/802/798 742/666/662 776/712/708
f 998/3318/3303 1003/3317/3302 972/3299/3284
f 972/3299/3284 1003/3317/3302 973/3298/3283
f 967/3319/3304 972/3299/3284 968/3301/3286
f 966/3320/3305 967/3319/3304 968/3301/3286
f 966/3320/3305 968/3301/3286 969/3302/3287
f 976/3321/3306 966/3320/3305 969/3302/3287
f 976/3321/3306 969/3302/3287 992/3322/3307
f 992/3322/3307 969/3302/3287 991/3303/3288
f 4656/771/767 4652/3305/3290 4654/669/665
f 996/3323/3308 992/3322/3307 991/3303/3288
f 4652/3305/3290 4653/632/630 4654/669/665
f 996/3323/3308 991/3303/3288 993/3306/3291
f 1028/3324/3309 996/3323/3308 993/3306/3291
f 1028/3324/3309 993/3306/3291 1027/3307/3292
f 2973/730/726 2975/675/671 2971/646/642
f 4759/513/511 4748/795/791 4745/3325/3310
f 4753/607/605 4754/606/604 4744/3326/3311
f 4746/796/792 4753/607/605 4744/3326/3311
f 3756/552/550 3761/608/606 3764/3327/3312
f 3764/3327/3312 3761/608/606 3801/746/742
f 3801/746/742 3803/656/652 3825/833/829
f 3825/833/829 3821/609/607 3823/3292/3277
f 2203/3264/3250 2219/3263/3249 2218/3310/3295
f 852/3293/3278 845/659/655 851/889/885
f 2209/747/743 2191/611/609 2194/3313/3298
f 845/659/655 840/704/700 841/897/893
f 959/3328/3313 956/3314/3299 814/3280/3265
f 959/3328/3313 814/3280/3265 954/3315/3300
f 955/3329/3314 821/3294/3279 956/3314/3299
f 774/709/705 802/708/704 810/3330/3315
f 713/706/702 690/757/753 707/750/746
f 4292/907/903 4272/3281/3266 4274/3331/3316
f 688/758/754 690/757/753 689/3332/3317
f 671/759/755 688/758/754 689/3332/3317
f 972/3299/3284 997/3333/3318 998/3318/3303
f 997/3333/3318 972/3299/3284 967/3319/3304
f 965/3334/3319 997/3333/3318 967/3319/3304
f 964/3335/3320 963/3336/3321 960/3337/3322
f 960/3337/3322 963/3336/3321 961/3338/3323
f 960/3337/3322 961/3338/3323 962/3339/3324
f 961/3338/3323 965/3334/3319 962/3339/3324
f 962/3339/3324 965/3334/3319 966/3320/3305
f 965/3334/3319 967/3319/3304 966/3320/3305
f 964/3335/3320 960/3337/3322 979/3340/3325
f 980/3341/3326 964/3335/3320 979/3340/3325
f 960/3337/3322 962/3339/3324 975/3342/3327
f 975/3342/3327 962/3339/3324 966/3320/3305
f 975/3342/3327 966/3320/3305 976/3321/3306
f 4656/771/767 4659/719/715 4670/3343/3328
f 4659/719/715 4660/631/629 4668/3344/3329
f 4668/3344/3329 4660/631/629 4669/3304/3289
f 4669/3304/3289 4663/769/765 4668/3344/3329
f 4668/3344/3329 4663/769/765 4666/768/764
f 979/3340/3325 960/3337/3322 978/3345/3330
f 960/3337/3322 975/3342/3327 978/3345/3330
f 4324/772/768 4326/812/808 4323/773/769
f 975/3342/3327 976/3321/3306 1018/3346/3331
f 1018/3346/3331 976/3321/3306 992/3322/3307
f 1018/3346/3331 992/3322/3307 996/3323/3308
f 1026/3347/3332 996/3323/3308 1028/3324/3309
f 1040/3348/3333 1028/3324/3309 1068/3349/3334
f 1068/3349/3334 1028/3324/3309 1027/3307/3292
f 1068/3349/3334 1027/3307/3292 1075/3350/3335
f 1075/3350/3335 1027/3307/3292 1072/3308/3293
f 2039/3274/3260 2051/3351/3336 2036/3352/3337
f 3185/3278/3263 3186/3243/3229 3187/3289/3274
f 3765/799/795 3756/552/550 3764/3327/3312
f 2201/1019/1015 2203/3264/3250 2218/3310/3295
f 852/3293/3278 881/3312/3297 872/3279/3264
f 2193/944/940 2203/3264/3250 2201/1019/1015
f 851/889/885 845/659/655 850/890/886
f 3168/3353/3338 3172/3253/3239 3170/3225/3211
f 850/890/886 845/659/655 841/897/893
f 831/3354/3339 821/3294/3279 955/3329/3314
f 810/3330/3315 802/708/704 831/3354/3339
f 831/3354/3339 802/708/704 821/3294/3279
f 2050/3355/3340 2048/3295/3280 2049/3316/3301
f 776/712/708 774/709/705 810/3330/3315
f 840/704/700 842/614/612 825/806/802
f 4272/3281/3266 4271/3282/3267 4273/3356/3341
f 4274/3331/3316 4272/3281/3266 4273/3356/3341
f 4293/909/905 4291/3268/3254 4292/907/903
f 4152/846/842 4119/474/472 4174/558/556
f 670/3357/3342 672/760/756 671/759/755
f 668/3358/3343 670/3357/3342 671/759/755
f 988/3359/3344 989/3360/3345 963/3336/3321
f 1000/3361/3346 997/3333/3318 965/3334/3319
f 983/3362/3347 987/3363/3348 988/3359/3344
f 963/3336/3321 989/3360/3345 961/3338/3323
f 989/3360/3345 1000/3361/3346 961/3338/3323
f 1000/3361/3346 965/3334/3319 961/3338/3323
f 983/3362/3347 988/3359/3344 964/3335/3320
f 964/3335/3320 988/3359/3344 963/3336/3321
f 3169/3364/3349 3170/3225/3211 3171/3212/3198
f 986/3365/3350 985/3366/3351 981/3367/3352
f 985/3366/3351 984/3368/3353 981/3367/3352
f 981/3367/3352 984/3368/3353 983/3362/3347
f 4671/3369/3354 4656/771/767 4670/3343/3328
f 4670/3343/3328 4659/719/715 4668/3344/3329
f 983/3362/3347 964/3335/3320 981/3367/3352
f 981/3367/3352 964/3335/3320 980/3341/3326
f 986/3365/3350 981/3367/3352 982/3370/3355
f 981/3367/3352 980/3341/3326 982/3370/3355
f 980/3341/3326 979/3340/3325 994/3371/3356
f 994/3371/3356 979/3340/3325 978/3345/3330
f 982/3370/3355 980/3341/3326 994/3371/3356
f 994/3371/3356 978/3345/3330 1019/3372/3357
f 978/3345/3330 975/3342/3327 1019/3372/3357
f 1019/3372/3357 975/3342/3327 1021/3373/3358
f 1021/3373/3358 975/3342/3327 1018/3346/3331
f 1021/3373/3358 1018/3346/3331 1026/3347/3332
f 1026/3347/3332 1018/3346/3331 996/3323/3308
f 1026/3347/3332 1028/3324/3309 1040/3348/3333
f 1075/3350/3335 1072/3308/3293 1078/3374/3359
f 2038/3375/3360 2040/3309/3294 2039/3274/3260
f 2038/3375/3360 2039/3274/3260 2036/3352/3337
f 3764/3327/3312 3801/746/742 3799/3376/3361
f 3825/833/829 3823/3292/3277 3830/3377/3362
f 4375/987/983 4368/701/697 4358/832/828
f 2218/3310/3295 2245/3311/3296 2233/3378/3363
f 2233/3378/3363 2245/3311/3296 2254/3379/3364
f 2254/3379/3364 2245/3311/3296 2256/3261/3247
f 2254/3379/3364 2256/3261/3247 2349/3380/3365
f 2349/3380/3365 2256/3261/3247 2350/883/879
f 2193/944/940 2201/1019/1015 2197/942/938
f 2194/3313/3298 2193/944/940 2195/943/939
f 2206/3381/3366 2209/747/743 2194/3313/3298
f 2949/3382/3367 2951/3383/3368 2952/3384/3369
f 926/3385/3370 955/3329/3314 956/3314/3299
f 2053/3386/3371 2048/3295/3280 2052/3387/3372
f 831/3354/3339 955/3329/3314 926/3385/3370
f 2052/3387/3372 2048/3295/3280 2050/3355/3340
f 3168/3353/3338 3170/3225/3211 3169/3364/3349
f 823/896/892 840/704/700 825/806/802
f 703/756/752 672/760/756 696/899/895
f 4273/3356/3341 4271/3282/3267 4283/663/659
f 670/3357/3342 669/843/839 672/760/756
f 4294/3388/3373 4291/3268/3254 4293/909/905
f 738/898/894 731/844/840 730/763/759
f 988/3359/3344 999/903/899 1007/902/898
f 988/3359/3344 1007/902/898 989/3360/3345
f 667/3389/3374 666/3390/3375 665/841/837
f 665/841/837 669/843/839 668/3358/3343
f 668/3358/3343 669/843/839 670/3357/3342
f 987/3363/3348 999/903/899 988/3359/3344
f 667/3389/3374 665/841/837 668/3358/3343
f 990/3391/3376 987/3363/3348 984/3368/3353
f 984/3368/3353 987/3363/3348 983/3362/3347
f 985/3366/3351 990/3391/3376 984/3368/3353
f 4612/915/911 4613/3392/3377 4595/913/909
f 4595/913/909 4614/3393/3378 4598/1085/1081
f 1016/3394/3379 985/3366/3351 995/3395/3380
f 995/3395/3380 985/3366/3351 986/3365/3350
f 1024/3396/3381 995/3395/3380 986/3365/3350
f 1024/3396/3381 986/3365/3350 982/3370/3355
f 1024/3396/3381 982/3370/3355 1023/3397/3382
f 1023/3397/3382 982/3370/3355 1022/3398/3383
f 1022/3398/3383 982/3370/3355 994/3371/3356
f 994/3371/3356 1019/3372/3357 1029/3399/3384
f 1022/3398/3383 994/3371/3356 1029/3399/3384
f 1029/3399/3384 1019/3372/3357 1030/3400/3385
f 1019/3372/3357 1021/3373/3358 1030/3400/3385
f 1030/3400/3385 1021/3373/3358 1026/3347/3332
f 1030/3400/3385 1026/3347/3332 1040/3348/3333
f 1076/3401/3386 1068/3349/3334 1075/3350/3335
f 4745/3325/3310 4748/795/791 4742/1069/1065
f 4742/1069/1065 4748/795/791 4746/796/792
f 4746/796/792 4744/3326/3311 4740/1070/1066
f 3767/988/984 3765/799/795 3764/3327/3312
f 3830/3377/3362 3827/834/830 3825/833/829
f 2201/1019/1015 2218/3310/3295 2215/1151/1147
f 2215/1151/1147 2218/3310/3295 2233/3378/3363
f 2349/3380/3365 2350/883/879 2498/885/881
f 2498/885/881 2523/884/880 2513/888/884
f 2527/887/883 2526/3402/3387 2513/888/884
f 2206/3381/3366 2194/3313/3298 2195/943/939
f 850/890/886 841/897/893 848/946/942
f 2949/3382/3367 2952/3384/3369 2953/3403/3388
f 926/3385/3370 956/3314/3299 927/3404/3389
f 2949/3382/3367 2950/3405/3390 2951/3383/3368
f 776/712/708 810/3330/3315 778/951/947
f 810/3330/3315 831/3354/3339 811/3406/3391
f 811/3406/3391 831/3354/3339 926/3385/3370
f 4282/908/904 4292/907/903 4274/3331/3316
f 3793/3407/3392 3782/751/747 3786/953/949
f 3789/3408/3393 3793/3407/3392 3786/953/949
f 666/3390/3375 664/905/901 665/841/837
f 696/899/895 672/760/756 669/843/839
f 1001/3409/3394 1006/901/897 999/903/899
f 987/3363/3348 1001/3409/3394 999/903/899
f 1002/3410/3395 1001/3409/3394 990/3391/3376
f 990/3391/3376 1001/3409/3394 987/3363/3348
f 1005/3411/3396 1002/3410/3395 990/3391/3376
f 1016/3394/3379 1005/3411/3396 990/3391/3376
f 1016/3394/3379 990/3391/3376 985/3366/3351
f 4611/3412/3397 4613/3392/3377 4612/915/911
f 4598/1085/1081 4614/3393/3378 4601/1083/1079
f 4601/1083/1079 4614/3393/3378 4615/3413/3398
f 1016/3394/3379 995/3395/3380 1024/3396/3381
f 1016/3394/3379 1024/3396/3381 1020/3414/3399
f 1038/3415/3400 1024/3396/3381 1032/3416/3401
f 1024/3396/3381 1023/3397/3382 1032/3416/3401
f 1032/3416/3401 1023/3397/3382 1031/3417/3402
f 1031/3417/3402 1023/3397/3382 1022/3398/3383
f 1031/3417/3402 1022/3398/3383 1034/3418/3403
f 1034/3418/3403 1022/3398/3383 1029/3399/3384
f 1029/3399/3384 1030/3400/3385 1070/3419/3404
f 1070/3419/3404 1030/3400/3385 1040/3348/3333
f 1040/3348/3333 1068/3349/3334 1066/3420/3405
f 1066/3420/3405 1068/3349/3334 1076/3401/3386
f 1075/3350/3335 1078/3374/3359 1077/3421/3406
f 4317/822/818 4308/683/679 4310/924/920
f 2037/3422/3407 2038/3375/3360 2036/3352/3337
f 4643/876/872 4646/873/869 4649/872/868
f 4740/1070/1066 4742/1069/1065 4746/796/792
f 3799/3376/3361 3801/746/742 3828/941/937
f 3768/657/653 3765/799/795 3767/988/984
f 2233/3378/3363 2254/3379/3364 2243/3423/3408
f 811/3406/3391 926/3385/3370 784/1024/1020
f 926/3385/3370 927/3404/3389 784/1024/1020
f 784/1024/1020 927/3404/3389 830/3424/3409
f 778/951/947 810/3330/3315 811/3406/3391
f 1006/901/897 1008/3425/3410 1007/902/898
f 1008/3425/3410 1009/3426/3411 1007/902/898
f 1007/902/898 1009/3426/3411 1010/3427/3412
f 1004/3428/3413 1001/3409/3394 1002/3410/3395
f 1012/3429/3414 1004/3428/3413 1002/3410/3395
f 1014/3430/3415 1012/3429/3414 1005/3411/3396
f 1012/3429/3414 1002/3410/3395 1005/3411/3396
f 4596/961/957 4595/913/909 4598/1085/1081
f 1014/3430/3415 1005/3411/3396 1020/3414/3399
f 1020/3414/3399 1005/3411/3396 1016/3394/3379
f 4611/3412/3397 4612/915/911 4597/914/910
f 4309/917/913 4323/773/769 4329/912/908
f 1033/3431/3416 1024/3396/3381 1038/3415/3400
f 1039/3432/3417 1032/3416/3401 1031/3417/3402
f 1042/3433/3418 1034/3418/3403 1029/3399/3384
f 1042/3433/3418 1029/3399/3384 1063/3434/3419
f 1070/3419/3404 1040/3348/3333 1069/3435/3420
f 1069/3435/3420 1040/3348/3333 1071/3436/3421
f 1071/3436/3421 1040/3348/3333 1066/3420/3405
f 1076/3401/3386 1075/3350/3335 1077/3421/3406
f 1990/967/963 1991/864/860 2010/927/923
f 4643/876/872 4641/970/966 4646/873/869
f 440/930/926 419/871/867 426/1010/1006
f 3875/831/827 3868/939/935 3866/1103/1099
f 4749/3437/3422 4745/3325/3310 4714/1068/1064
f 4714/1068/1064 4745/3325/3310 4742/1069/1065
f 4741/3438/3423 4740/1070/1066 4744/3326/3311
f 3767/988/984 3764/3327/3312 3796/3439/3424
f 3796/3439/3424 3764/3327/3312 3799/3376/3361
f 3828/941/937 3827/834/830 3829/3440/3425
f 4371/986/982 4358/832/828 4347/940/936
f 2498/885/881 2513/888/884 2500/3441/3426
f 3172/3253/3239 3168/3353/3338 3174/3442/3427
f 784/1024/1020 830/3424/3409 785/1026/1022
f 778/951/947 811/3406/3391 784/1024/1020
f 2058/3443/3428 2053/3386/3371 2052/3387/3372
f 1011/3444/3429 1008/3425/3410 1006/901/897
f 673/3445/3430 662/1033/1029 664/905/901
f 664/905/901 662/1033/1029 663/842/838
f 1011/3444/3429 1006/901/897 1001/3409/3394
f 663/842/838 662/1033/1029 660/906/902
f 4282/908/904 4274/3331/3316 4275/3446/3431
f 1004/3428/3413 1011/3444/3429 1001/3409/3394
f 4274/3331/3316 4273/3356/3341 4275/3446/3431
f 4275/3446/3431 4273/3356/3341 4276/3447/3432
f 1012/3429/3414 1013/3448/3433 1004/3428/3413
f 4602/1088/1084 4597/914/910 4596/961/957
f 4604/998/994 4611/3412/3397 4597/914/910
f 4603/999/995 4604/998/994 4597/914/910
f 4603/999/995 4597/914/910 4602/1088/1084
f 4606/3449/3434 4607/1000/996 4603/999/995
f 1033/3431/3416 1020/3414/3399 1024/3396/3381
f 1038/3415/3400 1032/3416/3401 1039/3432/3417
f 1063/3434/3419 1029/3399/3384 1069/3435/3420
f 1029/3399/3384 1070/3419/3404 1069/3435/3420
f 1035/3450/3435 1034/3418/3403 1041/3451/3436
f 1041/3451/3436 1034/3418/3403 1042/3433/3418
f 1041/3451/3436 1042/3433/3418 1043/3452/3437
f 1066/3420/3405 1076/3401/3386 1067/3453/3438
f 1037/3454/3439 1039/3432/3417 1031/3417/3402
f 1031/3417/3402 1034/3418/3403 1035/3450/3435
f 1067/3453/3438 1076/3401/3386 1077/3421/3406
f 2036/3352/3337 2034/3455/3440 2032/3456/3441
f 2037/3422/3407 2036/3352/3337 2032/3456/3441
f 4634/1053/1049 4641/970/966 4636/973/969
f 4641/970/966 4634/1053/1049 4642/971/967
f 3829/3440/3425 3827/834/830 3830/3377/3362
f 3174/3442/3427 3201/3457/3442 3172/3253/3239
f 2215/1151/1147 2233/3378/3363 2243/3423/3408
f 2471/3458/3443 2254/3379/3364 2349/3380/3365
f 2500/3441/3426 2513/888/884 2497/3459/3444
f 749/945/941 763/990/986 793/1105/1101
f 763/990/986 761/892/888 801/991/987
f 2206/3381/3366 2195/943/939 2205/1259/1255
f 2513/888/884 2526/3402/3387 2512/3460/3445
f 2497/3459/3444 2513/888/884 2512/3460/3445
f 801/991/987 772/894/890 804/949/945
f 839/1021/1017 848/946/942 824/952/948
f 676/3461/3446 675/3462/3447 673/3445/3430
f 673/3445/3430 675/3462/3447 674/3463/3448
f 684/3464/3449 675/3462/3447 676/3461/3446
f 673/3445/3430 674/3463/3448 662/1033/1029
f 2684/3465/3450 2686/1031/1027 2685/1030/1026
f 824/952/948 799/995/991 828/3466/3451
f 798/1036/1032 746/954/950 809/1032/1028
f 655/1079/1075 695/900/896 661/955/951
f 694/1037/1033 692/1039/1035 684/3464/3449
f 705/1119/1115 699/1038/1034 694/1037/1033
f 705/1119/1115 694/1037/1033 706/3467/3452
f 4602/1088/1084 4596/961/957 4599/1086/1082
f 1073/3468/3453 1033/3431/3416 1038/3415/3400
f 1037/3454/3439 1038/3415/3400 1039/3432/3417
f 1043/3452/3437 1042/3433/3418 1063/3434/3419
f 1063/3434/3419 1069/3435/3420 1045/3469/3454
f 1069/3435/3420 1071/3436/3421 1061/3470/3455
f 1061/3470/3455 1071/3436/3421 1066/3420/3405
f 1036/3471/3456 1037/3454/3439 1031/3417/3402
f 1036/3471/3456 1031/3417/3402 1035/3450/3435
f 160/3472/3457 167/3473/3458 168/3474/3459
f 1036/3471/3456 1035/3450/3435 1041/3451/3436
f 168/3474/3459 167/3473/3458 177/3475/3460
f 2032/3456/3441 2034/3455/3440 2033/1134/1130
f 4635/1006/1002 4634/1053/1049 4636/973/969
f 1945/1095/1091 1990/967/963 2010/927/923
f 1945/1095/1091 2010/927/923 2001/1058/1054
f 3185/3278/3263 3187/3289/3274 3188/3476/3461
f 3796/3439/3424 3799/3376/3361 3828/941/937
f 3829/3440/3425 3830/3377/3362 3831/3477/3462
f 2221/1150/1146 2215/1151/1147 2243/3423/3408
f 2243/3423/3408 2254/3379/3364 2492/3478/3463
f 2492/3478/3463 2254/3379/3364 2471/3458/3443
f 2471/3458/3443 2349/3380/3365 2498/885/881
f 806/1106/1102 763/990/986 808/1194/1190
f 808/1194/1190 763/990/986 801/991/987
f 2208/993/989 2209/747/743 2206/3381/3366
f 684/3464/3449 685/3479/3464 675/3462/3447
f 839/1021/1017 824/952/948 828/3466/3451
f 674/3463/3448 679/1112/1108 662/1033/1029
f 662/1033/1029 679/1112/1108 657/1034/1030
f 692/1039/1035 685/3479/3464 684/3464/3449
f 656/1035/1031 655/1079/1075 661/955/951
f 4143/1161/1157 4108/765/761 4152/846/842
f 4596/961/957 4598/1085/1081 4599/1086/1082
f 4606/3449/3434 4603/999/995 4605/3480/3465
f 4605/3480/3465 4603/999/995 4602/1088/1084
f 4610/3481/3466 4605/3480/3465 4602/1088/1084
f 172/3482/3467 166/3483/3468 157/3484/3469
f 1045/3469/3454 1069/3435/3420 1061/3470/3455
f 166/3483/3468 167/3473/3458 160/3472/3457
f 158/3485/3470 166/3483/3468 160/3472/3457
f 168/3474/3459 177/3475/3460 182/3486/3471
f 1041/3451/3436 1043/3452/3437 1044/3487/3472
f 1067/3453/3438 1077/3421/3406 1059/3488/3473
f 160/3472/3457 168/3474/3459 161/3489/3474
f 2061/3490/3475 2037/3422/3407 2032/3456/3441
f 4635/1006/1002 4616/1091/1087 4634/1053/1049
f 4616/1091/1087 4635/1006/1002 4638/1096/1092
f 4389/1102/1098 4387/982/978 4396/1066/1062
f 4761/1246/1242 4749/3437/3422 4714/1068/1064
f 4714/1068/1064 4740/1070/1066 4715/3491/3476
f 4715/3491/3476 4740/1070/1066 4731/3492/3477
f 4731/3492/3477 4740/1070/1066 4741/3438/3423
f 4371/986/982 4350/1016/1012 4361/1147/1143
f 3796/3439/3424 3828/941/937 3816/1322/1318
f 3816/1322/1318 3828/941/937 3829/3440/3425
f 2253/3493/3478 2243/3423/3408 2492/3478/3463
f 2471/3458/3443 2498/885/881 2472/3494/3479
f 2199/1018/1014 2201/1019/1015 2215/1151/1147
f 2472/3494/3479 2498/885/881 2500/3441/3426
f 2472/3494/3479 2500/3441/3426 2490/3495/3480
f 807/1104/1100 793/1105/1101 806/1106/1102
f 2490/3495/3480 2500/3441/3426 2497/3459/3444
f 803/992/988 749/945/941 807/1104/1100
f 817/1154/1150 803/992/988 807/1104/1100
f 819/1193/1189 806/1106/1102 808/1194/1190
f 2205/1259/1255 2195/943/939 2198/1020/1016
f 808/1194/1190 801/991/987 805/1109/1105
f 787/1111/1107 781/1075/1071 788/1072/1068
f 2207/3496/3481 2206/3381/3366 2205/1259/1255
f 2208/993/989 2206/3381/3366 2207/3496/3481
f 837/3497/3482 818/1077/1073 815/1022/1018
f 2682/3498/3483 2683/3499/3484 2684/3465/3450
f 2680/3500/3485 2683/3499/3484 2682/3498/3483
f 2680/3500/3485 2682/3498/3483 2681/3501/3486
f 685/3479/3464 677/1155/1151 675/3462/3447
f 677/1155/1151 678/1157/1153 674/3463/3448
f 675/3462/3447 677/1155/1151 674/3463/3448
f 678/1157/1153 679/1112/1108 674/3463/3448
f 2682/3498/3483 2684/3465/3450 2685/1030/1026
f 809/1032/1028 777/996/992 818/1077/1073
f 650/1027/1023 704/3502/3487 711/1028/1024
f 828/3466/3451 799/995/991 826/3503/3488
f 826/3503/3488 799/995/991 798/1036/1032
f 826/3503/3488 798/1036/1032 827/3504/3489
f 827/3504/3489 798/1036/1032 809/1032/1028
f 3789/3408/3393 3786/953/949 3787/948/944
f 3791/1206/1202 3789/3408/3393 3787/948/944
f 4295/1210/1206 4294/3388/3373 4293/909/905
f 4295/1210/1206 4293/909/905 4296/1082/1078
f 4630/3505/3490 4631/3506/3491 4629/3507/3492
f 4620/3508/3493 4630/3505/3490 4629/3507/3492
f 4620/3508/3493 4629/3507/3492 4625/3509/3494
f 4606/3449/3434 4605/3480/3465 4608/3510/3495
f 4608/3510/3495 4605/3480/3465 4610/3481/3466
f 4610/3481/3466 4602/1088/1084 4609/1087/1083
f 4627/1125/1121 4621/3511/3496 4626/3512/3497
f 4626/3512/3497 4621/3511/3496 4617/3513/3498
f 4621/3511/3496 4620/3508/3493 4617/3513/3498
f 1073/3468/3453 1038/3415/3400 1074/3514/3499
f 162/3515/3500 172/3482/3467 157/3484/3469
f 157/3484/3469 166/3483/3468 158/3485/3470
f 4626/3512/3497 4617/3513/3498 4616/1091/1087
f 4626/3512/3497 4616/1091/1087 4628/1126/1122
f 1043/3452/3437 1063/3434/3419 1045/3469/3454
f 1058/3516/3501 1061/3470/3455 1066/3420/3405
f 1058/3516/3501 1066/3420/3405 1051/3517/3502
f 1051/3517/3502 1066/3420/3405 1067/3453/3438
f 1051/3517/3502 1067/3453/3438 1059/3488/3473
f 4616/1091/1087 4617/3513/3498 4618/1092/1088
f 160/3472/3457 161/3489/3474 159/3518/3503
f 161/3489/3474 168/3474/3459 182/3486/3471
f 4618/1092/1088 4623/1130/1126 4632/1004/1000
f 4632/1004/1000 4623/1130/1126 4633/1054/1050
f 2032/3456/3441 2033/1134/1130 2030/1136/1132
f 3816/1322/1318 3829/3440/3425 3818/1323/1319
f 3829/3440/3425 3831/3477/3462 3826/1325/1321
f 4372/1188/1184 4371/986/982 4361/1147/1143
f 3767/988/984 3796/3439/3424 3773/1148/1144
f 2253/3493/3478 2221/1150/1146 2243/3423/3408
f 817/1154/1150 807/1104/1100 829/3519/3504
f 2688/3520/3505 2680/3500/3485 2677/1506/1500
f 808/1194/1190 805/1109/1105 812/1195/1191
f 2677/1506/1500 2680/3500/3485 2679/3521/3506
f 805/1109/1105 786/1110/1106 792/1199/1195
f 2497/3459/3444 2512/3460/3445 2495/3522/3507
f 685/3479/3464 687/1339/1335 677/1155/1151
f 679/1112/1108 678/1157/1153 680/1198/1194
f 679/1112/1108 680/1198/1194 682/1113/1109
f 2679/3521/3506 2680/3500/3485 2681/3501/3486
f 693/1202/1198 687/1339/1335 685/3479/3464
f 2495/3522/3507 2512/3460/3445 2511/3523/3508
f 693/1202/1198 685/3479/3464 692/1039/1035
f 809/1032/1028 818/1077/1073 837/3497/3482
f 827/3504/3489 809/1032/1028 837/3497/3482
f 657/1034/1030 682/1113/1109 658/1201/1197
f 650/1027/1023 648/3524/3509 644/3525/3510
f 650/1027/1023 644/3525/3510 704/3502/3487
f 566/1116/1112 693/1202/1198 692/1039/1035
f 657/1034/1030 658/1201/1197 651/3526/3511
f 657/1034/1030 651/3526/3511 656/1035/1031
f 656/1035/1031 651/3526/3511 655/1079/1075
f 655/1079/1075 651/3526/3511 648/3524/3509
f 655/1079/1075 648/3524/3509 650/1027/1023
f 559/1080/1076 712/1117/1113 551/1159/1155
f 4282/908/904 4275/3446/3431 4280/1207/1203
f 4280/1207/1203 4275/3446/3431 4279/1274/1270
f 4279/1274/1270 4275/3446/3431 4276/3447/3432
f 4619/3527/3512 4620/3508/3493 4625/3509/3494
f 4619/3527/3512 4625/3509/3494 4624/153/153
f 4617/3513/3498 4620/3508/3493 4619/3527/3512
f 4619/3527/3512 4624/153/153 4622/152/152
f 4618/1092/1088 4617/3513/3498 4619/3527/3512
f 4627/1125/1121 4626/3512/3497 4628/1126/1122
f 4618/1092/1088 4619/3527/3512 4622/152/152
f 4618/1092/1088 4622/152/152 4623/1130/1126
f 158/3485/3470 160/3472/3457 159/3518/3503
f 1044/3487/3472 1043/3452/3437 1045/3469/3454
f 1045/3469/3454 1061/3470/3455 1047/3528/3513
f 1047/3528/3513 1061/3470/3455 1058/3516/3501
f 161/3489/3474 182/3486/3471 169/3529/3514
f 1051/3517/3502 1059/3488/3473 1053/3530/3515
f 2054/3531/3516 2061/3490/3475 2032/3456/3441
f 2031/3532/3517 2054/3531/3516 2032/3456/3441
f 3169/3364/3349 3171/3212/3198 3185/3278/3263
f 2031/3532/3517 2032/3456/3441 2030/1136/1132
f 3773/1148/1144 3796/3439/3424 3794/1321/1317
f 3794/1321/1317 3796/3439/3424 3816/1322/1318
f 3818/1323/1319 3829/3440/3425 3826/1325/1321
f 813/1257/1253 795/1152/1148 797/1192/1188
f 2472/3494/3479 2490/3495/3480 2461/3533/3518
f 807/1104/1100 806/1106/1102 822/3534/3519
f 829/3519/3504 807/1104/1100 822/3534/3519
f 822/3534/3519 806/1106/1102 819/1193/1189
f 838/3535/3520 817/1154/1150 829/3519/3504
f 790/1153/1149 794/1107/1103 795/1152/1148
f 2678/3536/3521 2677/1506/1500 2679/3521/3506
f 2490/3495/3480 2497/3459/3444 2494/3537/3522
f 2605/1263/1259 2653/3538/3523 2607/3539/3524
f 815/1022/1018 817/1154/1150 838/3535/3520
f 2207/3496/3481 2205/1259/1255 2211/1258/1254
f 683/1260/1256 681/1156/1152 677/1155/1151
f 678/1157/1153 681/1156/1152 680/1198/1194
f 2452/1265/1261 2653/3538/3523 2605/1263/1259
f 687/1339/1335 683/1260/1256 677/1155/1151
f 2494/3537/3522 2497/3459/3444 2495/3522/3507
f 687/1339/1335 693/1202/1198 708/1204/1200
f 645/3540/3525 642/3541/3526 644/3525/3510
f 642/3541/3526 643/3542/3527 644/3525/3510
f 646/3543/3528 645/3540/3525 644/3525/3510
f 2495/3522/3507 2511/3523/3508 2423/3544/3529
f 648/3524/3509 646/3543/3528 644/3525/3510
f 651/3526/3511 646/3543/3528 648/3524/3509
f 2423/3544/3529 2511/3523/3508 2424/3545/3530
f 2729/3546/3531 2731/3547/3532 2724/3548/3533
f 2724/3548/3533 2731/3547/3532 2730/3549/3534
f 2724/3548/3533 2730/3549/3534 2725/3550/3535
f 2730/3549/3534 2732/3551/3536 2725/3550/3535
f 2837/3552/3537 2836/3553/3538 2835/3554/3539
f 2909/1214/1210 2896/1213/1209 2908/1279/1275
f 2835/3554/3539 2836/3553/3538 2833/3555/3540
f 157/3484/3469 158/3485/3470 152/3556/3541
f 158/3485/3470 159/3518/3503 152/3556/3541
f 152/3556/3541 159/3518/3503 28/3557/3542
f 1044/3487/3472 1045/3469/3454 1046/3558/3543
f 1046/3558/3543 1045/3469/3454 1047/3528/3513
f 1046/3558/3543 1047/3528/3513 1048/3559/3544
f 1047/3528/3513 1058/3516/3501 1051/3517/3502
f 1047/3528/3513 1051/3517/3502 1050/3560/3545
f 159/3518/3503 161/3489/3474 169/3529/3514
f 159/3518/3503 169/3529/3514 139/3561/3546
f 1062/3562/3547 1044/3487/3472 1046/3558/3543
f 1062/3562/3547 1046/3558/3543 1064/3563/3548
f 1050/3560/3545 1051/3517/3502 1052/3564/3549
f 1051/3517/3502 1053/3530/3515 1052/3564/3549
f 2031/3532/3517 2030/1136/1132 2019/3565/3550
f 1897/1227/1223 1945/1095/1091 2001/1058/1054
f 2030/1136/1132 2020/1135/1131 2019/3565/3550
f 2019/3565/3550 2020/1135/1131 2021/3566/3551
f 4710/1245/1241 4714/1068/1064 4707/3567/3552
f 4707/3567/3552 4714/1068/1064 4715/3491/3476
f 4715/3491/3476 4731/3492/3477 4717/3568/3553
f 3225/3569/3554 3174/3442/3427 3175/3570/3555
f 3776/1149/1145 3773/1148/1144 3794/1321/1317
f 2221/1150/1146 2253/3493/3478 2252/3571/3556
f 2468/3572/3557 2253/3493/3478 2492/3478/3463
f 2492/3478/3463 2471/3458/3443 2466/3573/3558
f 2222/1190/1186 2221/1150/1146 2252/3571/3556
f 2466/3573/3558 2471/3458/3443 2464/3574/3559
f 2464/3574/3559 2471/3458/3443 2472/3494/3479
f 813/1257/1253 797/1192/1188 820/3575/3560
f 2200/1191/1187 2199/1018/1014 2222/1190/1186
f 647/1335/1331 653/1337/1333 643/3542/3527
f 2210/1345/1341 2207/3496/3481 2211/1258/1254
f 645/3540/3525 647/1335/1331 642/3541/3526
f 642/3541/3526 647/1335/1331 643/3542/3527
f 2208/993/989 2207/3496/3481 2210/1345/1341
f 2223/1269/1265 2208/993/989 2214/1577/1571
f 658/1201/1197 659/1200/1196 651/3526/3511
f 2424/3545/3530 2443/1267/1263 2415/1266/1262
f 2417/3576/3561 2424/3545/3530 2415/1266/1262
f 559/1080/1076 551/1159/1155 549/1348/1344
f 564/1270/1266 559/1080/1076 549/1348/1344
f 4297/1273/1269 4279/1274/1270 4298/3577/3562
f 2728/1357/1353 2729/3546/3531 2724/3548/3533
f 2728/1357/1353 2724/3548/3533 2723/3578/3563
f 2723/3578/3563 2724/3548/3533 2725/3550/3535
f 162/3515/3500 157/3484/3469 156/3579/3564
f 28/3557/3542 159/3518/3503 139/3561/3546
f 1048/3559/3544 1047/3528/3513 1049/3580/3565
f 1049/3580/3565 1047/3528/3513 1050/3560/3545
f 139/3561/3546 169/3529/3514 27/3581/3566
f 27/3581/3566 169/3529/3514 147/3582/3567
f 1055/3583/3568 1049/3580/3565 1050/3560/3545
f 1055/3583/3568 1050/3560/3545 1054/3584/3569
f 1054/3584/3569 1050/3560/3545 1052/3564/3549
f 1054/3584/3569 1052/3564/3549 1056/3585/3570
f 1897/1227/1223 2001/1058/1054 1944/1231/1227
f 4707/3567/3552 4715/3491/3476 4716/3586/3571
f 4695/3587/3572 4710/1245/1241 4707/3567/3552
f 4717/3568/3553 4731/3492/3477 4750/3588/3573
f 2252/3571/3556 2253/3493/3478 2468/3572/3557
f 813/1257/1253 820/3575/3560 835/3589/3574
f 2464/3574/3559 2472/3494/3479 2461/3533/3518
f 2608/3590/3575 2609/3591/3576 2610/3592/3577
f 2609/3591/3576 2629/3593/3578 2611/3594/3579
f 2610/3592/3577 2609/3591/3576 2611/3594/3579
f 2611/3594/3579 2629/3593/3578 2615/3595/3580
f 924/3596/3581 822/3534/3519 819/1193/1189
f 834/1331/1327 813/1257/1253 835/3589/3574
f 820/3575/3560 797/1192/1188 923/3597/3582
f 2607/3539/3524 2609/3591/3576 2608/3590/3575
f 924/3596/3581 819/1193/1189 914/3598/3583
f 914/3598/3583 819/1193/1189 812/1195/1191
f 832/1334/1330 800/1256/1252 834/1331/1327
f 2211/1258/1254 2198/1020/1016 2212/1333/1329
f 812/1195/1191 792/1199/1195 833/3599/3584
f 792/1199/1195 791/1196/1192 833/3599/3584
f 833/3599/3584 791/1196/1192 832/1334/1330
f 2461/3533/3518 2490/3495/3480 2494/3537/3522
f 691/1336/1332 647/1335/1331 654/1405/1401
f 645/3540/3525 654/1405/1401 647/1335/1331
f 649/1414/1410 654/1405/1401 645/3540/3525
f 646/3543/3528 649/1414/1410 645/3540/3525
f 2214/1577/1571 2208/993/989 2213/1346/1342
f 2416/1264/1260 2605/1263/1259 2606/1513/1507
f 2457/3600/3585 2494/3537/3522 2495/3522/3507
f 659/1200/1196 652/1412/1408 651/3526/3511
f 652/1412/1408 649/1414/1410 646/3543/3528
f 651/3526/3511 652/1412/1408 646/3543/3528
f 2457/3600/3585 2495/3522/3507 2423/3544/3529
f 2415/1266/1262 2452/1265/1261 2416/1264/1260
f 2417/3576/3561 2423/3544/3529 2424/3545/3530
f 2727/1358/1354 2728/1357/1353 2723/3578/3563
f 2723/3578/3563 2725/3550/3535 2726/3601/3586
f 2837/3552/3537 2835/3554/3539 2834/3602/3587
f 2838/3603/3588 2837/3552/3537 2834/3602/3587
f 2729/3546/3531 2728/1357/1353 2733/1359/1355
f 2835/3554/3539 2833/3555/3540 2834/3602/3587
f 2829/3604/3589 2833/3555/3540 2830/3605/3590
f 2829/3604/3589 2830/3605/3590 2831/3606/3591
f 156/3579/3564 157/3484/3469 152/3556/3541
f 28/3557/3542 139/3561/3546 23/3607/3592
f 23/3607/3592 139/3561/3546 27/3581/3566
f 1064/3563/3548 1046/3558/3543 1065/3608/3593
f 1065/3608/3593 1046/3558/3543 1048/3559/3544
f 171/3609/3594 173/3610/3595 174/3611/3596
f 145/3612/3597 174/3611/3596 181/3613/3598
f 2002/1284/1280 1999/1225/1221 1923/1370/1366
f 1055/3583/3568 1054/3584/3569 1057/3614/3599
f 1057/3614/3599 1054/3584/3569 1056/3585/3570
f 2062/3615/3600 2019/3565/3550 2022/3616/3601
f 2022/3616/3601 2019/3565/3550 2021/3566/3551
f 3648/1376/1372 3654/1378/1374 3642/1380/1376
f 3642/1380/1376 3643/1381/1377 3644/1437/1433
f 3644/1437/1433 3643/1381/1377 3645/1383/1379
f 4716/3586/3571 4715/3491/3476 4717/3568/3553
f 4712/1402/1398 4736/1303/1299 4696/3617/3602
f 4736/1303/1299 4709/1302/1298 4696/3617/3602
f 4709/1302/1298 4708/1247/1243 4696/3617/3602
f 4696/3617/3602 4708/1247/1243 4695/3587/3572
f 4695/3587/3572 4708/1247/1243 4710/1245/1241
f 3917/1317/1313 3938/1308/1304 3932/1566/1560
f 2468/3572/3557 2492/3478/3463 2466/3573/3558
f 2626/3618/3603 2625/3619/3604 2630/3620/3605
f 2690/3621/3606 2699/3622/3607 2677/1506/1500
f 2210/1345/1341 2211/1258/1254 2212/1333/1329
f 2606/1513/1507 2607/3539/3524 2608/3590/3575
f 914/3598/3583 812/1195/1191 833/3599/3584
f 2606/1513/1507 2605/1263/1259 2607/3539/3524
f 2461/3533/3518 2494/3537/3522 2457/3600/3585
f 686/1197/1193 588/1410/1406 659/1200/1196
f 700/1407/1403 654/1405/1401 649/1414/1410
f 2423/3544/3529 2417/3576/3561 2421/3623/3608
f 2727/1358/1354 2723/3578/3563 2726/3601/3586
f 2834/3602/3587 2833/3555/3540 2829/3604/3589
f 156/3579/3564 152/3556/3541 148/3624/3609
f 148/3624/3609 152/3556/3541 26/3625/3610
f 26/3625/3610 152/3556/3541 28/3557/3542
f 21/3626/3611 23/3607/3592 27/3581/3566
f 21/3626/3611 27/3581/3566 19/3627/3612
f 19/3627/3612 27/3581/3566 147/3582/3567
f 19/3627/3612 147/3582/3567 20/3628/3613
f 20/3628/3613 147/3582/3567 164/3629/3614
f 20/3628/3613 164/3629/3614 154/3630/3615
f 164/3629/3614 173/3610/3595 171/3609/3594
f 154/3630/3615 164/3629/3614 171/3609/3594
f 171/3609/3594 174/3611/3596 145/3612/3597
f 145/3612/3597 181/3613/3598 146/3631/3616
f 1894/1427/1423 1897/1227/1223 1944/1231/1227
f 146/3631/3616 181/3613/3598 155/3632/3617
f 1060/3633/3618 1055/3583/3568 1057/3614/3599
f 2059/3634/3619 2062/3615/3600 2022/3616/3601
f 2022/3616/3601 2021/3566/3551 2023/1618/1612
f 3185/3278/3263 3188/3476/3461 3190/3635/3620
f 3188/3476/3461 3210/3636/3621 3191/3637/3622
f 4689/3638/3623 4696/3617/3602 4695/3587/3572
f 2252/3571/3556 2468/3572/3557 2469/3639/3624
f 2625/3619/3604 2626/3618/3603 2624/3640/3625
f 2626/3618/3603 2630/3620/3605 2628/3641/3626
f 2465/3642/3627 2466/3573/3558 2464/3574/3559
f 2611/3594/3579 2615/3595/3580 2614/3643/3628
f 2631/3644/3629 2625/3619/3604 2623/3645/3630
f 2623/3645/3630 2625/3619/3604 2624/3640/3625
f 2618/3646/3631 2617/3647/3632 2619/3648/3633
f 2618/3646/3631 2619/3648/3633 2620/3649/3634
f 2620/3649/3634 2631/3644/3629 2623/3645/3630
f 2676/1504/1498 2677/1506/1500 2678/3536/3521
f 691/1336/1332 606/1449/1445 653/1337/1333
f 2216/3650/3635 2210/1345/1341 2212/1333/1329
f 700/1407/1403 597/1450/1446 698/1406/1402
f 2213/1346/1342 2210/1345/1341 2216/3650/3635
f 2458/3651/3636 2461/3533/3518 2457/3600/3585
f 2449/3652/3637 2457/3600/3585 2423/3544/3529
f 2449/3652/3637 2423/3544/3529 2440/3653/3638
f 2440/3653/3638 2423/3544/3529 2421/3623/3608
f 2415/1266/1262 2416/1264/1260 2411/1514/1508
f 574/1347/1343 565/1268/1264 568/1623/1617
f 568/1623/1617 565/1268/1264 567/1516/1510
f 2829/3604/3589 2831/3606/3591 2832/3654/3639
f 2907/3655/3640 2906/1423/1419 2900/1422/1418
f 149/3656/3641 156/3579/3564 148/3624/3609
f 26/3625/3610 28/3557/3542 23/3607/3592
f 21/3626/3611 19/3627/3612 17/3657/3642
f 154/3630/3615 171/3609/3594 145/3612/3597
f 150/3658/3643 146/3631/3616 155/3632/3617
f 150/3658/3643 155/3632/3617 125/3659/3644
f 2059/3634/3619 2022/3616/3601 2024/3660/3645
f 2024/3660/3645 2022/3616/3601 2023/1618/1612
f 4701/1562/1556 4712/1402/1398 4696/3617/3602
f 4689/3638/3623 4695/3587/3572 4678/3661/3646
f 4678/3661/3646 4695/3587/3572 4680/1950/1938
f 4695/3587/3572 4707/3567/3552 4680/1950/1938
f 3924/1565/1559 3917/1317/1313 3932/1566/1560
f 2624/3640/3625 2626/3618/3603 2627/3662/3647
f 2222/1190/1186 2252/3571/3556 2286/3663/3648
f 2612/3664/3649 2611/3594/3579 2613/3665/3650
f 2613/3665/3650 2611/3594/3579 2614/3643/3628
f 2464/3574/3559 2461/3533/3518 2463/3666/3651
f 2610/3592/3577 2611/3594/3579 2612/3664/3649
f 2690/3621/3606 2677/1506/1500 2689/1505/1499
f 2463/3666/3651 2461/3533/3518 2462/3667/3652
f 2617/3647/3632 2618/3646/3631 2616/3668/3653
f 2618/3646/3631 2620/3649/3634 2621/3669/3654
f 2621/3669/3654 2620/3649/3634 2623/3645/3630
f 2637/3670/3655 2606/1513/1507 2608/3590/3575
f 2462/3667/3652 2461/3533/3518 2458/3651/3636
f 2458/3651/3636 2457/3600/3585 2449/3652/3637
f 576/1456/1452 574/1347/1343 568/1623/1617
f 2421/3623/3608 2417/3576/3561 2404/1578/1572
f 2406/1579/1573 2415/1266/1262 2411/1514/1508
f 2404/1578/1572 2417/3576/3561 2415/1266/1262
f 2238/1671/1665 2237/1114/1110 2225/1581/1575
f 110/3671/3656 149/3656/3641 148/3624/3609
f 24/3672/3657 26/3625/3610 23/3607/3592
f 17/3657/3642 19/3627/3612 11/3673/3658
f 19/3627/3612 20/3628/3613 11/3673/3658
f 20/3628/3613 154/3630/3615 12/3674/3659
f 145/3612/3597 146/3631/3616 13/3675/3660
f 13/3675/3660 146/3631/3616 115/3676/3661
f 115/3676/3661 146/3631/3616 150/3658/3643
f 115/3676/3661 150/3658/3643 124/3677/3662
f 124/3677/3662 150/3658/3643 125/3659/3644
f 2024/3660/3645 2023/1618/1612 2025/3678/3663
f 2025/3678/3663 2023/1618/1612 2026/1617/1611
f 3190/3635/3620 3188/3476/3461 3191/3637/3622
f 3191/3637/3622 3210/3636/3621 3223/3679/3664
f 4680/1950/1938 4707/3567/3552 4724/1949/1937
f 4724/1949/1937 4707/3567/3552 4716/3586/3571
f 4701/1562/1556 4696/3617/3602 4689/3638/3623
f 2286/3663/3648 2252/3571/3556 2315/3680/3665
f 2252/3571/3556 2469/3639/3624 2315/3680/3665
f 2468/3572/3557 2466/3573/3558 2465/3642/3627
f 2469/3639/3624 2468/3572/3557 2465/3642/3627
f 2627/3662/3647 2626/3618/3603 2628/3641/3626
f 2465/3642/3627 2464/3574/3559 2463/3666/3651
f 2244/1447/1443 2200/1191/1187 2257/3681/3666
f 2257/3681/3666 2200/1191/1187 2222/1190/1186
f 2257/3681/3666 2222/1190/1186 2286/3663/3648
f 2622/3682/3667 2608/3590/3575 2610/3592/3577
f 2622/3682/3667 2610/3592/3577 2612/3664/3649
f 2614/3643/3628 2615/3595/3580 2616/3668/3653
f 2615/3595/3580 2617/3647/3632 2616/3668/3653
f 2621/3669/3654 2623/3645/3630 2624/3640/3625
f 2292/3683/3668 2212/1333/1329 2244/1447/1443
f 2637/3670/3655 2608/3590/3575 2622/3682/3667
f 2289/3684/3669 2212/1333/1329 2292/3683/3668
f 2289/3684/3669 2216/3650/3635 2212/1333/1329
f 2646/3685/3670 2606/1513/1507 2637/3670/3655
f 2231/3686/3671 2213/1346/1342 2216/3650/3635
f 2458/3651/3636 2449/3652/3637 2453/3687/3672
f 2646/3685/3670 2411/1514/1508 2606/1513/1507
f 2214/1577/1571 2213/1346/1342 2231/3686/3671
f 2224/1576/1570 2214/1577/1571 2231/3686/3671
f 2225/1581/1575 2223/1269/1265 2224/1576/1570
f 567/1516/1510 564/1270/1266 548/1457/1453
f 2124/1596/1590 2122/1543/1537 2123/1636/1630
f 110/3671/3656 148/3624/3609 26/3625/3610
f 24/3672/3657 23/3607/3592 22/3688/3673
f 22/3688/3673 23/3607/3592 21/3626/3611
f 22/3688/3673 21/3626/3611 17/3657/3642
f 11/3673/3658 20/3628/3613 12/3674/3659
f 12/3674/3659 154/3630/3615 145/3612/3597
f 12/3674/3659 145/3612/3597 13/3675/3660
f 1944/1231/1227 1914/1287/1283 1906/1611/1605
f 115/3676/3661 124/3677/3662 122/3689/3674
f 122/3689/3674 124/3677/3662 123/3690/3675
f 123/3690/3675 124/3677/3662 125/3659/3644
f 1862/1657/1651 1884/1436/1432 1863/1558/1552
f 4689/3638/3623 4678/3661/3646 4686/3691/3676
f 2640/3692/3677 2624/3640/3625 2627/3662/3647
f 2627/3662/3647 2628/3641/3626 2641/3693/3678
f 2640/3692/3677 2627/3662/3647 2641/3693/3678
f 2292/3683/3668 2244/1447/1443 2257/3681/3666
f 2231/3686/3671 2216/3650/3635 2289/3684/3669
f 2453/3687/3672 2449/3652/3637 2441/3694/3679
f 2441/3694/3679 2449/3652/3637 2440/3653/3638
f 2440/3653/3638 2421/3623/3608 2418/3695/3680
f 2421/3623/3608 2404/1578/1572 2418/3695/3680
f 2406/1579/1573 2411/1514/1508 2407/3696/3681
f 2344/3697/3682 2358/3698/3683 2348/3699/3684
f 2312/1816/1810 2348/3699/3684 2250/3700/3685
f 2337/1628/1622 2389/1627/1621 2344/3697/3682
f 2187/1624/1618 2185/1585/1579 2175/1524/1518
f 149/3656/3641 110/3671/3656 37/3701/3686
f 110/3671/3656 26/3625/3610 24/3672/3657
f 25/3702/3687 24/3672/3657 22/3688/3673
f 17/3657/3642 11/3673/3658 16/3703/3688
f 10/3704/3689 11/3673/3658 12/3674/3659
f 10/3704/3689 12/3674/3659 13/3675/3660
f 1906/1611/1605 1895/1650/1644 1894/1427/1423
f 14/3705/3690 13/3675/3660 115/3676/3661
f 116/1797/1791 115/3676/3661 122/3689/3674
f 123/3690/3675 125/3659/3644 126/3706/3691
f 4724/1949/1937 4716/3586/3571 4719/3707/3692
f 4719/3707/3692 4716/3586/3571 4718/3708/3693
f 4716/3586/3571 4717/3568/3553 4718/3708/3693
f 4688/3709/3694 4689/3638/3623 4686/3691/3676
f 3175/3570/3555 3174/3442/3427 3168/3353/3338
f 2469/3639/3624 2465/3642/3627 2474/3710/3695
f 2474/3710/3695 2465/3642/3627 2467/3711/3696
f 2467/3711/3696 2465/3642/3627 2463/3666/3651
f 2257/3681/3666 2286/3663/3648 2304/1903/1895
f 2636/3712/3697 2612/3664/3649 2613/3665/3650
f 2613/3665/3650 2614/3643/3628 2632/3713/3698
f 2614/3643/3628 2616/3668/3653 2632/3713/3698
f 2635/3714/3699 2621/3669/3654 2624/3640/3625
f 2624/3640/3625 2640/3692/3677 2635/3714/3699
f 2292/3683/3668 2257/3681/3666 2316/1905/1897
f 2637/3670/3655 2622/3682/3667 2638/3715/3700
f 2616/3668/3653 2618/3646/3631 2634/3716/3701
f 2634/3716/3701 2618/3646/3631 2633/3717/3702
f 2633/3717/3702 2618/3646/3631 2621/3669/3654
f 2633/3717/3702 2621/3669/3654 2635/3714/3699
f 2689/1505/1499 2691/1569/1563 2692/1741/1735
f 2647/3718/3703 2646/3685/3670 2637/3670/3655
f 608/1568/1562 638/1662/1656 641/1738/1732
f 2289/3684/3669 2292/3683/3668 2321/3719/3704
f 2231/3686/3671 2289/3684/3669 2302/3720/3705
f 2533/3721/3706 2411/1514/1508 2646/3685/3670
f 2248/3722/3707 2231/3686/3671 2302/3720/3705
f 2412/3723/3708 2411/1514/1508 2533/3721/3706
f 2248/3722/3707 2224/1576/1570 2231/3686/3671
f 2441/3694/3679 2440/3653/3638 2418/3695/3680
f 2404/1578/1572 2406/1579/1573 2405/3724/3709
f 2407/3696/3681 2411/1514/1508 2412/3723/3708
f 2246/3725/3710 2224/1576/1570 2248/3722/3707
f 2344/3697/3682 2348/3699/3684 2335/3726/3711
f 2335/3726/3711 2348/3699/3684 2339/3727/3712
f 2339/3727/3712 2348/3699/3684 2312/1816/1810
f 2227/1670/1664 2225/1581/1575 2226/1669/1663
f 567/1516/1510 548/1457/1453 546/1712/1706
f 2250/3700/3685 2238/1671/1665 2227/1670/1664
f 1508/1673/1667 1513/1629/1623 1521/3728/3713
f 37/3701/3686 110/3671/3656 29/3729/3714
f 29/3729/3714 110/3671/3656 24/3672/3657
f 29/3729/3714 24/3672/3657 25/3702/3687
f 25/3702/3687 22/3688/3673 50/3730/3715
f 50/3730/3715 22/3688/3673 51/1786/1780
f 51/1786/1780 22/3688/3673 17/3657/3642
f 51/1786/1780 17/3657/3642 18/1787/1781
f 18/1787/1781 17/3657/3642 16/3703/3688
f 16/3703/3688 11/3673/3658 15/3731/3716
f 11/3673/3658 10/3704/3689 15/3731/3716
f 10/3704/3689 13/3675/3660 14/3705/3690
f 14/3705/3690 115/3676/3661 116/1797/1791
f 141/3732/3717 123/3690/3675 126/3706/3691
f 2027/3733/3718 2025/3678/3663 2026/1617/1611
f 4718/3708/3693 4717/3568/3553 4750/3588/3573
f 4678/3661/3646 4680/1950/1938 4677/1948/1936
f 2286/3663/3648 2315/3680/3665 2314/3734/3719
f 2315/3680/3665 2469/3639/3624 2474/3710/3695
f 2304/1903/1895 2286/3663/3648 2314/3734/3719
f 2636/3712/3697 2613/3665/3650 2632/3713/3698
f 2650/3735/3720 2635/3714/3699 2640/3692/3677
f 2650/3735/3720 2640/3692/3677 2656/3736/3721
f 2640/3692/3677 2641/3693/3678 2656/3736/3721
f 2257/3681/3666 2304/1903/1895 2316/1905/1897
f 2463/3666/3651 2462/3667/3652 2473/3737/3722
f 2638/3715/3700 2622/3682/3667 2612/3664/3649
f 2632/3713/3698 2616/3668/3653 2634/3716/3701
f 2321/3719/3704 2292/3683/3668 2316/1905/1897
f 2644/3738/3723 2637/3670/3655 2638/3715/3700
f 2689/1505/1499 2692/1741/1735 2693/3739/3724
f 2473/3737/3722 2462/3667/3652 2460/3740/3725
f 2462/3667/3652 2458/3651/3636 2460/3740/3725
f 2302/3720/3705 2289/3684/3669 2321/3719/3704
f 2533/3721/3706 2646/3685/3670 2647/3718/3703
f 2460/3740/3725 2458/3651/3636 2453/3687/3672
f 2405/3724/3709 2406/1579/1573 2407/3696/3681
f 625/1709/1703 577/1575/1569 571/1711/1705
f 2403/3741/3726 2418/3695/3680 2404/1578/1572
f 2226/1669/1663 2224/1576/1570 2246/3725/3710
f 2337/1628/1622 2344/3697/3682 2333/3742/3727
f 2333/3742/3727 2344/3697/3682 2335/3726/3711
f 2312/1816/1810 2250/3700/3685 2251/1817/1811
f 2251/1817/1811 2250/3700/3685 2227/1670/1664
f 18/1787/1781 16/3703/3688 15/3731/3716
f 15/3731/3716 10/3704/3689 14/3705/3690
f 116/1797/1791 122/3689/3674 123/3690/3675
f 123/3690/3675 141/3732/3717 140/1798/1792
f 116/1797/1791 123/3690/3675 140/1798/1792
f 4686/3691/3676 4678/3661/3646 4679/3743/3728
f 2314/3734/3719 2315/3680/3665 2474/3710/3695
f 2467/3711/3696 2463/3666/3651 2470/3744/3729
f 2463/3666/3651 2473/3737/3722 2470/3744/3729
f 2638/3715/3700 2612/3664/3649 2639/3745/3730
f 2639/3745/3730 2612/3664/3649 2636/3712/3697
f 2636/3712/3697 2632/3713/3698 2643/3746/3731
f 2649/3747/3732 2635/3714/3699 2650/3735/3720
f 2634/3716/3701 2633/3717/3702 2642/3748/3733
f 2642/3748/3733 2633/3717/3702 2635/3714/3699
f 2642/3748/3733 2635/3714/3699 2649/3747/3732
f 2647/3718/3703 2637/3670/3655 2644/3738/3723
f 2693/3739/3724 2692/1741/1735 2694/1740/1734
f 2302/3720/3705 2321/3719/3704 2303/1848/1842
f 2460/3740/3725 2453/3687/3672 2454/3749/3734
f 2299/3750/3735 2248/3722/3707 2302/3720/3705
f 2454/3749/3734 2453/3687/3672 2441/3694/3679
f 2441/3694/3679 2418/3695/3680 2419/3751/3736
f 2407/3696/3681 2412/3723/3708 2410/3752/3737
f 2419/3751/3736 2418/3695/3680 2403/3741/3726
f 2403/3741/3726 2404/1578/1572 2405/3724/3709
f 2228/1818/1812 2226/1669/1663 2247/3753/3738
f 2247/3753/3738 2226/1669/1663 2246/3725/3710
f 2251/1817/1811 2227/1670/1664 2228/1818/1812
f 2227/1670/1664 2226/1669/1663 2228/1818/1812
f 2334/1911/1903 2345/1625/1619 2337/1628/1622
f 2357/3754/3739 2345/1625/1619 2334/1911/1903
f 37/3701/3686 29/3729/3714 34/3755/3740
f 117/1837/1831 18/1787/1781 15/3731/3716
f 117/1837/1831 15/3731/3716 118/1796/1790
f 118/1796/1790 15/3731/3716 14/3705/3690
f 118/1796/1790 14/3705/3690 116/1797/1791
f 141/3732/3717 126/3706/3691 153/1878/1872
f 2055/3756/3741 2025/3678/3663 2027/3733/3718
f 2028/3757/3742 2027/3733/3718 2026/1617/1611
f 3861/3758/3743 3850/1244/1240 3846/1771/1765
f 2314/3734/3719 2474/3710/3695 2381/3759/3744
f 2474/3710/3695 2467/3711/3696 2470/3744/3729
f 2639/3745/3730 2636/3712/3697 2643/3746/3731
f 2634/3716/3701 2642/3748/3733 2651/3760/3745
f 2655/3761/3746 2642/3748/3733 2649/3747/3732
f 2649/3747/3732 2650/3735/3720 2659/3762/3747
f 2659/3762/3747 2650/3735/3720 2656/3736/3721
f 2473/3737/3722 2460/3740/3725 2504/3763/3748
f 2454/3749/3734 2441/3694/3679 2442/3764/3749
f 2442/3764/3749 2441/3694/3679 2419/3751/3736
f 2246/3725/3710 2248/3722/3707 2299/3750/3735
f 2338/3765/3750 2339/3727/3712 2312/1816/1810
f 2334/1911/1903 2337/1628/1622 2331/3766/3751
f 2337/1628/1622 2333/3742/3727 2331/3766/3751
f 3947/150/150 3941/118/118 3918/1859/1853
f 3918/1859/1853 3941/118/118 3919/1672/1666
f 2357/3754/3739 2334/1911/1903 2347/1913/1905
f 2117/1746/1740 2113/1718/1712 2108/1826/1820
f 2113/1718/1712 2110/1750/1744 2108/1826/1820
f 2110/1750/1744 2114/1719/1713 2109/1785/1779
f 29/3729/3714 25/3702/3687 30/3767/3752
f 30/3767/3752 25/3702/3687 50/3730/3715
f 50/3730/3715 51/1786/1780 68/3768/3753
f 3169/3364/3349 3185/3278/3263 3167/3769/3754
f 82/1788/1782 18/1787/1781 117/1837/1831
f 1337/1725/1719 1329/1724/1718 1339/1871/1865
f 1330/1686/1680 1318/1685/1679 1303/1789/1783
f 1794/1730/1724 1853/1801/1795 1851/1695/1689
f 140/1798/1792 141/3732/3717 153/1878/1872
f 4724/1949/1937 4719/3707/3692 4721/3770/3755
f 4719/3707/3692 4718/3708/3693 4720/3771/3756
f 4734/1563/1557 4701/1562/1556 4700/2029/2017
f 4700/2029/2017 4701/1562/1556 4689/3638/3623
f 4700/2029/2017 4689/3638/3623 4690/3772/3757
f 4690/3772/3757 4689/3638/3623 4688/3709/3694
f 4691/3773/3758 4688/3709/3694 4687/3774/3759
f 4688/3709/3694 4686/3691/3676 4687/3774/3759
f 2363/3775/3760 2304/1903/1895 2314/3734/3719
f 2381/3759/3744 2474/3710/3695 2524/3776/3761
f 2524/3776/3761 2474/3710/3695 2470/3744/3729
f 2645/3777/3762 2639/3745/3730 2643/3746/3731
f 2643/3746/3731 2632/3713/3698 2648/3778/3763
f 2632/3713/3698 2634/3716/3701 2648/3778/3763
f 2515/3779/3764 2470/3744/3729 2473/3737/3722
f 2648/3778/3763 2634/3716/3701 2651/3760/3745
f 2651/3760/3745 2642/3748/3733 2655/3761/3746
f 2655/3761/3746 2649/3747/3732 2659/3762/3747
f 2661/3780/3765 2659/3762/3747 2656/3736/3721
f 2661/3780/3765 2656/3736/3721 2654/3781/3766
f 2275/1846/1840 2303/1848/1842 2321/3719/3704
f 2515/3779/3764 2473/3737/3722 2504/3763/3748
f 2504/3763/3748 2460/3740/3725 2454/3749/3734
f 2272/1851/1845 2299/3750/3735 2302/3720/3705
f 2272/1851/1845 2302/3720/3705 2303/1848/1842
f 2333/3742/3727 2335/3726/3711 2332/3782/3767
f 2335/3726/3711 2339/3727/3712 2338/3765/3750
f 2332/3782/3767 2335/3726/3711 2338/3765/3750
f 2338/3765/3750 2312/1816/1810 2311/3783/3768
f 2311/3783/3768 2312/1816/1810 2228/1818/1812
f 2108/1826/1820 2110/1750/1744 2106/3784/3769
f 2106/3784/3769 2110/1750/1744 2109/1785/1779
f 30/3767/3752 50/3730/3715 31/3785/3770
f 68/3768/3753 51/1786/1780 82/1788/1782
f 68/3768/3753 82/1788/1782 107/3786/3771
f 82/1788/1782 117/1837/1831 132/1838/1832
f 121/1869/1863 118/1796/1790 140/1798/1792
f 1853/1801/1795 1794/1730/1724 1796/1836/1830
f 120/1870/1864 140/1798/1792 153/1878/1872
f 1872/1834/1828 1830/1687/1681 1896/1690/1684
f 1853/1801/1795 1796/1836/1830 1877/1802/1796
f 2035/3787/3772 2055/3756/3741 2027/3733/3718
f 2035/3787/3772 2027/3733/3718 2029/3788/3773
f 2029/3788/3773 2027/3733/3718 2028/3757/3742
f 1875/1803/1797 1893/3789/3774 1867/1763/1757
f 1893/3789/3774 1891/1804/1798 1867/1763/1757
f 4725/1947/1935 4724/1949/1937 4721/3770/3755
f 4721/3770/3755 4719/3707/3692 4720/3771/3756
f 4686/3691/3676 4679/3743/3728 4687/3774/3759
f 4673/3790/3775 4679/3743/3728 4699/3791/3776
f 4699/3791/3776 4679/3743/3728 4675/3792/3777
f 4679/3743/3728 4678/3661/3646 4675/3792/3777
f 2363/3775/3760 2314/3734/3719 2381/3759/3744
f 2524/3776/3761 2470/3744/3729 2515/3779/3764
f 2644/3738/3723 2638/3715/3700 2639/3745/3730
f 2275/1846/1840 2321/3719/3704 2316/1905/1897
f 2647/3718/3703 2644/3738/3723 2534/2038/2026
f 2659/3762/3747 2661/3780/3765 2596/3793/3778
f 2596/3793/3778 2661/3780/3765 2654/3781/3766
f 2592/3794/3779 2596/3793/3778 2654/3781/3766
f 2533/3721/3706 2647/3718/3703 2534/2038/2026
f 2694/1740/1734 2695/1739/1733 2696/3795/3780
f 2504/3763/3748 2454/3749/3734 2518/3796/3781
f 2412/3723/3708 2533/3721/3706 2413/3797/3782
f 2413/3797/3782 2533/3721/3706 2534/2038/2026
f 2696/3795/3780 2695/1739/1733 2697/3798/3783
f 2259/3799/3784 2299/3750/3735 2272/1851/1845
f 2516/3800/3785 2454/3749/3734 2442/3764/3749
f 2331/3766/3751 2333/3742/3727 2332/3782/3767
f 2246/3725/3710 2299/3750/3735 2259/3799/3784
f 2445/3801/3786 2442/3764/3749 2420/3802/3787
f 2420/3802/3787 2442/3764/3749 2419/3751/3736
f 2405/3724/3709 2407/3696/3681 2408/3803/3788
f 2408/3803/3788 2407/3696/3681 2410/3752/3737
f 2228/1818/1812 2247/3753/3738 2255/3804/3789
f 2247/3753/3738 2246/3725/3710 2258/3805/3790
f 2419/3751/3736 2403/3741/3726 2414/3806/3791
f 2414/3806/3791 2403/3741/3726 2405/3724/3709
f 2414/3806/3791 2405/3724/3709 2409/3807/3792
f 2334/1911/1903 2331/3766/3751 2330/3808/3793
f 3951/142/142 3947/150/150 3918/1859/1853
f 2108/1826/1820 2106/3784/3769 2105/3809/3794
f 107/3786/3771 82/1788/1782 132/1838/1832
f 107/3786/3771 132/1838/1832 108/159/159
f 132/1838/1832 118/1796/1790 138/163/163
f 138/163/163 118/1796/1790 121/1869/1863
f 138/163/163 121/1869/1863 88/1931/1919
f 1912/1831/1825 1911/1830/1824 1908/1865/1859
f 38/3810/3795 37/3701/3686 34/3755/3740
f 94/1932/1920 121/1869/1863 120/1870/1864
f 2056/3811/3796 2055/3756/3741 2035/3787/3772
f 1784/1649/1643 1761/1694/1688 1762/1877/1871
f 1877/1802/1796 1796/1836/1830 1926/3812/3797
f 1877/1802/1796 1926/3812/3797 1925/3813/3798
f 1875/1803/1797 1877/1802/1796 1925/3813/3798
f 1875/1803/1797 1925/3813/3798 1893/3789/3774
f 1893/3789/3774 1925/3813/3798 1946/3814/3799
f 1893/3789/3774 1946/3814/3799 1891/1804/1798
f 3211/3815/3800 3175/3570/3555 3184/3816/3801
f 4673/3790/3775 4687/3774/3759 4679/3743/3728
f 4678/3661/3646 4677/1948/1936 4675/3792/3777
f 3924/1565/1559 3934/1564/1558 3933/2287/2273
f 2308/3817/3802 2363/3775/3760 2381/3759/3744
f 2306/3818/3803 2363/3775/3760 2308/3817/3802
f 2381/3759/3744 2524/3776/3761 2355/2031/2019
f 2304/1903/1895 2363/3775/3760 2306/3818/3803
f 2290/1904/1896 2304/1903/1895 2306/3818/3803
f 2597/2035/2023 2639/3745/3730 2645/3777/3762
f 2581/3819/3804 2645/3777/3762 2643/3746/3731
f 2581/3819/3804 2643/3746/3731 2648/3778/3763
f 2581/3819/3804 2648/3778/3763 2582/3820/3805
f 2290/1904/1896 2275/1846/1840 2316/1905/1897
f 2644/3738/3723 2639/3745/3730 2597/2035/2023
f 2599/2034/2022 2644/3738/3723 2597/2035/2023
f 2582/3820/3805 2648/3778/3763 2651/3760/3745
f 2582/3820/3805 2651/3760/3745 2584/3821/3806
f 2534/2038/2026 2644/3738/3723 2599/2034/2022
f 2584/3821/3806 2651/3760/3745 2655/3761/3746
f 2584/3821/3806 2655/3761/3746 2596/3793/3778
f 2521/3822/3807 2515/3779/3764 2504/3763/3748
f 2596/3793/3778 2655/3761/3746 2659/3762/3747
f 2590/3823/3808 2596/3793/3778 2592/3794/3779
f 2521/3822/3807 2504/3763/3748 2518/3796/3781
f 2696/3795/3780 2697/3798/3783 2698/3824/3809
f 2518/3796/3781 2454/3749/3734 2516/3800/3785
f 2410/3752/3737 2412/3723/3708 2413/3797/3782
f 2328/3825/3810 2331/3766/3751 2332/3782/3767
f 2325/3826/3811 2332/3782/3767 2338/3765/3750
f 2246/3725/3710 2259/3799/3784 2258/3805/3790
f 2516/3800/3785 2442/3764/3749 2445/3801/3786
f 495/1907/1899 497/1811/1805 543/3827/3812
f 2311/3783/3768 2228/1818/1812 2298/3828/3813
f 2298/3828/3813 2228/1818/1812 2255/3804/3789
f 2255/3804/3789 2247/3753/3738 2258/3805/3790
f 2420/3802/3787 2419/3751/3736 2414/3806/3791
f 2408/3803/3788 2409/3807/3792 2405/3724/3709
f 543/3827/3812 497/1811/1805 555/1858/1852
f 2340/1912/1904 2334/1911/1903 2330/3808/3793
f 3950/3829/3814 3951/142/142 3918/1859/1853
f 3167/3769/3754 3168/3353/3338 3169/3364/3349
f 1426/1863/1857 1425/1825/1819 1424/1920/1912
f 2111/1921/1913 2108/1826/1820 2105/3809/3794
f 1913/1829/1823 1933/1923/1915 1911/1830/1824
f 68/3768/3753 107/3786/3771 106/3830/3815
f 106/3830/3815 107/3786/3771 108/159/159
f 1911/1830/1824 1917/1924/1916 1910/1864/1858
f 31/3785/3770 50/3730/3715 68/3768/3753
f 2926/160/160 2928/162/162 2930/3831/3816
f 2105/3809/3794 2106/3784/3769 2107/3832/3817
f 1908/1865/1859 1910/1864/1858 1909/2003/1991
f 94/1932/1920 120/1870/1864 93/3833/3818
f 93/3833/3818 120/1870/1864 113/1879/1873
f 93/3833/3818 113/1879/1873 100/3834/3819
f 100/3834/3819 113/1879/1873 103/3835/3820
f 2106/3784/3769 2109/1785/1779 2107/3832/3817
f 1908/1865/1859 1909/2003/1991 1907/1875/1869
f 2107/3832/3817 2109/1785/1779 2112/3836/3821
f 1796/1836/1830 1810/1868/1862 1926/3812/3797
f 1926/3812/3797 1810/1868/1862 1868/1970/1958
f 1343/1874/1868 1314/1839/1833 1336/1938/1926
f 1902/1882/1876 1903/1935/1923 1898/1800/1794
f 1926/3812/3797 1868/1970/1958 1925/3813/3798
f 1925/3813/3798 1868/1970/1958 1946/3814/3799
f 1891/1804/1798 1946/3814/3799 1813/2007/1995
f 1891/1804/1798 1813/2007/1995 1947/3837/3822
f 1891/1804/1798 1947/3837/3822 1919/1805/1799
f 1320/1881/1875 1310/1759/1753 1319/1941/1929
f 2823/1942/1930 2824/1944/1932 2826/3838/3823
f 3167/3769/3754 3185/3278/3263 3190/3635/3620
f 4688/3709/3694 4691/3773/3758 4702/3839/3824
f 4687/3774/3759 4673/3790/3775 4694/3840/3825
f 4673/3790/3775 4699/3791/3776 4675/3792/3777
f 2308/3817/3802 2381/3759/3744 2355/2031/2019
f 2355/2031/2019 2524/3776/3761 2515/3779/3764
f 2355/2031/2019 2515/3779/3764 2522/2032/2020
f 2597/2035/2023 2645/3777/3762 2575/3841/3826
f 2575/3841/3826 2645/3777/3762 2581/3819/3804
f 2522/2032/2020 2515/3779/3764 2521/3822/3807
f 2522/2032/2020 2521/3822/3807 2519/2089/2077
f 2582/3820/3805 2584/3821/3806 2583/3842/3827
f 2584/3821/3806 2596/3793/3778 2586/2042/2030
f 2519/2089/2077 2521/3822/3807 2518/3796/3781
f 2586/2042/2030 2596/3793/3778 2590/3823/3808
f 2586/2042/2030 2590/3823/3808 2589/3843/3828
f 2589/3843/3828 2590/3823/3808 2592/3794/3779
f 2518/3796/3781 2516/3800/3785 2517/3844/3829
f 640/1857/1851 493/1957/1945 543/3827/3812
f 543/3827/3812 493/1957/1945 495/1907/1899
f 495/1907/1899 456/1959/1947 496/1856/1850
f 2330/3808/3793 2331/3766/3751 2328/3825/3810
f 2328/3825/3810 2332/3782/3767 2325/3826/3811
f 2325/3826/3811 2338/3765/3750 2311/3783/3768
f 2517/3844/3829 2516/3800/3785 2445/3801/3786
f 474/1910/1902 493/1957/1945 640/1857/1851
f 2957/3845/3830 2958/3846/3830 2959/3847/3830
f 106/3830/3815 108/159/159 109/158/158
f 29/3729/3714 30/3767/3752 31/3785/3770
f 31/3785/3770 68/3768/3753 33/3848/3831
f 33/3848/3831 68/3768/3753 106/3830/3815
f 2057/3849/3832 2056/3811/3796 2035/3787/3772
f 1946/3814/3799 1868/1970/1958 1807/1971/1959
f 1946/3814/3799 1807/1971/1959 1813/2007/1995
f 2104/3850/3833 2094/3851/3834 2103/3852/3835
f 2910/3853/3836 2911/3854/3837 2912/1980/1968
f 3319/1843/1837 3332/1902/1894 3331/1983/1971
f 4692/3855/3838 4688/3709/3694 4702/3839/3824
f 4702/3839/3824 4691/3773/3758 4711/3856/3839
f 4691/3773/3758 4687/3774/3759 4683/3857/3840
f 4711/3856/3839 4691/3773/3758 4683/3857/3840
f 4683/3857/3840 4687/3774/3759 4694/3840/3825
f 4673/3790/3775 4675/3792/3777 4674/3858/3841
f 3922/1951/1939 3924/1565/1559 3933/2287/2273
f 2305/3859/3842 2306/3818/3803 2307/2085/2073
f 2306/3818/3803 2308/3817/3802 2307/2085/2073
f 2308/3817/3802 2355/2031/2019 2310/2086/2074
f 2307/2085/2073 2308/3817/3802 2310/2086/2074
f 2290/1904/1896 2306/3818/3803 2305/3859/3842
f 2575/3841/3826 2581/3819/3804 2580/2093/2081
f 2580/2093/2081 2581/3819/3804 2582/3820/3805
f 2580/2093/2081 2582/3820/3805 2583/3842/3827
f 2583/3842/3827 2584/3821/3806 2585/2094/2082
f 2585/2094/2082 2584/3821/3806 2586/2042/2030
f 2585/2094/2082 2586/2042/2030 2587/2044/2032
f 2519/2089/2077 2518/3796/3781 2517/3844/3829
f 2586/2042/2030 2589/3843/3828 2588/2043/2031
f 2532/2046/2034 2413/3797/3782 2534/2038/2026
f 2700/3860/3843 2696/3795/3780 2698/3824/3809
f 2700/3860/3843 2698/3824/3809 2701/3861/3844
f 2532/2046/2034 2410/3752/3737 2413/3797/3782
f 496/1856/1850 456/1959/1947 478/1908/1900
f 2324/3862/3845 2325/3826/3811 2311/3783/3768
f 2517/3844/3829 2445/3801/3786 2508/3863/3846
f 2422/3864/3847 2408/3803/3788 2425/3865/3848
f 2408/3803/3788 2410/3752/3737 2425/3865/3848
f 450/1960/1948 452/1961/1949 474/1910/1902
f 2445/3801/3786 2420/3802/3787 2439/3866/3849
f 2439/3866/3849 2420/3802/3787 2431/3867/3850
f 2420/3802/3787 2414/3806/3791 2431/3867/3850
f 2431/3867/3850 2414/3806/3791 2409/3807/3792
f 2409/3807/3792 2408/3803/3788 2422/3864/3847
f 3950/3829/3814 3918/1859/1853 3920/1990/1978
f 3093/1965/1953 3072/3868/3851 3071/3869/3852
f 3071/3869/3852 3072/3868/3851 3069/3870/3853
f 88/1931/1919 94/1932/1920 87/3871/3854
f 2954/3872/3855 2955/3873/3855 2956/3874/3855
f 36/3875/3856 38/3810/3795 34/3755/3740
f 3069/3870/3853 3068/3876/3857 3065/2012/2000
f 2094/3851/3834 2092/3877/3858 2103/3852/3835
f 2092/3877/3858 2094/3851/3834 2084/3878/3859
f 3065/2012/2000 3068/3876/3857 3067/2013/2001
f 1353/2017/2005 1320/1881/1875 1319/1941/1929
f 1351/2023/2011 1312/1896/1888 1334/1940/1928
f 2910/3853/3836 2912/1980/1968 2913/3879/3860
f 2913/3879/3860 2912/1980/1968 2915/1979/1967
f 4726/2028/2016 4725/1947/1935 4721/3770/3755
f 4721/3770/3755 4720/3771/3756 4722/3880/3861
f 4720/3771/3756 4718/3708/3693 4723/3881/3862
f 3219/3882/3863 3211/3815/3800 3184/3816/3801
f 4692/3855/3838 4702/3839/3824 4706/3883/3864
f 4706/3883/3864 4702/3839/3824 4711/3856/3839
f 4694/3840/3825 4673/3790/3775 4672/3884/3865
f 4672/3884/3865 4673/3790/3775 4674/3858/3841
f 2310/2086/2074 2355/2031/2019 2356/2033/2021
f 2556/3885/3866 2575/3841/3826 2580/2093/2081
f 2503/2091/2079 2519/2089/2077 2517/3844/3829
f 2580/2093/2081 2583/3842/3827 2585/2094/2082
f 2259/3799/3784 2272/1851/1845 2261/2049/2037
f 2410/3752/3737 2532/2046/2034 2425/3865/3848
f 2328/3825/3810 2325/3826/3811 2327/3886/3867
f 2260/3887/3868 2258/3805/3790 2259/3799/3784
f 2508/3863/3846 2445/3801/3786 2439/3866/3849
f 2277/3888/3869 2298/3828/3813 2255/3804/3789
f 2409/3807/3792 2422/3864/3847 2431/3867/3850
f 2340/1912/1904 2330/3808/3793 2329/3889/3870
f 3952/147/147 3951/142/142 3950/3829/3814
f 3116/1966/1954 3093/1965/1953 3073/3890/3871
f 3091/2057/2045 3116/1966/1954 3073/3890/3871
f 3073/3890/3871 3093/1965/1953 3071/3869/3852
f 47/3891/3872 106/3830/3815 85/3892/3873
f 106/3830/3815 109/158/158 85/3892/3873
f 109/158/158 137/157/157 85/3892/3873
f 2929/3893/3874 2927/161/161 2926/160/160
f 32/3894/3875 29/3729/3714 31/3785/3770
f 33/3848/3831 106/3830/3815 53/3895/3876
f 2934/3896/3877 2935/3897/3877 2936/3898/3877
f 85/3892/3873 88/1931/1919 87/3871/3854
f 100/3834/3819 103/3835/3820 99/3899/3878
f 2087/3900/3879 2092/3877/3858 2084/3878/3859
f 2861/2008/1996 2871/2069/2057 2884/2073/2061
f 2861/2008/1996 2884/2073/2061 2862/1974/1962
f 1351/2023/2011 1353/2017/2005 1319/1941/1929
f 2862/1974/1962 2884/2073/2061 2865/2024/2012
f 2914/3901/3880 2910/3853/3836 2913/3879/3860
f 3099/2022/2010 3096/2021/2009 3095/3902/3881
f 2865/2024/2012 2885/3903/3882 2868/2026/2014
f 4726/2028/2016 4721/3770/3755 4722/3880/3861
f 4722/3880/3861 4720/3771/3756 4723/3881/3862
f 4706/3883/3864 4711/3856/3839 4683/3857/3840
f 4683/3857/3840 4694/3840/3825 4672/3884/3865
f 4674/3858/3841 4675/3792/3777 4676/3904/3883
f 2290/1904/1896 2305/3859/3842 2296/2184/2170
f 2296/2184/2170 2305/3859/3842 2307/2085/2073
f 2356/2033/2021 2522/2032/2020 2510/2090/2078
f 2597/2035/2023 2575/3841/3826 2537/2036/2024
f 2537/2036/2024 2575/3841/3826 2556/3885/3866
f 2556/3885/3866 2580/2093/2081 2557/3905/3884
f 2557/3905/3884 2580/2093/2081 2576/2092/2080
f 2536/2037/2025 2599/2034/2022 2537/2036/2024
f 2264/2040/2028 2275/1846/1840 2282/2088/2076
f 2594/2186/2172 2585/2094/2082 2593/2096/2084
f 2593/2096/2084 2587/2044/2032 2588/2043/2031
f 2593/2096/2084 2588/2043/2031 2591/2152/2138
f 2503/2091/2079 2517/3844/3829 2508/3863/3846
f 2503/2091/2079 2508/3863/3846 2456/3906/3885
f 2588/2043/2031 2589/3843/3828 2591/2152/2138
f 2261/2049/2037 2273/1847/1841 2264/2040/2028
f 2702/3907/3886 2700/3860/3843 2701/3861/3844
f 2260/3887/3868 2259/3799/3784 2261/2049/2037
f 2456/3906/3885 2508/3863/3846 2439/3866/3849
f 2422/3864/3847 2425/3865/3848 2426/2194/2180
f 2329/3889/3870 2330/3808/3793 2328/3825/3810
f 2329/3889/3870 2328/3825/3810 2327/3886/3867
f 2327/3886/3867 2325/3826/3811 2326/3908/3887
f 2326/3908/3887 2325/3826/3811 2324/3862/3845
f 2324/3862/3845 2311/3783/3768 2309/3909/3888
f 2309/3909/3888 2311/3783/3768 2298/3828/3813
f 2447/3910/3889 2439/3866/3849 2433/3911/3890
f 2433/3911/3890 2439/3866/3849 2431/3867/3850
f 2431/3867/3850 2422/3864/3847 2427/3912/3891
f 2341/2102/2090 2340/1912/1904 2329/3889/3870
f 3073/3890/3871 3071/3869/3852 3070/3913/3892
f 3070/3913/3892 3071/3869/3852 3069/3870/3853
f 31/3785/3770 33/3848/3831 32/3894/3875
f 53/3895/3876 106/3830/3815 47/3891/3872
f 2884/2073/2061 2873/2072/2060 2875/2113/2101
f 2885/3903/3882 2875/2113/2101 2879/2136/2122
f 2865/2024/2012 2884/2073/2061 2875/2113/2101
f 2865/2024/2012 2875/2113/2101 2885/3903/3882
f 3191/3637/3622 3218/3914/3893 3217/3915/3894
f 4690/3772/3757 4688/3709/3694 4684/3916/3895
f 4684/3916/3895 4688/3709/3694 4692/3855/3838
f 4692/3855/3838 4706/3883/3864 4683/3857/3840
f 4672/3884/3865 4674/3858/3841 4676/3904/3883
f 3184/3816/3801 3175/3570/3555 3176/3917/3896
f 3176/3917/3896 3175/3570/3555 3168/3353/3338
f 2296/2184/2170 2307/2085/2073 2318/2087/2075
f 2318/2087/2075 2310/2086/2074 2320/2118/2106
f 2282/2088/2076 2290/1904/1896 2280/2183/2169
f 2290/1904/1896 2296/2184/2170 2280/2183/2169
f 2356/2033/2021 2510/2090/2078 2496/3918/3897
f 2539/3919/3898 2537/2036/2024 2556/3885/3866
f 2510/2090/2078 2503/2091/2079 2491/3920/3899
f 2535/3921/3900 2536/2037/2025 2537/2036/2024
f 2532/2046/2034 2536/2037/2025 2535/3921/3900
f 2478/3922/3901 2503/2091/2079 2456/3906/3885
f 2447/3910/3889 2456/3906/3885 2439/3866/3849
f 2709/3923/3902 2710/2052/2040 2711/2051/2039
f 2276/3924/3903 2255/3804/3789 2258/3805/3790
f 2276/3924/3903 2258/3805/3790 2260/3887/3868
f 2433/3911/3890 2431/3867/3850 2430/3925/3904
f 2430/3925/3904 2431/3867/3850 2427/3912/3891
f 2427/3912/3891 2422/3864/3847 2426/2194/2180
f 2309/3909/3888 2298/3828/3813 2277/3888/3869
f 2277/3888/3869 2255/3804/3789 2276/3924/3903
f 3949/144/144 3952/147/147 3950/3829/3814
f 3949/144/144 3950/3829/3814 3920/1990/1978
f 34/3755/3740 29/3729/3714 32/3894/3875
f 32/3894/3875 33/3848/3831 39/3926/3905
f 33/3848/3831 53/3895/3876 41/3927/3906
f 48/3928/3907 47/3891/3872 84/3929/3908
f 47/3891/3872 85/3892/3873 84/3929/3908
f 89/3930/3909 87/3871/3854 94/1932/1920
f 89/3930/3909 94/1932/1920 93/3833/3818
f 89/3930/3909 93/3833/3818 92/3931/3910
f 93/3833/3818 100/3834/3819 95/3932/3911
f 95/3932/3911 100/3834/3819 99/3899/3878
f 3070/3913/3892 3069/3870/3853 3065/2012/2000
f 3094/3933/3912 3070/3913/3892 3065/2012/2000
f 2870/2109/2097 2871/2069/2057 2858/2068/2056
f 3062/2138/2124 3094/3933/3912 3065/2012/2000
f 3097/2082/2070 3059/2137/2123 3096/2021/2009
f 3062/2138/2124 3065/2012/2000 3064/2074/2062
f 3096/2021/2009 3059/2137/2123 3095/3902/3881
f 3095/3902/3881 3059/2137/2123 3063/2139/2125
f 3197/3934/3913 3191/3637/3622 3217/3915/3894
f 4676/3904/3883 4675/3792/3777 4677/1948/1936
f 2296/2184/2170 2318/2087/2075 2295/2182/2168
f 2295/2182/2168 2318/2087/2075 2320/2118/2106
f 2320/2118/2106 2356/2033/2021 2496/3918/3897
f 2496/3918/3897 2510/2090/2078 2491/3920/3899
f 2535/3921/3900 2537/2036/2024 2538/3935/3914
f 2538/3935/3914 2537/2036/2024 2539/3919/3898
f 2577/3936/3915 2576/2092/2080 2585/2094/2082
f 2577/3936/3915 2585/2094/2082 2594/2186/2172
f 2491/3920/3899 2503/2091/2079 2478/3922/3901
f 2425/3865/3848 2532/2046/2034 2535/3921/3900
f 480/2041/2029 492/2147/2133 463/2039/2027
f 463/2039/2027 481/2149/2135 462/2095/2083
f 2603/2151/2137 2591/2152/2138 2660/3937/3916
f 2707/3938/3917 2710/2052/2040 2709/3923/3902
f 2329/3889/3870 2327/3886/3867 2336/3939/3918
f 2336/3939/3918 2327/3886/3867 2326/3908/3887
f 2346/2157/2143 2341/2102/2090 2329/3889/3870
f 2346/2157/2143 2329/3889/3870 2336/3939/3918
f 3949/144/144 3920/1990/1978 3925/2156/2142
f 3091/2057/2045 3079/2163/2149 3081/2124/2112
f 3073/3890/3871 3076/2162/2148 3091/2057/2045
f 3075/3940/3919 3076/2162/2148 3073/3890/3871
f 3075/3940/3919 3073/3890/3871 3074/3941/3920
f 3073/3890/3871 3070/3913/3892 3074/3941/3920
f 3094/3933/3912 3074/3941/3920 3070/3913/3892
f 36/3875/3856 34/3755/3740 35/3942/3921
f 35/3942/3921 34/3755/3740 32/3894/3875
f 39/3926/3905 33/3848/3831 40/3943/3922
f 40/3943/3922 33/3848/3831 41/3927/3906
f 41/3927/3906 53/3895/3876 47/3891/3872
f 84/3929/3908 85/3892/3873 86/3944/3923
f 86/3944/3923 85/3892/3873 87/3871/3854
f 95/3932/3911 99/3899/3878 98/3945/3924
f 2098/3946/3925 2087/3900/3879 2083/3947/3926
f 2083/3947/3926 2087/3900/3879 2084/3878/3859
f 3051/2215/2201 3062/2138/2124 3059/2137/2123
f 4727/3948/3927 4722/3880/3861 4723/3881/3862
f 4692/3855/3838 4683/3857/3840 4684/3916/3895
f 4683/3857/3840 4672/3884/3865 4682/3949/3928
f 2487/3950/3929 2320/2118/2106 2496/3918/3897
f 2542/3951/3930 2539/3919/3898 2556/3885/3866
f 2552/3952/3931 2557/3905/3884 2576/2092/2080
f 2552/3952/3931 2576/2092/2080 2577/3936/3915
f 2577/3936/3915 2594/2186/2172 2578/2187/2173
f 2425/3865/3848 2535/3921/3900 2598/2192/2178
f 2478/3922/3901 2456/3906/3885 2455/3953/3932
f 2708/3954/3933 2707/3938/3917 2709/3923/3902
f 2455/3953/3932 2456/3906/3885 2447/3910/3889
f 2455/3953/3932 2447/3910/3889 2446/3955/3934
f 2446/3955/3934 2447/3910/3889 2433/3911/3890
f 2336/3939/3918 2326/3908/3887 2342/3956/3935
f 2326/3908/3887 2324/3862/3845 2342/3956/3935
f 2342/3956/3935 2324/3862/3845 2309/3909/3888
f 2276/3924/3903 2260/3887/3868 2263/3957/3936
f 2433/3911/3890 2430/3925/3904 2432/3958/3937
f 531/2101/2089 532/1988/1976 545/2234/2220
f 545/2234/2220 532/1988/1976 536/2198/2184
f 86/3944/3923 87/3871/3854 89/3930/3909
f 92/3931/3910 93/3833/3818 95/3932/3911
f 3120/2240/2226 3094/3933/3912 3062/2138/2124
f 2876/2169/2155 2872/2110/2098 2881/2170/2156
f 2874/2112/2100 2877/2213/2199 2878/2135/2121
f 4726/2028/2016 4722/3880/3861 4728/3959/3938
f 4728/3959/3938 4722/3880/3861 4727/3948/3927
f 4727/3948/3927 4723/3881/3862 4729/3960/3939
f 4729/3960/3939 4723/3881/3862 4747/3961/3940
f 4684/3916/3895 4683/3857/3840 4682/3949/3928
f 4682/3949/3928 4672/3884/3865 4676/3904/3883
f 4676/3904/3883 4677/1948/1936 4681/3962/3941
f 4681/3962/3941 4677/1948/1936 4697/2226/2212
f 2280/2183/2169 2295/2182/2168 2284/3963/3942
f 2284/3963/3942 2295/2182/2168 2488/3964/3943
f 2488/3964/3943 2295/2182/2168 2320/2118/2106
f 2488/3964/3943 2320/2118/2106 2487/3950/3929
f 2483/3965/3944 2487/3950/3929 2496/3918/3897
f 2269/2228/2214 2282/2088/2076 2274/3966/3945
f 2282/2088/2076 2280/2183/2169 2274/3966/3945
f 2483/3965/3944 2496/3918/3897 2491/3920/3899
f 2483/3965/3944 2491/3920/3899 2477/3967/3946
f 2538/3935/3914 2539/3919/3898 2540/3968/3947
f 2540/3968/3947 2539/3919/3898 2541/3969/3948
f 2541/3969/3948 2539/3919/3898 2542/3951/3930
f 2542/3951/3930 2556/3885/3866 2544/3970/3949
f 2544/3970/3949 2556/3885/3866 2557/3905/3884
f 2544/3970/3949 2557/3905/3884 2552/3952/3931
f 2477/3967/3946 2491/3920/3899 2478/3922/3901
f 2571/3971/3950 2535/3921/3900 2538/3935/3914
f 2552/3952/3931 2577/3936/3915 2555/3972/3951
f 2555/3972/3951 2577/3936/3915 2578/2187/2173
f 2598/2192/2178 2535/3921/3900 2571/3971/3950
f 2262/3973/3952 2264/2040/2028 2265/2146/2132
f 2426/2194/2180 2425/3865/3848 2598/2192/2178
f 2476/3974/3953 2478/3922/3901 2455/3953/3932
f 511/3975/3954 513/3976/3955 503/2155/2141
f 2261/2049/2037 2264/2040/2028 2262/3973/3952
f 465/2121/2109 487/2191/2177 499/2232/2218
f 465/2121/2109 499/2232/2218 509/2153/2139
f 476/2154/2140 511/3975/3954 503/2155/2141
f 2263/3957/3936 2260/3887/3868 2262/3973/3952
f 2262/3973/3952 2260/3887/3868 2261/2049/2037
f 2446/3955/3934 2433/3911/3890 2432/3958/3937
f 2428/3977/3956 2426/2194/2180 2434/2193/2179
f 528/2196/2182 531/2101/2089 557/2235/2221
f 2277/3888/3869 2276/3924/3903 2268/3978/3957
f 2287/2301/2287 2277/3888/3869 2268/3978/3957
f 2432/3958/3937 2430/3925/3904 2429/3979/3958
f 2429/3979/3958 2430/3925/3904 2427/3912/3891
f 2429/3979/3958 2427/3912/3891 2428/3977/3956
f 2428/3977/3956 2427/3912/3891 2426/2194/2180
f 2342/3956/3935 2309/3909/3888 2319/3980/3959
f 2319/3980/3959 2309/3909/3888 2294/3981/3960
f 2294/3981/3960 2309/3909/3888 2277/3888/3869
f 2294/3981/3960 2277/3888/3869 2287/2301/2287
f 2346/2157/2143 2336/3939/3918 2351/3982/3961
f 2386/2200/2186 2346/2157/2143 2351/3982/3961
f 3949/144/144 3925/2156/2142 3953/3983/3962
f 3953/3983/3962 3925/2156/2142 3926/2251/2237
f 1518/2252/2238 1502/2123/2111 1510/2104/2092
f 3078/3984/3963 3080/2254/2240 3079/2163/2149
f 3079/2163/2149 3080/2254/2240 3081/2124/2112
f 3081/2124/2112 3080/2254/2240 3082/2161/2147
f 3077/3985/3964 3078/3984/3963 3076/2162/2148
f 3076/2162/2148 3078/3984/3963 3079/2163/2149
f 3107/2205/2191 3106/2259/2245 3105/3986/3965
f 3108/2206/2192 3107/2205/2191 3105/3986/3965
f 3092/3987/3966 3077/3985/3964 3075/3940/3919
f 3077/3985/3964 3076/2162/2148 3075/3940/3919
f 3092/3987/3966 3075/3940/3919 3074/3941/3920
f 3115/3988/3967 3092/3987/3966 3074/3941/3920
f 3120/2240/2226 3115/3988/3967 3094/3933/3912
f 3115/3988/3967 3074/3941/3920 3094/3933/3912
f 32/3894/3875 39/3926/3905 46/3989/3968
f 52/3990/3969 48/3928/3907 84/3929/3908
f 3051/2215/2201 3120/2240/2226 3062/2138/2124
f 40/3943/3922 41/3927/3906 42/3991/3970
f 42/3991/3970 41/3927/3906 47/3891/3872
f 4697/2226/2212 4726/2028/2016 4728/3959/3938
f 4690/3772/3757 4684/3916/3895 4682/3949/3928
f 2571/3971/3950 2538/3935/3914 2540/3968/3947
f 2547/3992/3971 2544/3970/3949 2552/3952/3931
f 2547/3992/3971 2552/3952/3931 2555/3972/3951
f 2555/3972/3951 2578/2187/2173 2565/2292/2278
f 2578/2187/2173 2579/2188/2174 2565/2292/2278
f 2579/2188/2174 2604/2150/2136 2574/2248/2234
f 2477/3967/3946 2478/3922/3901 2476/3974/3953
f 509/2153/2139 500/2233/2219 511/3975/3954
f 476/2154/2140 509/2153/2139 511/3975/3954
f 2268/3978/3957 2263/3957/3936 2262/3973/3952
f 2323/2343/2329 2287/2301/2287 2268/3978/3957
f 2276/3924/3903 2263/3957/3936 2268/3978/3957
f 2343/3993/3972 2336/3939/3918 2342/3956/3935
f 2343/3993/3972 2342/3956/3935 2366/3994/3973
f 2366/3994/3973 2342/3956/3935 2319/3980/3959
f 2351/3982/3961 2336/3939/3918 2343/3993/3972
f 2386/2200/2186 2351/3982/3961 2393/3995/3974
f 3954/136/136 3949/144/144 3953/3983/3962
f 3089/3996/3975 3078/3984/3963 3077/3985/3964
f 3105/3986/3965 3106/2259/2245 3104/2262/2248
f 127/2354/2340 86/3944/3923 90/3997/3976
f 3060/2263/2249 3061/3998/3977 3017/2264/2250
f 35/3942/3921 32/3894/3875 46/3989/3968
f 52/3990/3969 84/3929/3908 86/3944/3923
f 90/3997/3976 86/3944/3923 89/3930/3909
f 90/3997/3976 89/3930/3909 91/3999/3978
f 89/3930/3909 92/3931/3910 91/3999/3978
f 91/3999/3978 92/3931/3910 95/3932/3911
f 95/3932/3911 98/3945/3924 96/4000/3979
f 96/4000/3979 98/3945/3924 105/4001/3980
f 4041/2134/2120 4016/86/86 4015/2242/2228
f 3013/4002/3981 3015/4003/3982 3011/2265/2251
f 3014/2214/2200 3013/4002/3981 3012/2239/2225
f 47/3891/3872 48/3928/3907 42/3991/3970
f 2098/3946/3925 2083/3947/3926 2082/4004/3983
f 105/4001/3980 98/3945/3924 163/4005/3984
f 1809/2244/2230 1806/2243/2229 1758/2080/2068
f 3192/4006/3985 3190/3635/3620 3191/3637/3622
f 3192/4006/3985 3191/3637/3622 3197/3934/3913
f 4705/4007/3986 4735/2030/2018 4700/2029/2017
f 4682/3949/3928 4676/3904/3883 4685/4008/3987
f 4685/4008/3987 4676/3904/3883 4681/3962/3941
f 2284/3963/3942 2488/3964/3943 2506/4009/3988
f 2279/4010/3989 2280/2183/2169 2284/3963/3942
f 2274/3966/3945 2280/2183/2169 2279/4010/3989
f 2543/4011/3990 2541/3969/3948 2542/3951/3930
f 2543/4011/3990 2542/3951/3930 2544/3970/3949
f 2547/3992/3971 2555/3972/3951 2550/4012/3991
f 2550/4012/3991 2555/3972/3951 2565/2292/2278
f 2266/4013/3992 2265/2146/2132 2269/2228/2214
f 2706/4014/3993 2707/3938/3917 2704/4015/3994
f 2704/4015/3994 2707/3938/3917 2708/3954/3933
f 2262/3973/3952 2265/2146/2132 2266/4013/3992
f 2475/4016/3995 2476/3974/3953 2455/3953/3932
f 522/2271/2257 501/2119/2107 521/2231/2217
f 489/2250/2236 500/2233/2219 499/2232/2218
f 2268/3978/3957 2262/3973/3952 2267/4017/3996
f 2455/3953/3932 2446/3955/3934 2448/4018/3997
f 2446/3955/3934 2432/3958/3937 2448/4018/3997
f 558/2300/2286 528/2196/2182 557/2235/2221
f 2448/4018/3997 2432/3958/3937 2438/4019/3998
f 2438/4019/3998 2432/3958/3937 2436/4020/3999
f 2435/4021/4000 2428/3977/3956 2434/2193/2179
f 2432/3958/3937 2429/3979/3958 2436/4020/3999
f 545/2234/2220 536/2198/2184 561/2305/2291
f 3955/146/146 3954/136/136 3953/3983/3962
f 3955/146/146 3953/3983/3962 3956/139/139
f 1499/2158/2144 1518/2252/2238 1520/2273/2259
f 3078/3984/3963 3086/4022/4001 3080/2254/2240
f 3086/4022/4001 3084/2308/2294 3080/2254/2240
f 3100/4023/4002 3078/3984/3963 3089/3996/3975
f 3084/2308/2294 3083/2255/2241 3080/2254/2240
f 3114/2204/2190 3025/4024/4003 3047/4025/4004
f 3149/4026/4005 3152/4027/4006 3154/4028/4007
f 3155/4029/4008 3149/4026/4005 3154/4028/4007
f 3117/4030/4009 3077/3985/3964 3092/3987/3966
f 3117/4030/4009 3092/3987/3966 3115/3988/3967
f 3145/4031/4010 3146/4032/4011 3147/4033/4012
f 3061/3998/3977 3105/3986/3965 3104/2262/2248
f 3061/3998/3977 3104/2262/2248 3103/4034/4013
f 3148/4035/4014 3145/4031/4010 3147/4033/4012
f 3061/3998/3977 3103/4034/4013 3017/2264/2250
f 4022/85/85 4013/2318/2304 4016/86/86
f 3012/2239/2225 3016/4036/4015 3120/2240/2226
f 144/2353/2339 86/3944/3923 127/2354/2340
f 4016/86/86 4013/2318/2304 4015/2242/2228
f 3011/2265/2251 3012/2239/2225 3013/4002/3981
f 65/4037/4016 35/3942/3921 46/3989/3968
f 46/3989/3968 39/3926/3905 45/4038/4017
f 45/4038/4017 39/3926/3905 40/3943/3922
f 91/3999/3978 95/3932/3911 96/4000/3979
f 43/4039/4018 40/3943/3922 42/3991/3970
f 2083/3947/3926 2084/3878/3859 2079/4040/4019
f 1822/2219/2205 1703/2177/2163 1645/2326/2312
f 4730/4041/4020 4728/3959/3938 4727/3948/3927
f 4700/2029/2017 4690/3772/3757 4693/4042/4021
f 4705/4007/3986 4700/2029/2017 4693/4042/4021
f 4690/3772/3757 4682/3949/3928 4693/4042/4021
f 4693/4042/4021 4682/3949/3928 4685/4008/3987
f 4698/4043/4022 4681/3962/3941 4697/2226/2212
f 2488/3964/3943 2487/3950/3929 2482/4044/4023
f 2482/4044/4023 2487/3950/3929 2483/3965/3944
f 2550/4012/3991 2565/2292/2278 2559/4045/4024
f 2270/4046/4025 2269/2228/2214 2274/3966/3945
f 2479/4047/4026 2483/3965/3944 2477/3967/3946
f 2572/4048/4027 2571/3971/3950 2540/3968/3947
f 2572/4048/4027 2540/3968/3947 2558/4049/4028
f 2558/4049/4028 2540/3968/3947 2541/3969/3948
f 2544/3970/3949 2547/3992/3971 2546/4050/4029
f 2266/4013/3992 2269/2228/2214 2270/4046/4025
f 2600/4051/4030 2598/2192/2178 2572/4048/4027
f 2598/2192/2178 2571/3971/3950 2572/4048/4027
f 500/2233/2219 508/2294/2280 511/3975/3954
f 511/3975/3954 508/2294/2280 513/3976/3955
f 2267/4017/3996 2262/3973/3952 2266/4013/3992
f 2434/2193/2179 2598/2192/2178 2600/4051/4030
f 490/2298/2284 489/2250/2236 488/2272/2258
f 489/2250/2236 498/2299/2285 500/2233/2219
f 2268/3978/3957 2267/4017/3996 2283/4052/4031
f 2459/4053/4032 2455/3953/3932 2448/4018/3997
f 2322/4054/4033 2268/3978/3957 2283/4052/4031
f 2323/2343/2329 2268/3978/3957 2322/4054/4033
f 2437/4055/4034 2435/4021/4000 2434/2193/2179
f 2436/4020/3999 2429/3979/3958 2435/4021/4000
f 2435/4021/4000 2429/3979/3958 2428/3977/3956
f 2387/2302/2288 2287/2301/2287 2323/2343/2329
f 2343/3993/3972 2366/3994/3973 2397/4056/4035
f 2392/4057/4036 2343/3993/3972 2397/4056/4035
f 2366/3994/3973 2319/3980/3959 2395/4058/4037
f 2397/4056/4035 2366/3994/3973 2395/4058/4037
f 2395/4058/4037 2294/3981/3960 2390/2303/2289
f 2294/3981/3960 2287/2301/2287 2390/2303/2289
f 2351/3982/3961 2343/3993/3972 2392/4057/4036
f 2319/3980/3959 2294/3981/3960 2395/4058/4037
f 2393/3995/3974 2351/3982/3961 2392/4057/4036
f 3023/4059/4038 3111/4060/4039 3046/4061/4040
f 3086/4022/4001 3102/2378/4041 3084/2308/2294
f 3078/3984/3963 3100/4023/4002 3086/4022/4001
f 3149/4026/4005 3151/4062/4042 3152/4027/4006
f 1409/2312/2298 1385/2311/2297 1393/2202/2188
f 3117/4030/4009 3053/4063/4043 3054/4064/4044
f 3109/2260/2246 3112/4065/4045 3103/4034/4013
f 3104/2262/2248 3109/2260/2246 3103/4034/4013
f 3103/4034/4013 3050/4066/4046 3017/2264/2250
f 3017/2264/2250 3050/4066/4046 3010/4067/4047
f 4022/85/85 4021/119/119 4013/2318/2304
f 3009/2276/2262 3016/4036/4015 3012/2239/2225
f 3011/2265/2251 3017/2264/2250 3010/4067/4047
f 3011/2265/2251 3010/4067/4047 3009/2276/2262
f 101/2355/2341 127/2354/2340 90/3997/3976
f 101/2355/2341 90/3997/3976 91/3999/3978
f 65/4037/4016 46/3989/3968 64/4068/4048
f 45/4038/4017 40/3943/3922 43/4039/4018
f 49/4069/4049 52/3990/3969 86/3944/3923
f 49/4069/4049 86/3944/3923 144/2353/2339
f 48/3928/3907 52/3990/3969 49/4069/4049
f 2082/4004/3983 2083/3947/3926 2079/4040/4019
f 4697/2226/2212 4728/3959/3938 4730/4041/4020
f 4730/4041/4020 4727/3948/3927 4729/3960/3939
f 4698/4043/4022 4685/4008/3987 4681/3962/3941
f 3230/4070/4050 3184/3816/3801 3209/4071/4051
f 4752/4072/4052 4735/2030/2018 4705/4007/3986
f 3209/4071/4051 3184/3816/3801 3193/4073/4053
f 3913/2269/2255 3922/1951/1939 3928/2288/2274
f 2279/4010/3989 2284/3963/3942 2285/4074/4054
f 2284/3963/3942 2506/4009/3988 2285/4074/4054
f 2285/4074/4054 2506/4009/3988 2485/4075/4055
f 2485/4075/4055 2506/4009/3988 2488/3964/3943
f 2485/4075/4055 2488/3964/3943 2482/4044/4023
f 2482/4044/4023 2483/3965/3944 2479/4047/4026
f 2559/4045/4024 2565/2292/2278 2561/4076/4056
f 2565/2292/2278 2570/2291/2277 2561/4076/4056
f 2278/4077/4057 2274/3966/3945 2279/4010/3989
f 2548/4078/4058 2541/3969/3948 2543/4011/3990
f 2543/4011/3990 2544/3970/3949 2545/4079/4059
f 2278/4077/4057 2270/4046/4025 2274/3966/3945
f 2479/4047/4026 2477/3967/3946 2475/4016/3995
f 2558/4049/4028 2541/3969/3948 2548/4078/4058
f 2545/4079/4059 2544/3970/3949 2546/4050/4029
f 2546/4050/4029 2547/3992/3971 2549/2449/2435
f 2549/2449/2435 2547/3992/3971 2550/4012/3991
f 2475/4016/3995 2477/3967/3946 2476/3974/3953
f 2271/4080/4060 2266/4013/3992 2270/4046/4025
f 508/2294/2280 519/2372/2358 513/3976/3955
f 2267/4017/3996 2266/4013/3992 2271/4080/4060
f 2283/4052/4031 2267/4017/3996 2271/4080/4060
f 2475/4016/3995 2455/3953/3932 2459/4053/4032
f 2437/4055/4034 2434/2193/2179 2600/4051/4030
f 558/2300/2286 557/2235/2221 628/2342/2328
f 627/2341/2327 545/2234/2220 561/2305/2291
f 627/2341/2327 561/2305/2291 570/4081/4061
f 3028/4082/4062 3029/4083/4063 3027/4084/4064
f 3027/4084/4064 3029/4083/4063 3030/4085/4065
f 3030/4085/4065 3033/4086/4066 3032/4087/4067
f 3031/4088/4068 3030/4085/4065 3032/4087/4067
f 3046/4061/4040 3028/4082/4062 3026/4089/4069
f 3026/4089/4069 3028/4082/4062 3027/4084/4064
f 3027/4084/4064 3030/4085/4065 3031/4088/4068
f 3021/4090/4070 3046/4061/4040 3026/4089/4069
f 3953/3983/3962 3926/2251/2237 3957/2345/2331
f 3023/4059/4038 3046/4061/4040 3021/4090/4070
f 3045/4091/4071 3031/4088/4068 3032/4087/4067
f 3032/4087/4067 3034/4092/4072 3035/4093/4073
f 3035/4093/4073 3034/4092/4072 3036/2379/2365
f 3956/139/139 3953/3983/3962 3958/2413/2399
f 3958/2413/2399 3953/3983/3962 3957/2345/2331
f 3045/4091/4071 3032/4087/4067 3035/4093/4073
f 3024/4094/4074 3023/4059/4038 3020/4095/4075
f 3020/4095/4075 3023/4059/4038 3021/4090/4070
f 3045/4091/4071 3035/4093/4073 3110/4096/4076
f 3036/2379/2365 3102/2378/2364 3035/4093/4073
f 3153/4097/4077 3157/4098/4078 3156/4099/4079
f 3150/4100/4080 3153/4097/4077 3151/4062/4042
f 3151/4062/4042 3153/4097/4077 3156/4099/4079
f 3102/2378/4041 3085/2309/2295 3084/2308/2294
f 3083/2255/2241 3085/2309/2295 3090/4101/4081
f 3025/4024/4003 3024/4094/4074 3020/4095/4075
f 3149/4026/4005 3150/4100/4080 3151/4062/4042
f 3025/4024/4003 3020/4095/4075 3047/4025/4004
f 3047/4025/4004 3020/4095/4075 3018/4102/4082
f 3052/4103/4083 3110/4096/4076 3054/4064/4044
f 3112/4065/4045 3018/4102/4082 3006/4104/4084
f 3006/4104/4084 3005/4105/4085 3007/4106/4086
f 3053/4063/4043 3052/4103/4083 3054/4064/4044
f 3047/4025/4004 3018/4102/4082 3112/4065/4045
f 3007/4106/4086 3005/4105/4085 3008/4107/4087
f 3049/4108/4088 3052/4103/4083 3008/4107/4087
f 3008/4107/4087 3052/4103/4083 3053/4063/4043
f 3008/4107/4087 3053/4063/4043 3117/4030/4009
f 3103/4034/4013 3112/4065/4045 3050/4066/4046
f 3050/4066/4046 3112/4065/4045 3006/4104/4084
f 3007/4106/4086 3008/4107/4087 3009/2276/2262
f 3050/4066/4046 3006/4104/4084 3007/4106/4086
f 3009/2276/2262 3008/4107/4087 3016/4036/4015
f 3008/4107/4087 3117/4030/4009 3016/4036/4015
f 3050/4066/4046 3007/4106/4086 3010/4067/4047
f 3010/4067/4047 3007/4106/4086 3009/2276/2262
f 4013/2318/2304 4021/119/119 4007/2351/2337
f 119/4109/4089 65/4037/4016 64/4068/4048
f 97/4110/4090 101/2355/2341 91/3999/3978
f 49/4069/4049 144/2353/2339 63/4111/4091
f 97/4110/4090 91/3999/3978 96/4000/3979
f 43/4039/4018 42/3991/3970 44/4112/4092
f 42/3991/3970 48/3928/3907 44/4112/4092
f 44/4112/4092 48/3928/3907 49/4069/4049
f 1722/2320/2306 1822/2219/2205 1645/2326/2312
f 1815/2283/2269 1878/2359/2345 1746/2245/2231
f 4024/2225/2211 4061/2280/2266 4065/2363/2349
f 3192/4006/3985 3197/3934/3913 3198/4113/4093
f 4705/4007/3986 4693/4042/4021 4713/4114/4094
f 4713/4114/4094 4693/4042/4021 4703/4115/4095
f 4703/4115/4095 4693/4042/4021 4685/4008/3987
f 4703/4115/4095 4685/4008/3987 4704/4116/4096
f 4704/4116/4096 4685/4008/3987 4698/4043/4022
f 4757/4117/4097 4752/4072/4052 4705/4007/3986
f 3913/2269/2255 3928/2288/2274 3940/2397/2383
f 3193/4073/4053 3184/3816/3801 3176/3917/3896
f 2281/4118/4098 2279/4010/3989 2285/4074/4054
f 2570/2291/2277 2574/2248/2234 2564/2369/2355
f 2561/4076/4056 2570/2291/2277 2564/2369/2355
f 2703/4119/4099 2706/4014/3993 2704/4015/3994
f 2278/4077/4057 2279/4010/3989 2281/4118/4098
f 2548/4078/4058 2543/4011/3990 2545/4079/4059
f 2549/2449/2435 2550/4012/3991 2559/4045/4024
f 2323/2343/2329 2322/4054/4033 2388/2344/2330
f 2436/4020/3999 2435/4021/4000 2444/4120/4100
f 3032/4087/4067 3033/4086/4066 3034/4092/4072
f 3033/4086/4066 3044/4121/4101 3034/4092/4072
f 570/4081/4061 561/2305/2291 560/2304/2290
f 3026/4089/4069 3027/4084/4064 3022/4122/4102
f 3137/4123/4103 3140/4124/4104 3138/4125/4105
f 3138/4125/4105 3140/4124/4104 3141/4126/4106
f 3034/4092/4072 3037/4127/4107 3036/2379/2365
f 3021/4090/4070 3026/4089/4069 3022/4122/4102
f 3142/4128/4108 3138/4125/4105 3141/4126/4106
f 3142/4128/4108 3141/4126/4106 3143/4129/4109
f 3137/4123/4103 3138/4125/4105 3139/4130/4110
f 3142/4128/4108 3143/4129/4109 3144/4131/4111
f 2671/4132/4112 2670/4133/4113 2665/4134/4114
f 3956/139/139 3958/2413/2399 3961/137/137
f 3020/4095/4075 3021/4090/4070 3019/4135/4115
f 3019/4135/4115 3021/4090/4070 3022/4122/4102
f 3019/4135/4115 3022/4122/4102 3048/4136/4116
f 3019/4135/4115 3048/4136/4116 2995/2418/2404
f 3122/4137/4117 3045/4091/4071 3110/4096/4076
f 3057/4138/4118 3122/4137/4117 3110/4096/4076
f 3018/4102/4082 3020/4095/4075 3019/4135/4115
f 3018/4102/4082 3019/4135/4115 2995/2418/2404
f 3135/4139/4119 3127/2386/2372 3134/2385/2371
f 3057/4138/4118 3110/4096/4076 3052/4103/4083
f 3057/4138/4118 3052/4103/4083 3055/4140/4120
f 3058/4141/4121 3057/4138/4118 3055/4140/4120
f 3018/4102/4082 2995/2418/2404 3006/4104/4084
f 3005/4105/4085 2995/2418/2404 2998/2421/2407
f 3049/4108/4088 3056/4142/4122 3055/4140/4120
f 3049/4108/4088 3055/4140/4120 3052/4103/4083
f 3006/4104/4084 2995/2418/2404 3005/4105/4085
f 3008/4107/4087 3005/4105/4085 3049/4108/4088
f 102/2391/2377 131/2352/2338 101/2355/2341
f 64/4068/4048 46/3989/3968 45/4038/4017
f 102/2391/2377 101/2355/2341 97/4110/4090
f 4061/2280/2266 4074/2357/2343 4065/2363/2349
f 4698/4043/4022 4697/2226/2212 4737/4143/4123
f 4757/4117/4097 4705/4007/3986 4713/4114/4094
f 4757/4117/4097 4713/4114/4094 4768/4144/4124
f 3928/2288/2274 3942/4145/4125 3940/2397/2383
f 3905/2289/2275 3913/2269/2255 3931/2398/2384
f 3905/2289/2275 3931/2398/2384 3936/2368/2354
f 2485/4075/4055 2482/4044/4023 2484/4146/4126
f 2484/4146/4126 2482/4044/4023 2481/4147/4127
f 2559/4045/4024 2561/4076/4056 2560/2447/2433
f 2703/4119/4099 2704/4015/3994 2705/4148/4128
f 4570/4149/4129 4567/4150/4130 4581/4151/4131
f 4567/4150/4130 4570/4149/4129 4569/4152/4132
f 2549/2449/2435 2559/4045/4024 2560/2447/2433
f 2270/4046/4025 2278/4077/4057 2291/2577/2563
f 2569/4153/4133 2558/4049/4028 2548/4078/4058
f 2548/4078/4058 2545/4079/4059 2551/4154/4134
f 2551/4154/4134 2545/4079/4059 2554/4155/4135
f 2554/4155/4135 2545/4079/4059 2553/4156/4136
f 2545/4079/4059 2546/4050/4029 2553/4156/4136
f 2553/4156/4136 2546/4050/4029 2549/2449/2435
f 2553/4156/4136 2549/2449/2435 2567/4157/4137
f 2567/4157/4137 2549/2449/2435 2568/2448/2434
f 508/2294/2280 507/2370/2356 518/2371/2357
f 3911/2290/2276 3936/2368/2354 3929/2338/2324
f 2271/4080/4060 2270/4046/4025 2297/2579/2565
f 4570/4149/4129 4581/4151/4131 4584/4158/4138
f 4593/2403/2389 4573/2402/2388 4574/4159/4139
f 4574/4159/4139 4573/2402/2388 4569/4152/4132
f 4571/4160/4140 4569/4152/4132 4570/4149/4129
f 4570/4149/4129 4584/4158/4138 4583/4161/4141
f 2531/4162/4142 2437/4055/4034 2600/4051/4030
f 4571/4160/4140 4570/4149/4129 4572/4163/4143
f 4572/4163/4143 4570/4149/4129 4583/4161/4141
f 4574/4159/4139 4569/4152/4132 4571/4160/4140
f 2459/4053/4032 2448/4018/3997 2451/4164/4144
f 2388/2344/2330 2322/4054/4033 2396/4165/4145
f 2435/4021/4000 2437/4055/4034 2531/4162/4142
f 2450/4166/4146 2438/4019/3998 2436/4020/3999
f 2450/4166/4146 2436/4020/3999 2444/4120/4100
f 4572/4163/4143 4583/4161/4141 4579/4167/4147
f 2387/2302/2288 2388/2344/2330 2396/4165/4145
f 628/2342/2328 627/2341/2327 634/2533/2519
f 4582/4168/4148 4574/4159/4139 4571/4160/4140
f 4571/4160/4140 4572/4163/4143 4579/4167/4147
f 627/2341/2327 570/4081/4061 634/2533/2519
f 4571/4160/4140 4580/4169/4149 4582/4168/4148
f 4580/4169/4149 4571/4160/4140 4579/4167/4147
f 3044/4121/4101 3043/4170/4150 3037/4127/4107
f 3034/4092/4072 3044/4121/4101 3037/4127/4107
f 570/4081/4061 560/2304/2290 622/4171/4151
f 3964/2409/2395 3959/2307/2293 3963/2306/2292
f 3964/2409/2395 3963/2306/2292 3965/2407/2393
f 2675/4172/4152 2673/4173/4153 2662/2469/2455
f 2922/2412/2398 2921/2382/2368 2925/2468/2454
f 2662/2469/2455 2673/4173/4153 2671/4132/4112
f 2662/2469/2455 2671/4132/4112 2665/4134/4114
f 2662/2469/2455 2665/4134/4114 2663/2470/2456
f 3960/2411/2397 3958/2413/2399 3957/2345/2331
f 2665/4134/4114 2670/4133/4113 2669/4174/4154
f 3961/137/137 3958/2413/2399 3962/2414/2400
f 2669/4174/4154 2670/4133/4113 2672/4175/4155
f 3085/2309/2295 3101/2466/4156 3090/4101/4081
f 3979/90/90 3961/137/137 3962/2414/2400
f 2670/4133/4113 2674/4176/4157 2672/4175/4155
f 3136/4177/4158 3133/2416/2402 3135/4139/4119
f 3135/4139/4119 3133/2416/2402 3127/2386/2372
f 3129/4178/4159 3130/4179/4160 3128/2479/2465
f 2998/2421/2407 3118/2476/2462 3005/4105/4085
f 3128/2479/2465 3131/2389/2375 3125/2388/2374
f 4020/109/109 4019/148/148 4006/2424/2410
f 4020/109/109 4006/2424/2410 4007/2351/2337
f 78/4180/4161 119/4109/4089 64/4068/4048
f 78/4180/4161 64/4068/4048 74/4181/4162
f 64/4068/4048 45/4038/4017 55/4182/4163
f 63/4111/4091 144/2353/2339 102/2391/2377
f 102/2391/2377 97/4110/4090 104/4183/4164
f 54/4184/4165 45/4038/4017 43/4039/4018
f 97/4110/4090 96/4000/3979 104/4183/4164
f 104/4183/4164 96/4000/3979 105/4001/3980
f 3469/4185/4166 3472/4186/4167 3444/4187/4168
f 1633/2358/2344 1625/2485/2471 1876/2360/2346
f 1770/2361/2347 1776/2395/2381 1771/2324/2310
f 3444/4187/4168 3439/2495/2481 3438/4188/4169
f 3438/4188/4169 3439/2495/2481 3440/2496/2482
f 3469/4185/4166 3444/4187/4168 3445/4189/4170
f 3445/4189/4170 3444/4187/4168 3438/4188/4169
f 3469/4185/4166 3445/4189/4170 3451/4190/4171
f 3477/4191/4172 3469/4185/4166 3451/4190/4171
f 3446/4192/4173 3445/4189/4170 3438/4188/4169
f 3446/4192/4173 3438/4188/4169 3441/4193/4174
f 3441/4193/4174 3438/4188/4169 3440/2496/2482
f 3441/4193/4174 3440/2496/2482 3442/2434/2420
f 3446/4192/4173 3441/4193/4174 3443/2436/2422
f 3443/2436/2422 3441/4193/4174 3442/2434/2420
f 3477/4191/4172 3451/4190/4171 3470/4194/4175
f 4043/2328/2314 4065/2363/2349 4070/2437/2423
f 4737/4143/4123 4697/2226/2212 4732/4195/4176
f 4732/4195/4176 4697/2226/2212 4730/4041/4020
f 4732/4195/4176 4730/4041/4020 4733/4196/4177
f 4730/4041/4020 4729/3960/3939 4733/4196/4177
f 4768/4144/4124 4713/4114/4094 4703/4115/4095
f 4588/4197/4178 4575/4198/4179 4594/4199/4180
f 4766/4200/4181 4703/4115/4095 4704/4116/4096
f 4766/4200/4181 4704/4116/4096 4758/4201/4182
f 4704/4116/4096 4698/4043/4022 4758/4201/4182
f 4758/4201/4182 4698/4043/4022 4737/4143/4123
f 4564/4202/4183 4592/4203/4184 4575/4198/4179
f 4585/4204/4185 4592/4203/4184 4564/4202/4183
f 4566/4205/4186 4585/4204/4185 4564/4202/4183
f 4564/4202/4183 4562/2443/2429 4563/4206/4187
f 4563/4206/4187 4562/2443/2429 4561/4207/4188
f 4561/4207/4188 4562/2443/2429 4557/2442/2428
f 4556/4208/4189 4557/2442/2428 4558/2445/2431
f 4566/4205/4186 4564/4202/4183 4565/4209/4190
f 4564/4202/4183 4563/4206/4187 4565/4209/4190
f 4565/4209/4190 4563/4206/4187 4578/4210/4191
f 3714/4211/4192 3673/4212/4193 3678/4213/4194
f 4563/4206/4187 4561/4207/4188 4578/4210/4191
f 4578/4210/4191 4561/4207/4188 4560/4214/4195
f 4561/4207/4188 4557/2442/2428 4560/4214/4195
f 4560/4214/4195 4557/2442/2428 4559/4215/4196
f 4559/4215/4196 4557/2442/2428 4556/4208/4189
f 4590/4216/4197 4585/4204/4185 4566/4205/4186
f 3719/4217/4198 3673/4212/4193 3714/4211/4192
f 4568/4218/4199 4590/4216/4197 4566/4205/4186
f 3720/4219/4200 3719/4217/4198 3714/4211/4192
f 4567/4150/4130 4565/4209/4190 4591/4220/4201
f 4566/4205/4186 4565/4209/4190 4567/4150/4130
f 4211/4221/4202 4203/2572/2558 4202/2517/2503
f 4589/2401/2387 4590/4216/4197 4568/4218/4199
f 2561/4076/4056 2564/2369/2355 2563/4222/4203
f 4589/2401/2387 4568/4218/4199 4573/2402/2388
f 4568/4218/4199 4566/4205/4186 4567/4150/4130
f 2288/4223/4204 2281/4118/4098 2285/4074/4054
f 2285/4074/4054 2485/4075/4055 2293/4224/4205
f 4568/4218/4199 4567/4150/4130 4569/4152/4132
f 4211/4221/4202 4202/2517/2503 4201/2519/2505
f 2291/2577/2563 2278/4077/4057 2281/4118/4098
f 2569/4153/4133 2548/4078/4058 2551/4154/4134
f 2595/4225/4206 2572/4048/4027 2558/4049/4028
f 2601/4226/4207 2600/4051/4030 2572/4048/4027
f 2601/4226/4207 2572/4048/4027 2595/4225/4206
f 4573/2402/2388 4568/4218/4199 4569/4152/4132
f 2313/4227/4208 2271/4080/4060 2297/2579/2565
f 2489/4228/4209 2475/4016/3995 2459/4053/4032
f 2313/4227/4208 2283/4052/4031 2271/4080/4060
f 2652/4229/4210 2531/4162/4142 2600/4051/4030
f 630/2457/2443 544/2339/2325 558/2300/2286
f 2396/4165/4145 2322/4054/4033 2391/4230/4211
f 630/2457/2443 558/2300/2286 628/2342/2328
f 2451/4164/4144 2448/4018/3997 2438/4019/3998
f 2451/4164/4144 2438/4019/3998 2450/4166/4146
f 2444/4120/4100 2435/4021/4000 2531/4162/4142
f 3036/2379/2365 3037/4127/4107 3038/2408/2394
f 2666/4231/4212 2662/2469/2455 2664/2471/2457
f 2920/2472/2458 2922/2412/2398 2923/2467/2453
f 2663/2470/2456 2665/4134/4114 2669/4174/4154
f 3132/4232/4213 3129/4178/4159 3124/2478/2464
f 3124/2478/2464 3129/4178/4159 3128/2479/2465
f 3979/90/90 3962/2414/2400 3974/2481/2467
f 3980/88/88 3979/90/90 3974/2481/2467
f 3962/2414/2400 3960/2411/2397 3974/2481/2467
f 4019/148/148 3980/88/88 3974/2481/2467
f 4019/148/148 3974/2481/2467 4006/2424/2410
f 79/2586/2572 119/4109/4089 78/4180/4161
f 63/4111/4091 102/2391/2377 60/4233/4214
f 60/4233/4214 102/2391/2377 62/4234/4215
f 102/2391/2377 104/4183/4164 62/4234/4215
f 43/4039/4018 44/4112/4092 58/4235/4216
f 44/4112/4092 49/4069/4049 58/4235/4216
f 58/4235/4216 49/4069/4049 63/4111/4091
f 114/4236/4217 104/4183/4164 105/4001/3980
f 1625/2485/2471 1626/2394/2380 1876/2360/2346
f 3444/4187/4168 3472/4186/4167 3473/4237/4218
f 3444/4187/4168 3473/4237/4218 3439/2495/2481
f 3439/2495/2481 3473/4237/4218 3481/2493/2479
f 1632/2427/2413 1722/2320/2306 1621/4238/4219
f 1621/4238/4219 1722/2320/2306 1645/2326/2312
f 3451/4190/4171 3445/4189/4170 3446/4192/4173
f 3451/4190/4171 3446/4192/4173 3448/4239/4220
f 3470/4194/4175 3451/4190/4171 3448/4239/4220
f 3448/4239/4220 3446/4192/4173 3447/4240/4221
f 3447/4240/4221 3446/4192/4173 3443/2436/2422
f 3447/4240/4221 3443/2436/2422 3449/4241/4222
f 3443/2436/2422 3524/2435/2421 3468/2558/2544
f 3449/4241/4222 3443/2436/2422 3468/2558/2544
f 3470/4194/4175 3448/4239/4220 3467/4242/4223
f 3467/4242/4223 3448/4239/4220 3447/4240/4221
f 3449/4241/4222 3468/2558/2544 3464/2559/2545
f 3476/4243/4224 3470/4194/4175 3467/4242/4223
f 3453/2499/2485 3449/4241/4222 3464/2559/2545
f 3467/4242/4223 3447/4240/4221 3452/4244/4225
f 3447/4240/4221 3449/4241/4222 3450/2505/2491
f 3450/2505/2491 3449/4241/4222 3453/2499/2485
f 3453/2499/2485 3464/2559/2545 3465/2497/2483
f 3476/4243/4224 3467/4242/4223 3475/4245/4226
f 3450/2505/2491 3453/2499/2485 3454/2503/2489
f 3453/2499/2485 3455/2501/2487 3454/2503/2489
f 3458/2504/2490 3454/2503/2489 3455/2501/2487
f 3460/4246/4227 3455/2501/2487 3461/2502/2488
f 3475/4245/4226 3467/4242/4223 3452/4244/4225
f 3478/4247/4228 3475/4245/4226 3452/4244/4225
f 3478/4247/4228 3452/4244/4225 3456/4248/4229
f 3341/2366/2352 3348/2506/2492 3330/2331/2317
f 4575/4198/4179 4588/4197/4178 4576/4249/4230
f 4588/4197/4178 4586/4250/4231 4576/4249/4230
f 4576/4249/4230 4586/4250/4231 4558/2445/2431
f 4558/2445/2431 4586/4250/4231 4587/4251/4232
f 4564/4202/4183 4575/4198/4179 4562/2443/2429
f 4562/2443/2429 4575/4198/4179 4576/4249/4230
f 4562/2443/2429 4576/4249/4230 4577/2444/2430
f 4576/4249/4230 4558/2445/2431 4577/2444/2430
f 4542/4252/4233 4537/2512/2498 4539/2513/2499
f 3697/4253/4234 3714/4211/4192 3678/4213/4194
f 3669/4254/4235 3673/4212/4193 3672/4255/4236
f 3674/2515/2501 3672/4255/4236 3676/2516/2502
f 3720/4219/4200 3714/4211/4192 3697/4253/4234
f 2288/4223/4204 2285/4074/4054 2293/4224/4205
f 2293/4224/4205 2485/4075/4055 2484/4146/4126
f 2562/4256/4237 2560/2447/2433 2561/4076/4056
f 2562/4256/4237 2561/4076/4056 2563/4222/4203
f 2713/4257/4238 2703/4119/4099 2705/4148/4128
f 2482/4044/4023 2479/4047/4026 2481/4147/4127
f 2573/4258/4239 2560/2447/2433 2562/4256/4237
f 2291/2577/2563 2281/4118/4098 2288/4223/4204
f 2481/4147/4127 2479/4047/4026 2480/4259/4240
f 2568/2448/2434 2560/2447/2433 2573/4258/4239
f 2479/4047/4026 2475/4016/3995 2480/4259/4240
f 2297/2579/2565 2270/4046/4025 2291/2577/2563
f 2480/4259/4240 2475/4016/3995 2489/4228/4209
f 2595/4225/4206 2558/4049/4028 2569/4153/4133
f 344/4260/4241 349/4261/4242 305/4262/4243
f 305/4262/4243 349/4261/4242 306/4263/4244
f 2652/4229/4210 2600/4051/4030 2601/4226/4207
f 2489/4228/4209 2459/4053/4032 2501/4264/4245
f 2322/4054/4033 2283/4052/4031 2361/4265/4246
f 2322/4054/4033 2361/4265/4246 2391/4230/4211
f 2501/4264/4245 2459/4053/4032 2502/4266/4247
f 2459/4053/4032 2451/4164/4144 2502/4266/4247
f 630/2457/2443 628/2342/2328 636/2532/2518
f 304/4267/4248 301/4268/4249 302/4269/4250
f 3037/4127/4107 3043/4170/4150 3039/2539/2525
f 3748/4270/4251 3749/2537/2523 3746/2536/2522
f 3038/2408/2394 3037/4127/4107 3039/2539/2525
f 2667/4271/4252 2666/4231/4212 2664/2471/2457
f 2667/4271/4252 2664/2471/2457 2668/4272/4253
f 2668/4272/4253 2664/2471/2457 2663/2470/2456
f 2924/4273/4254 2920/2472/2458 2923/2467/2453
f 2994/2419/2405 2989/4274/4255 2993/2420/2406
f 79/2586/2572 78/4180/4161 77/2587/2573
f 77/2587/2573 78/4180/4161 74/4181/4162
f 55/4182/4163 45/4038/4017 54/4184/4165
f 58/4235/4216 63/4111/4091 60/4233/4214
f 54/4184/4165 43/4039/4018 58/4235/4216
f 72/4275/4256 104/4183/4164 114/4236/4217
f 1625/2485/2471 1624/2486/2472 1626/2394/2380
f 114/4236/4217 105/4001/3980 135/4276/4257
f 2091/4277/4258 2082/4004/3983 2081/4278/4259
f 2081/4278/4259 2082/4004/3983 2079/4040/4019
f 1621/4238/4219 1645/2326/2312 1609/2555/2541
f 3452/4244/4225 3447/4240/4221 3450/2505/2491
f 3458/2504/2490 3455/2501/2487 3459/4279/4260
f 3459/4279/4260 3455/2501/2487 3460/4246/4227
f 3461/2502/2488 3482/4280/4261 3460/4246/4227
f 3456/4248/4229 3452/4244/4225 3450/2505/2491
f 3456/4248/4229 3450/2505/2491 3457/4281/4262
f 3450/2505/2491 3458/2504/2490 3457/4281/4262
f 3457/4281/4262 3458/2504/2490 3459/4279/4260
f 3456/4248/4229 3457/4281/4262 3471/4282/4263
f 3471/4282/4263 3457/4281/4262 3462/4283/4264
f 3457/4281/4262 3459/4279/4260 3462/4283/4264
f 3462/4283/4264 3459/4279/4260 3460/4246/4227
f 3462/4283/4264 3460/4246/4227 3463/2508/2494
f 3471/4282/4263 3462/4283/4264 3479/4284/4265
f 3462/4283/4264 3463/2508/2494 3479/4284/4265
f 3479/4284/4265 3463/2508/2494 3480/2507/2493
f 4732/4195/4176 4733/4196/4177 4738/4285/4266
f 3678/4213/4194 3673/4212/4193 3669/4254/4235
f 3669/4254/4235 3672/4255/4236 3670/4286/4267
f 3670/4286/4267 3672/4255/4236 3674/2515/2501
f 2705/4148/4128 2716/4287/4268 2715/4288/4269
f 347/4289/4270 344/4260/4241 290/4290/4271
f 290/4290/4271 344/4260/4241 305/4262/4243
f 306/4263/4244 317/4291/4272 278/4292/4273
f 305/4262/4243 306/4263/4244 283/4293/4274
f 2361/4265/4246 2283/4052/4031 2313/4227/4208
f 1423/4294/4275 1468/4295/4276 1421/2648/2634
f 1272/2612/2598 1287/2614/2600 1290/2622/2608
f 1423/4294/4275 1421/2648/2634 1418/2650/2636
f 277/2725/2711 301/4268/4249 308/4296/4277
f 3967/4297/4278 3965/2407/2393 3966/2406/2392
f 3968/2623/2609 3964/2409/2395 3965/2407/2393
f 2992/4298/4279 3000/4299/4280 2996/4300/4281
f 2989/4274/4255 2990/4301/4282 2991/4302/4283
f 2996/4300/4281 3000/4299/4280 3001/4303/4284
f 2997/2473/2459 2996/4300/4281 2999/2474/2460
f 2996/4300/4281 2997/2473/2459 2991/4302/4283
f 2999/2474/2460 2996/4300/4281 3003/4304/4285
f 2996/4300/4281 3001/4303/4284 3003/4304/4285
f 2993/2420/2406 2989/4274/4255 2991/4302/4283
f 2993/2420/2406 2991/4302/4283 3002/2477/2463
f 2991/4302/4283 2997/2473/2459 3002/2477/2463
f 74/4181/4162 64/4068/4048 55/4182/4163
f 74/4181/4162 55/4182/4163 73/4305/4286
f 55/4182/4163 54/4184/4165 56/4306/4287
f 1625/2485/2471 1622/2589/2575 1624/2486/2472
f 62/4234/4215 104/4183/4164 72/4275/4256
f 1620/2631/2617 1632/2427/2413 1621/4238/4219
f 4483/2563/2549 4470/2562/2548 4471/2564/2550
f 3192/4006/3985 3198/4113/4093 3199/4307/4288
f 2293/4224/4205 2484/4146/4126 2317/4308/4289
f 343/4309/4290 351/4310/4291 345/4311/4292
f 2713/4257/4238 2705/4148/4128 2714/4312/4293
f 2291/2577/2563 2288/4223/4204 2300/4313/4294
f 2714/4312/4293 2705/4148/4128 2715/4288/4269
f 316/4314/4295 346/4315/4296 300/4316/4297
f 300/4316/4297 346/4315/4296 290/4290/4271
f 346/4315/4296 347/4289/4270 290/4290/4271
f 278/4292/4273 317/4291/4272 343/4309/4290
f 278/4292/4273 343/4309/4290 303/4317/4298
f 287/4318/4299 305/4262/4243 285/4319/4300
f 283/4293/4274 306/4263/4244 278/4292/4273
f 2352/2578/2564 2313/4227/4208 2297/2579/2565
f 285/4319/4300 305/4262/4243 283/4293/4274
f 314/2617/2603 341/2616/2602 342/4320/4301
f 2505/4321/4302 2489/4228/4209 2501/4264/4245
f 1239/2613/2599 1279/2580/2566 1286/4322/4303
f 1200/2607/2593 1238/2527/2513 1189/2611/2597
f 1239/2613/2599 1286/4322/4303 1287/2614/2600
f 308/4296/4277 340/2618/2604 281/2619/2605
f 272/4323/4304 304/4267/4248 302/4269/4250
f 277/2725/2711 308/4296/4277 281/2619/2605
f 302/4269/4250 301/4268/4249 271/4324/4305
f 271/4324/4305 301/4268/4249 277/2725/2711
f 3747/4325/4306 3748/4270/4251 3746/2536/2522
f 1277/2620/2606 1301/2464/2450 1276/2462/2448
f 2990/4301/4282 2992/4298/4279 2991/4302/4283
f 2991/4302/4283 2992/4298/4279 2996/4300/4281
f 136/4326/4307 79/2586/2572 112/2585/2571
f 1713/2350/2336 1718/2693/2679 1596/2584/2570
f 134/2766/2752 112/2585/2571 77/2587/2573
f 1622/2589/2575 1623/2655/2641 1624/2486/2472
f 1624/2486/2472 1623/2655/2641 1629/2590/2576
f 57/4327/4308 54/4184/4165 58/4235/4216
f 58/4235/4216 60/4233/4214 59/4328/4309
f 59/4328/4309 60/4233/4214 61/4329/4310
f 61/4329/4310 60/4233/4214 62/4234/4215
f 71/4330/4311 72/4275/4256 114/4236/4217
f 3183/4331/4312 3190/3635/3620 3192/4006/3985
f 3474/2500/2486 3485/2602/2588 3484/2560/2546
f 4739/4332/4313 4737/4143/4123 4732/4195/4176
f 4739/4332/4313 4732/4195/4176 4738/4285/4266
f 4738/4285/4266 4733/4196/4177 4743/4333/4314
f 3669/4254/4235 3670/4286/4267 3671/4334/4315
f 3670/4286/4267 3674/2515/2501 3675/4335/4316
f 3675/4335/4316 3674/2515/2501 3718/2514/2500
f 2566/4336/4317 2562/4256/4237 2563/4222/4203
f 2300/4313/4294 2288/4223/4204 2293/4224/4205
f 2484/4146/4126 2481/4147/4127 2493/4337/4318
f 2566/4336/4317 2563/4222/4203 2657/4338/4319
f 2481/4147/4127 2480/4259/4240 2486/4339/4320
f 2301/2744/2730 2291/2577/2563 2300/4313/4294
f 303/4317/4298 343/4309/4290 345/4311/4292
f 2480/4259/4240 2489/4228/4209 2499/4340/4321
f 300/4316/4297 290/4290/4271 279/4341/4322
f 290/4290/4271 305/4262/4243 287/4318/4299
f 278/4292/4273 303/4317/4298 274/4342/4323
f 342/4320/4301 316/4314/4295 289/4343/4324
f 314/2617/2603 342/4320/4301 289/4343/4324
f 285/4319/4300 283/4293/4274 282/4344/4325
f 282/4344/4325 283/4293/4274 278/4292/4273
f 2514/4345/4326 2501/4264/4245 2520/4346/4327
f 2520/4346/4327 2501/4264/4245 2502/4266/4247
f 2520/4346/4327 2502/4266/4247 2451/4164/4144
f 2800/4347/4328 2811/4348/4329 2802/4349/4330
f 3970/2652/2638 3965/2407/2393 3967/4297/4278
f 272/4323/4304 302/4269/4250 271/4324/4305
f 1253/2651/2637 1276/2462/2448 1250/2625/2611
f 136/4326/4307 112/2585/2571 134/2766/2752
f 134/2766/2752 77/2587/2573 133/2767/2753
f 77/2587/2573 74/4181/4162 73/4305/4286
f 55/4182/4163 56/4306/4287 67/2810/2796
f 56/4306/4287 54/4184/4165 57/4327/4308
f 57/4327/4308 58/4235/4216 59/4328/4309
f 61/4329/4310 62/4234/4215 69/4350/4331
f 62/4234/4215 72/4275/4256 69/4350/4331
f 1620/2631/2617 1621/4238/4219 1609/2555/2541
f 71/4330/4311 114/4236/4217 135/4276/4257
f 1811/2429/2415 1805/2660/2646 1802/2594/2580
f 3183/4331/4312 3167/3769/3754 3190/3635/3620
f 3675/4335/4316 3718/2514/2500 3717/4351/4332
f 2300/4313/4294 2293/4224/4205 2317/4308/4289
f 2317/4308/4289 2484/4146/4126 2493/4337/4318
f 2493/4337/4318 2481/4147/4127 2486/4339/4320
f 345/4311/4292 351/4310/4291 275/4352/4333
f 351/4310/4291 310/4353/4334 275/4352/4333
f 2566/4336/4317 2657/4338/4319 2658/4354/4335
f 303/4317/4298 345/4311/4292 275/4352/4333
f 2486/4339/4320 2480/4259/4240 2499/4340/4321
f 2714/4312/4293 2715/4288/4269 2717/4355/4336
f 2353/2746/2732 2291/2577/2563 2301/2744/2730
f 2352/2578/2564 2291/2577/2563 2353/2746/2732
f 2499/4340/4321 2489/4228/4209 2505/4321/4302
f 289/4343/4324 300/4316/4297 273/4356/4337
f 273/4356/4337 300/4316/4297 279/4341/4322
f 268/4357/4338 290/4290/4271 287/4318/4299
f 316/4314/4295 300/4316/4297 289/4343/4324
f 2352/2578/2564 2361/4265/4246 2313/4227/4208
f 280/4358/4339 314/2617/2603 289/4343/4324
f 286/4359/4340 287/4318/4299 285/4319/4300
f 285/4319/4300 282/4344/4325 284/4360/4341
f 2505/4321/4302 2501/4264/4245 2514/4345/4326
f 286/4359/4340 285/4319/4300 284/4360/4341
f 2793/4361/4342 2800/4347/4328 2802/4349/4330
f 246/4362/4343 272/4323/4304 271/4324/4305
f 176/4363/4344 136/4326/4307 134/2766/2752
f 176/4363/4344 134/2766/2752 180/2769/2755
f 1622/2589/2575 1617/2654/2640 1623/2655/2641
f 1595/2548/2534 1596/2584/2570 1584/2696/2682
f 73/4305/4286 55/4182/4163 67/2810/2796
f 1614/2806/2792 1620/2631/2617 1609/2555/2541
f 69/4350/4331 72/4275/4256 71/4330/4311
f 71/4330/4311 135/4276/4257 111/4364/4345
f 2080/4365/4346 2081/4278/4259 2079/4040/4019
f 4518/2787/2773 4544/2673/2659 4519/2672/2658
f 3678/4213/4194 3669/4254/4235 3671/4334/4315
f 3677/2862/2848 3675/4335/4316 3717/4351/4332
f 275/4352/4333 310/4353/4334 263/4366/4347
f 263/4366/4347 352/4367/4348 293/4368/4349
f 2507/4369/4350 2486/4339/4320 2499/4340/4321
f 274/4342/4323 303/4317/4298 275/4352/4333
f 2714/4312/4293 2717/4355/4336 2718/4370/4351
f 2718/4370/4351 2717/4355/4336 2719/4371/4352
f 279/4341/4322 290/4290/4271 267/4372/4353
f 267/4372/4353 290/4290/4271 268/4357/4338
f 278/4292/4273 274/4342/4323 257/4373/4354
f 268/4357/4338 287/4318/4299 286/4359/4340
f 282/4344/4325 278/4292/4273 257/4373/4354
f 284/4360/4341 282/4344/4325 252/4374/4355
f 286/4359/4340 284/4360/4341 253/4375/4356
f 253/4375/4356 284/4360/4341 252/4374/4355
f 288/2686/2672 314/2617/2603 280/4358/4339
f 1421/2648/2634 1468/4295/4276 1422/4376/4357
f 2792/4377/4358 2807/4378/4359 2800/4347/4328
f 1413/2653/2639 1418/2650/2636 1414/2687/2673
f 315/4379/4360 272/4323/4304 276/4380/4361
f 276/4380/4361 272/4323/4304 246/4362/4343
f 246/4362/4343 271/4324/4305 207/4381/4362
f 271/4324/4305 277/2725/2711 218/2724/2710
f 207/4381/4362 271/4324/4305 218/2724/2710
f 1271/2734/2720 1291/2732/2718 1289/2801/2787
f 1623/2655/2641 1617/2654/2640 1634/4382/4363
f 1623/2655/2641 1634/4382/4363 1636/4383/4364
f 1623/2655/2641 1636/4383/4364 1630/2656/2642
f 128/2841/2827 133/2767/2753 77/2587/2573
f 128/2841/2827 77/2587/2573 76/2809/2795
f 1630/2656/2642 1631/2772/2758 1629/2590/2576
f 76/2809/2795 77/2587/2573 73/4305/4286
f 76/2809/2795 73/4305/4286 67/2810/2796
f 1619/2657/2643 1620/2631/2617 1614/2806/2792
f 66/2814/2800 59/4328/4309 61/4329/4310
f 61/4329/4310 69/4350/4331 66/2814/2800
f 75/4384/4365 71/4330/4311 111/4364/4345
f 1593/2599/2585 1590/2665/2651 1598/2663/2649
f 2080/4365/4346 2079/4040/4019 2077/4385/4366
f 2079/4040/4019 2089/4386/4367 2078/4387/4368
f 2077/4385/4366 2079/4040/4019 2078/4387/4368
f 4464/2742/2728 4463/2638/2624 4467/2637/2623
f 4739/4332/4313 4738/4285/4266 4755/4388/4369
f 3697/4253/4234 3678/4213/4194 3681/4389/4370
f 3681/4389/4370 3678/4213/4194 3671/4334/4315
f 3671/4334/4315 3670/4286/4267 3677/2862/2848
f 3670/4286/4267 3675/4335/4316 3677/2862/2848
f 3698/4390/4371 3726/4391/4372 3697/4253/4234
f 2354/4392/4373 2300/4313/4294 2317/4308/4289
f 275/4352/4333 263/4366/4347 260/4393/4374
f 2301/2744/2730 2300/4313/4294 2360/4394/4375
f 2493/4337/4318 2486/4339/4320 2509/4395/4376
f 263/4366/4347 293/4368/4349 261/4396/4377
f 274/4342/4323 275/4352/4333 258/4397/4378
f 275/4352/4333 260/4393/4374 258/4397/4378
f 257/4373/4354 274/4342/4323 258/4397/4378
f 2719/4371/4352 2720/2747/2733 2718/4370/4351
f 273/4356/4337 279/4341/4322 267/4372/4353
f 2361/4265/4246 2352/2578/2564 2379/4398/4379
f 2528/4399/4380 2505/4321/4302 2514/4345/4326
f 280/4358/4339 289/4343/4324 220/4400/4381
f 289/4343/4324 273/4356/4337 220/4400/4381
f 282/4344/4325 257/4373/4354 252/4374/4355
f 2718/4370/4351 2720/2747/2733 2721/2749/2735
f 268/4357/4338 286/4359/4340 254/4401/4382
f 254/4401/4382 286/4359/4340 253/4375/4356
f 2793/4361/4342 2792/4377/4358 2800/4347/4328
f 2102/4402/4383 2100/2791/2777 2101/4403/4384
f 1194/2750/2736 1207/2752/2738 1193/2788/2774
f 2101/4403/4384 2100/2791/2777 2097/2793/2779
f 3731/4404/4385 3747/4325/4306 3746/2536/2522
f 2782/4405/4386 2793/4361/4342 2783/4406/4387
f 3745/4407/4388 3746/2536/2522 3750/2535/2521
f 4205/2534/2520 4197/2459/2445 4210/2757/2743
f 2783/4406/4387 2793/4361/4342 2772/4408/4389
f 192/4409/4390 276/4380/4361 246/4362/4343
f 192/4409/4390 246/4362/4343 207/4381/4362
f 192/4409/4390 207/4381/4362 188/4410/4391
f 2788/4411/4392 2799/4412/4393 2801/4413/4394
f 338/4414/4395 312/4415/4396 311/4416/4397
f 1636/4383/4364 1642/4417/4398 1630/2656/2642
f 1630/2656/2642 1642/4417/4398 1631/2772/2758
f 175/2768/2754 133/2767/2753 128/2841/2827
f 1629/2590/2576 1631/2772/2758 1637/2658/2644
f 80/2811/2797 67/2810/2796 56/4306/4287
f 80/2811/2797 56/4306/4287 57/4327/4308
f 80/2811/2797 57/4327/4308 81/2846/2832
f 81/2846/2832 57/4327/4308 59/4328/4309
f 81/2846/2832 59/4328/4309 129/2813/2799
f 129/2813/2799 59/4328/4309 66/2814/2800
f 130/2815/2801 66/2814/2800 70/2849/2835
f 1598/2663/2649 1614/2806/2792 1609/2555/2541
f 70/2849/2835 66/2814/2800 69/4350/4331
f 70/2849/2835 69/4350/4331 71/4330/4311
f 70/2849/2835 71/4330/4311 75/4384/4365
f 2077/4385/4366 2070/4418/4399 2080/4365/4346
f 4755/4388/4369 4738/4285/4266 4756/4419/4400
f 4756/4419/4400 4738/4285/4266 4751/4420/4401
f 4751/4420/4401 4738/4285/4266 4743/4333/4314
f 4743/4333/4314 4775/4421/4402 4751/4420/4401
f 3715/2863/2849 3717/4351/4332 3716/4422/4403
f 3698/4390/4371 3697/4253/4234 3681/4389/4370
f 3671/4334/4315 3677/2862/2848 3679/4423/4404
f 3677/2862/2848 3717/4351/4332 3715/2863/2849
f 2354/4392/4373 2317/4308/4289 2384/4424/4405
f 2317/4308/4289 2493/4337/4318 2384/4424/4405
f 2360/4394/4375 2300/4313/4294 2354/4392/4373
f 2509/4395/4376 2486/4339/4320 2507/4369/4350
f 260/4393/4374 263/4366/4347 261/4396/4377
f 258/4397/4378 260/4393/4374 259/4425/4406
f 259/4425/4406 260/4393/4374 261/4396/4377
f 261/4396/4377 293/4368/4349 266/4426/4407
f 2507/4369/4350 2499/4340/4321 2505/4321/4302
f 255/4427/4408 257/4373/4354 258/4397/4378
f 255/4427/4408 258/4397/4378 259/4425/4406
f 220/4400/4381 273/4356/4337 248/4428/4409
f 248/4428/4409 273/4356/4337 267/4372/4353
f 266/4426/4407 293/4368/4349 348/4429/4410
f 252/4374/4355 257/4373/4354 255/4427/4408
f 213/2829/2815 280/4358/4339 220/4400/4381
f 254/4401/4382 253/4375/4356 236/4430/4411
f 238/4431/4412 256/4432/4413 240/4433/4414
f 288/2686/2672 280/4358/4339 213/2829/2815
f 266/4426/4407 348/4429/4410 270/4434/4415
f 1421/2648/2634 1422/4376/4357 1403/2649/2635
f 2782/4405/4386 2792/4377/4358 2793/4361/4342
f 3752/4435/4416 3747/4325/4306 3731/4404/4385
f 210/2723/2709 288/2686/2672 213/2829/2815
f 2771/4436/4417 2783/4406/4387 2772/4408/4389
f 207/4381/4362 218/2724/2710 191/4437/4418
f 188/4410/4391 207/4381/4362 191/4437/4418
f 189/4438/4419 276/4380/4361 192/4409/4390
f 189/4438/4419 192/4409/4390 186/4439/4420
f 186/4439/4420 192/4409/4390 188/4410/4391
f 292/4440/4421 189/4438/4419 185/4441/4422
f 189/4438/4419 186/4439/4420 185/4441/4422
f 185/4441/4422 186/4439/4420 187/4442/4423
f 187/4442/4423 186/4439/4420 188/4410/4391
f 2788/4411/4392 2776/4443/4424 2798/4444/4425
f 185/4441/4422 187/4442/4423 312/4415/4396
f 312/4415/4396 187/4442/4423 311/4416/4397
f 311/4416/4397 187/4442/4423 190/2877/2863
f 2788/4411/4392 2798/4444/4425 2799/4412/4393
f 1278/2800/2786 1289/2801/2787 1243/2837/2823
f 1617/2654/2640 1635/2802/2788 1634/4382/4363
f 1576/2736/2722 1572/2803/2789 1575/2774/2760
f 1637/2658/2644 1639/2773/2759 1640/2735/2721
f 76/2809/2795 80/2811/2797 151/2845/2831
f 1583/2739/2725 1597/2812/2798 1590/2665/2651
f 1590/2665/2651 1597/2812/2798 1598/2663/2649
f 70/2849/2835 75/4384/4365 83/2852/2838
f 170/2854/2840 75/4384/4365 111/4364/4345
f 83/2852/2838 75/4384/4365 170/2854/2840
f 3192/4006/3985 3199/4307/4288 3203/4445/4426
f 3680/4446/4427 3671/4334/4315 3679/4423/4404
f 3681/4389/4370 3671/4334/4315 3680/4446/4427
f 2384/4424/4405 2493/4337/4318 2509/4395/4376
f 2364/2745/2731 2301/2744/2730 2360/4394/4375
f 259/4425/4406 261/4396/4377 262/4447/4428
f 262/4447/4428 261/4396/4377 266/4426/4407
f 2365/2824/2810 2352/2578/2564 2353/2746/2732
f 2507/4369/4350 2505/4321/4302 2528/4399/4380
f 255/4427/4408 259/4425/4406 256/4432/4413
f 259/4425/4406 262/4447/4428 256/4432/4413
f 2379/4398/4379 2352/2578/2564 2365/2824/2810
f 248/4428/4409 267/4372/4353 244/4448/4429
f 240/4433/4414 256/4432/4413 262/4447/4428
f 240/4433/4414 262/4447/4428 241/4449/4430
f 241/4449/4430 262/4447/4428 266/4426/4407
f 2391/4230/4211 2361/4265/4246 2400/4450/4431
f 2400/4450/4431 2361/4265/4246 2379/4398/4379
f 220/4400/4381 248/4428/4409 215/2865/2851
f 244/4448/4429 267/4372/4353 268/4357/4338
f 244/4448/4429 268/4357/4338 254/4401/4382
f 234/4451/4432 255/4427/4408 256/4432/4413
f 2792/4377/4358 2797/4452/4433 2807/4378/4359
f 212/2867/2853 220/4400/4381 215/2865/2851
f 244/4448/4429 254/4401/4382 236/4430/4411
f 252/4374/4355 255/4427/4408 234/4451/4432
f 235/4453/4434 252/4374/4355 234/4451/4432
f 1468/4295/4276 1412/2916/2902 1422/4376/4357
f 213/2829/2815 220/4400/4381 212/2867/2853
f 236/4430/4411 253/4375/4356 235/4453/4434
f 253/4375/4356 252/4374/4355 235/4453/4434
f 234/4451/4432 256/4432/4413 238/4431/4412
f 241/4449/4430 266/4426/4407 270/4434/4415
f 232/4454/4435 235/4453/4434 234/4451/4432
f 233/4455/4436 234/4451/4432 238/4431/4412
f 211/2827/2813 213/2829/2815 212/2867/2853
f 232/4454/4435 234/4451/4432 233/4455/4436
f 238/4431/4412 240/4433/4414 239/4456/4437
f 240/4433/4414 241/4449/4430 239/4456/4437
f 233/4455/4436 238/4431/4412 239/4456/4437
f 239/4456/4437 241/4449/4430 245/4457/4438
f 245/4457/4438 241/4449/4430 270/4434/4415
f 1402/2722/2708 1414/2687/2673 1403/2649/2635
f 318/4458/4439 245/4457/4438 270/4434/4415
f 218/2724/2710 210/2723/2709 191/4437/4418
f 191/4437/4418 210/2723/2709 194/4459/4440
f 2075/2832/2818 2096/2794/2780 2095/4460/4441
f 2770/4461/4442 2771/4436/4417 2772/4408/4389
f 295/4462/4443 276/4380/4361 189/4438/4419
f 292/4440/4421 295/4462/4443 189/4438/4419
f 188/4410/4391 191/4437/4418 190/2877/2863
f 187/4442/4423 188/4410/4391 190/2877/2863
f 2775/4463/4444 2776/4443/4424 2788/4411/4392
f 2790/4464/4445 2775/4463/4444 2788/4411/4392
f 1631/2772/2758 1642/4417/4398 1646/4465/4446
f 1615/2765/2751 1616/2695/2681 1604/2805/2791
f 1631/2772/2758 1646/4465/4446 1639/2773/2759
f 1572/2803/2789 1571/2887/2873 1567/4466/4447
f 1640/2735/2721 1639/2773/2759 1641/2807/2793
f 81/2846/2832 129/2813/2799 178/2847/2833
f 1575/2774/2760 1572/2803/2789 1567/4466/4447
f 1575/2774/2760 1567/4466/4447 1574/2777/2763
f 179/2848/2834 130/2815/2801 142/2850/2836
f 142/2850/2836 83/2852/2838 143/2855/2841
f 3178/4467/4448 3167/3769/3754 3183/4331/4312
f 2070/4418/4399 2077/4385/4366 2067/4468/4449
f 2069/4469/4450 2070/4418/4399 2067/4468/4449
f 2067/4468/4449 2077/4385/4366 2078/4387/4368
f 3486/2669/2655 3488/2822/2808 3489/2781/2767
f 3711/2913/2899 3715/2863/2849 3716/4422/4403
f 3679/4423/4404 3677/2862/2848 3682/2864/2850
f 2384/4424/4405 2509/4395/4376 2529/4470/4451
f 2509/4395/4376 2507/4369/4350 2525/4471/4452
f 215/2865/2851 248/4428/4409 244/4448/4429
f 1403/2649/2635 1422/4376/4357 1412/2916/2902
f 1403/2649/2635 1412/2916/2902 1364/2918/2904
f 236/4430/4411 235/4453/4434 232/4454/4435
f 211/2827/2813 212/2867/2853 208/4472/4453
f 231/4473/4454 232/4454/4435 233/4455/4436
f 3731/4404/4385 3746/2536/2522 3745/4407/4388
f 4210/2757/2743 4195/2615/2601 4198/3029/3015
f 231/4473/4454 233/4455/4436 242/4474/4455
f 233/4455/4436 239/4456/4437 242/4474/4455
f 2771/4436/4417 2782/4405/4386 2783/4406/4387
f 242/4474/4455 239/4456/4437 243/4475/4456
f 239/4456/4437 245/4457/4438 243/4475/4456
f 1402/2722/2708 1403/2649/2635 1363/2962/2948
f 243/4475/4456 245/4457/4438 247/4476/4457
f 1362/2760/2746 1402/2722/2708 1363/2962/2948
f 247/4476/4457 245/4457/4438 318/4458/4439
f 3168/3353/3338 3167/3769/3754 3178/4467/4448
f 210/2723/2709 204/2828/2814 197/4477/4458
f 2770/4461/4442 2768/4478/4459 2771/4436/4417
f 194/4459/4440 210/2723/2709 197/4477/4458
f 190/2877/2863 191/4437/4418 193/2878/2864
f 191/4437/4418 194/4459/4440 193/2878/2864
f 2075/2832/2818 2095/4460/4441 2074/4479/4460
f 2775/4463/4444 2770/4461/4442 2776/4443/4424
f 311/4416/4397 190/2877/2863 196/2879/2865
f 313/4480/4461 311/4416/4397 196/2879/2865
f 1612/2882/2868 1615/2765/2751 1604/2805/2791
f 1567/4466/4447 1571/2887/2873 1568/2972/2958
f 1646/4465/4446 1643/2895/2881 1639/2773/2759
f 1639/2773/2759 1643/2895/2881 1641/2807/2793
f 1641/2807/2793 1647/2896/2882 1648/2844/2830
f 1255/2904/2890 1299/2905/2891 1282/2943/2929
f 1574/2777/2763 1573/3017/3003 1583/2739/2725
f 1826/2775/2761 1648/2844/2830 1650/2944/2930
f 1826/2775/2761 1650/2944/2930 1652/2851/2837
f 2093/2985/2971 2069/4469/4450 2064/2986/2972
f 2064/2986/2972 2069/4469/4450 2067/4468/4449
f 2067/4468/4449 2078/4387/4368 2090/4481/4462
f 3487/2703/2689 3510/2821/2807 3488/2822/2808
f 4769/4482/4463 4755/4388/4369 4762/4483/4464
f 4755/4388/4369 4756/4419/4400 4762/4483/4464
f 4756/4419/4400 4751/4420/4401 4763/4484/4465
f 4751/4420/4401 4775/4421/4402 4763/4484/4465
f 3683/4485/4466 3680/4446/4427 3679/4423/4404
f 3694/4486/4467 3698/4390/4371 3681/4389/4370
f 3694/4486/4467 3681/4389/4370 3685/4487/4468
f 3683/4485/4466 3679/4423/4404 3682/2864/2850
f 3726/4391/4372 3698/4390/4371 3694/4486/4467
f 3721/4488/4469 3726/4391/4372 3694/4486/4467
f 2382/4489/4470 2354/4392/4373 2384/4424/4405
f 2382/4489/4470 2384/4424/4405 2529/4470/4451
f 2360/4394/4375 2354/4392/4373 2382/4489/4470
f 2530/4490/4471 2529/4470/4451 2509/4395/4376
f 2530/4490/4471 2509/4395/4376 2525/4471/4452
f 2364/2745/2731 2360/4394/4375 2374/4491/4472
f 2794/4492/4473 2806/4493/4474 2797/4452/4433
f 3177/4494/4475 3176/3917/3896 3168/3353/3338
f 2379/4398/4379 2365/2824/2810 2367/2996/2982
f 2367/2996/2982 2365/2824/2810 2364/2745/2731
f 2400/4450/4431 2379/4398/4379 2401/4495/4476
f 2401/4495/4476 2379/4398/4379 2367/2996/2982
f 215/2865/2851 244/4448/4429 216/4496/4477
f 214/2866/2852 215/2865/2851 216/4496/4477
f 223/4497/4478 216/4496/4477 244/4448/4429
f 223/4497/4478 244/4448/4429 236/4430/4411
f 2782/4405/4386 2785/4498/4479 2792/4377/4358
f 2785/4498/4479 2782/4405/4386 2767/4499/4480
f 208/4472/4453 212/2867/2853 214/2866/2852
f 223/4497/4478 236/4430/4411 232/4454/4435
f 223/4497/4478 232/4454/4435 231/4473/4454
f 217/4500/4481 214/2866/2852 216/4496/4477
f 222/4501/4482 223/4497/4478 231/4473/4454
f 1363/2962/2948 1403/2649/2635 1364/2918/2904
f 2767/4499/4480 2782/4405/4386 2771/4436/4417
f 208/4472/4453 214/2866/2852 217/4500/4481
f 237/4502/4483 222/4501/4482 231/4473/4454
f 3177/4494/4475 3168/3353/3338 3178/4467/4448
f 2768/4478/4459 2767/4499/4480 2771/4436/4417
f 211/2827/2813 208/4472/4453 204/2828/2814
f 250/4503/4484 237/4502/4483 231/4473/4454
f 231/4473/4454 242/4474/4455 250/4503/4484
f 250/4503/4484 242/4474/4455 243/4475/4456
f 251/4504/4485 250/4503/4484 243/4475/4456
f 251/4504/4485 243/4475/4456 247/4476/4457
f 251/4504/4485 247/4476/4457 269/4505/4486
f 194/4459/4440 197/4477/4458 195/4506/4487
f 193/2878/2864 194/4459/4440 195/4506/4487
f 2088/4507/4488 2075/2832/2818 2073/4508/4489
f 2775/4463/4444 2769/4509/4490 2770/4461/4442
f 2073/4508/4489 2075/2832/2818 2074/4479/4460
f 196/2879/2865 193/2878/2864 195/4506/4487
f 2073/4508/4489 2074/4479/4460 2068/4510/4491
f 2775/4463/4444 2790/4464/4445 2786/4511/4492
f 196/2879/2865 195/4506/4487 296/4512/4493
f 2068/4510/4491 2074/4479/4460 2076/4513/4494
f 313/4480/4461 196/2879/2865 296/4512/4493
f 1571/2887/2873 1586/2886/2872 1568/2972/2958
f 1567/4466/4447 1568/2972/2958 1569/2971/2957
f 1643/2895/2881 1670/2976/2962 1647/2896/2882
f 1567/4466/4447 1569/2971/2957 1570/4514/4495
f 1604/2805/2791 1613/2804/2790 1597/2812/2798
f 1589/4515/4496 1604/2805/2791 1597/2812/2798
f 1574/2777/2763 1567/4466/4447 1573/3017/3003
f 1818/2818/2804 1657/2853/2839 1658/2950/2936
f 1818/2818/2804 1658/2950/2936 1835/2819/2805
f 2085/4516/4497 2067/4468/4449 2090/4481/4462
f 3528/2601/2587 3529/2909/2895 3535/2859/2845
f 3489/2781/2767 3507/4517/4498 3511/2782/2768
f 4762/4483/4464 4756/4419/4400 4763/4484/4465
f 3685/4487/4468 3681/4389/4370 3680/4446/4427
f 2374/4491/4472 2360/4394/4375 2375/4518/4499
f 2375/4518/4499 2360/4394/4375 2382/4489/4470
f 2370/4519/4500 2364/2745/2731 2374/4491/4472
f 2796/4520/4501 2803/4521/4502 2794/4492/4473
f 2803/4521/4502 2806/4493/4474 2794/4492/4473
f 2785/4498/4479 2794/4492/4473 2797/4452/4433
f 2785/4498/4479 2797/4452/4433 2792/4377/4358
f 217/4500/4481 216/4496/4477 222/4501/4482
f 222/4501/4482 216/4496/4477 223/4497/4478
f 217/4500/4481 222/4501/4482 221/4522/4503
f 208/4472/4453 217/4500/4481 209/4523/4504
f 201/4524/4505 208/4472/4453 209/4523/4504
f 209/4523/4504 217/4500/4481 221/4522/4503
f 221/4522/4503 222/4501/4482 237/4502/4483
f 204/2828/2814 208/4472/4453 201/4524/4505
f 221/4522/4503 237/4502/4483 249/4525/4506
f 237/4502/4483 250/4503/4484 265/4526/4507
f 2769/4509/4490 2768/4478/4459 2770/4461/4442
f 197/4477/4458 204/2828/2814 199/4527/4508
f 2774/4528/4509 2769/4509/4490 2775/4463/4444
f 195/4506/4487 197/4477/4458 198/4529/4510
f 2774/4528/4509 2775/4463/4444 2786/4511/4492
f 296/4512/4493 195/4506/4487 198/4529/4510
f 296/4512/4493 198/4529/4510 309/4530/4511
f 1647/2896/2882 1670/2976/2962 1649/2939/2925
f 1567/4466/4447 1570/4514/4495 1573/3017/3003
f 2068/4510/4491 2076/4513/4494 2063/2987/2973
f 1573/3017/3003 1589/4515/4496 1583/2739/2725
f 1583/2739/2725 1589/4515/4496 1597/2812/2798
f 1650/2944/2930 1648/2844/2830 1649/2939/2925
f 1650/2944/2930 1649/2939/2925 1651/2945/2931
f 1651/2945/2931 1654/4531/4512 1653/2906/2892
f 1653/2906/2892 1654/4531/4512 1655/2907/2893
f 1655/2907/2893 1654/4531/4512 1656/2949/2935
f 2063/2987/2973 2064/2986/2972 2065/4532/4513
f 1657/2853/2839 1656/2949/2935 1658/2950/2936
f 2065/4532/4513 2064/2986/2972 2067/4468/4449
f 2065/4532/4513 2067/4468/4449 2085/4516/4497
f 1838/2856/2842 1658/2950/2936 1659/2951/2937
f 3510/2821/2807 3491/2952/2938 3488/2822/2808
f 4506/2910/2896 4474/2954/2940 4468/2823/2809
f 3183/4331/4312 3192/4006/3985 3203/4445/4426
f 3685/4487/4468 3680/4446/4427 3684/4533/4514
f 3684/4533/4514 3680/4446/4427 3683/4485/4466
f 3686/3008/2994 3683/4485/4466 3682/2864/2850
f 2809/4534/4515 2803/4521/4502 2796/4520/4501
f 2368/2995/2981 2364/2745/2731 2370/4519/4500
f 2369/3047/3033 2367/2996/2982 2368/2995/2981
f 2794/4492/4473 2785/4498/4479 2781/4535/4516
f 1387/2917/2903 1398/4536/4517 1390/2997/2983
f 4195/2615/2601 4192/2959/2945 4198/3029/3015
f 2767/4499/4480 2781/4535/4516 2785/4498/4479
f 3971/2960/2946 3970/2652/2638 3972/4537/4518
f 3972/4537/4518 3970/2652/2638 3978/4538/4519
f 4214/4539/4520 4210/2757/2743 4198/3029/3015
f 2766/4540/4521 2767/4499/4480 2768/4478/4459
f 209/4523/4504 221/4522/4503 219/4541/4522
f 219/4541/4522 221/4522/4503 249/4525/4506
f 249/4525/4506 237/4502/4483 265/4526/4507
f 2769/4509/4490 2766/4540/4521 2768/4478/4459
f 204/2828/2814 201/4524/4505 199/4527/4508
f 265/4526/4507 250/4503/4484 251/4504/4485
f 265/4526/4507 251/4504/4485 228/4542/4523
f 197/4477/4458 199/4527/4508 198/4529/4510
f 3985/2729/2715 3981/2963/2949 3983/2691/2677
f 2088/4507/4488 2073/4508/4489 2086/4543/4524
f 2073/4508/4489 2068/4510/4491 2072/4544/4525
f 2086/4543/4524 2073/4508/4489 2072/4544/4525
f 2787/4545/4526 2774/4528/4509 2786/4511/4492
f 309/4530/4511 198/4529/4510 307/4546/4527
f 2072/4544/4525 2068/4510/4491 2071/4547/4528
f 1601/4548/4529 1612/2882/2868 1604/2805/2791
f 1569/2971/2957 1577/3001/2987 1570/4514/4495
f 1594/4549/4530 1601/4548/4529 1589/4515/4496
f 1589/4515/4496 1601/4548/4529 1604/2805/2791
f 2071/4547/4528 2068/4510/4491 2066/4550/4531
f 337/2979/2965 307/4546/4527 320/2980/2966
f 320/2980/2966 319/4551/4532 321/4552/4533
f 319/4551/4532 322/3011/2997 321/4552/4533
f 321/4552/4533 322/3011/2997 323/4553/4534
f 322/3011/2997 324/4554/4535 323/4553/4534
f 2066/4550/4531 2068/4510/4491 2063/2987/2973
f 323/4553/4534 324/4554/4535 330/2983/2969
f 320/2980/2966 321/4552/4533 335/2981/2967
f 335/2981/2967 321/4552/4533 334/2982/2968
f 321/4552/4533 323/4553/4534 334/2982/2968
f 334/2982/2968 323/4553/4534 330/2983/2969
f 2066/4550/4531 2063/2987/2973 2065/4532/4513
f 1659/2951/2937 1656/2949/2935 1660/4555/4536
f 1659/2951/2937 1660/4555/4536 1661/2990/2976
f 3489/2781/2767 3493/3005/2991 3507/4517/4498
f 3214/4556/4537 3176/3917/3896 3208/4557/4538
f 3710/3007/2993 3682/2864/2850 3711/2913/2899
f 3684/4533/4514 3683/4485/4466 3686/3008/2994
f 3721/4488/4469 3694/4486/4467 3696/4558/4539
f 2375/4518/4499 2382/4489/4470 2377/4559/4540
f 2377/4559/4540 2382/4489/4470 2529/4470/4451
f 2815/4560/4541 2814/4561/4542 2805/4562/4543
f 2805/4562/4543 2814/4561/4542 2809/4534/4515
f 2763/4563/4544 2781/4535/4516 2767/4499/4480
f 3731/4404/4385 3745/4407/4388 3729/4564/4545
f 2763/4563/4544 2767/4499/4480 2766/4540/4521
f 2769/4509/4490 2765/4565/4546 2766/4540/4521
f 201/4524/4505 209/4523/4504 203/4566/4547
f 203/4566/4547 209/4523/4504 219/4541/4522
f 219/4541/4522 249/4525/4506 224/4567/4548
f 224/4567/4548 249/4525/4506 265/4526/4507
f 224/4567/4548 265/4526/4507 228/4542/4523
f 199/4527/4508 201/4524/4505 200/4568/4549
f 224/4567/4548 228/4542/4523 225/4569/4550
f 198/4529/4510 199/4527/4508 200/4568/4549
f 228/4542/4523 251/4504/4485 264/4570/4551
f 264/4570/4551 251/4504/4485 269/4505/4486
f 198/4529/4510 200/4568/4549 307/4546/4527
f 307/4546/4527 200/4568/4549 299/4571/4552
f 307/4546/4527 299/4571/4552 320/2980/2966
f 320/2980/2966 299/4571/4552 319/4551/4532
f 299/4571/4552 294/3012/2998 319/4551/4532
f 319/4551/4532 294/3012/2998 322/3011/2997
f 322/3011/2997 297/3014/3000 324/4554/4535
f 324/4554/4535 297/3014/3000 325/4572/4553
f 1570/4514/4495 1577/3001/2987 1573/3017/3003
f 1573/3017/3003 1578/3016/3002 1581/3033/3019
f 1581/3033/3019 1594/4549/4530 1589/4515/4496
f 1573/3017/3003 1581/3033/3019 1589/4515/4496
f 326/4573/4554 324/4554/4535 325/4572/4553
f 326/4573/4554 325/4572/4553 327/4574/4555
f 330/2983/2969 324/4554/4535 326/4573/4554
f 330/2983/2969 326/4573/4554 329/4575/4556
f 330/2983/2969 329/4575/4556 336/2984/2970
f 339/4576/4557 336/2984/2970 329/4575/4556
f 339/4576/4557 329/4575/4556 331/4577/4558
f 331/4577/4558 333/4578/4559 350/4579/4560
f 1660/4555/4536 1663/4580/4561 1661/2990/2976
f 3535/2859/2845 3534/3004/2990 3510/2821/2807
f 3202/4581/4562 3183/4331/4312 3203/4445/4426
f 3202/4581/4562 3203/4445/4426 3213/4582/4563
f 4770/4583/4564 4762/4483/4464 4763/4484/4465
f 4770/4583/4564 4763/4484/4465 4771/4584/4565
f 3685/4487/4468 3684/4533/4514 3688/4585/4566
f 3688/4585/4566 3684/4533/4514 3687/4586/4567
f 3684/4533/4514 3686/3008/2994 3687/4586/4567
f 3696/4558/4539 3694/4486/4467 3685/4487/4468
f 2370/4519/4500 2374/4491/4472 2372/4587/4568
f 2805/4562/4543 2809/4534/4515 2796/4520/4501
f 2780/4588/4569 2796/4520/4501 2794/4492/4473
f 2780/4588/4569 2794/4492/4473 2781/4535/4516
f 2764/4589/4570 2766/4540/4521 2765/4565/4546
f 2773/4590/4571 2765/4565/4546 2769/4509/4490
f 203/4566/4547 219/4541/4522 206/4591/4572
f 219/4541/4522 224/4567/4548 206/4591/4572
f 206/4591/4572 224/4567/4548 225/4569/4550
f 200/4568/4549 201/4524/4505 202/4592/4573
f 201/4524/4505 203/4566/4547 202/4592/4573
f 203/4566/4547 206/4591/4572 205/4593/4574
f 205/4593/4574 206/4591/4572 226/4594/4575
f 206/4591/4572 225/4569/4550 226/4594/4575
f 227/4595/4576 225/4569/4550 228/4542/4523
f 2777/4596/4577 2773/4590/4571 2774/4528/4509
f 2774/4528/4509 2773/4590/4571 2769/4509/4490
f 202/4592/4573 203/4566/4547 205/4593/4574
f 226/4594/4575 225/4569/4550 227/4595/4576
f 227/4595/4576 228/4542/4523 230/4597/4578
f 228/4542/4523 264/4570/4551 230/4597/4578
f 202/4592/4573 205/4593/4574 294/3012/2998
f 294/3012/2998 205/4593/4574 226/4594/4575
f 226/4594/4575 227/4595/4576 229/4598/4579
f 299/4571/4552 200/4568/4549 202/4592/4573
f 299/4571/4552 202/4592/4573 294/3012/2998
f 294/3012/2998 226/4594/4575 298/3013/2999
f 298/3013/2999 226/4594/4575 297/3014/3000
f 226/4594/4575 229/4598/4579 297/3014/3000
f 229/4598/4579 227/4595/4576 230/4597/4578
f 230/4597/4578 264/4570/4551 291/4599/4580
f 2791/4600/4581 2777/4596/4577 2787/4545/4526
f 2777/4596/4577 2774/4528/4509 2787/4545/4526
f 297/3014/3000 229/4598/4579 230/4597/4578
f 297/3014/3000 230/4597/4578 291/4599/4580
f 325/4572/4553 297/3014/3000 291/4599/4580
f 325/4572/4553 291/4599/4580 327/4574/4555
f 328/4601/4582 327/4574/4555 332/4602/4583
f 326/4573/4554 327/4574/4555 328/4601/4582
f 329/4575/4556 326/4573/4554 328/4601/4582
f 328/4601/4582 332/4602/4583 333/4578/4559
f 329/4575/4556 328/4601/4582 331/4577/4558
f 331/4577/4558 328/4601/4582 333/4578/4559
f 3534/3004/2990 3503/3084/3070 3510/2821/2807
f 4474/2954/2940 4506/2910/2896 4476/3043/3029
f 3687/4586/4567 3686/3008/2994 3689/4603/4584
f 3722/4604/4585 3721/4488/4469 3696/4558/4539
f 2372/4587/4568 2374/4491/4472 2375/4518/4499
f 2372/4587/4568 2375/4518/4499 2377/4559/4540
f 2805/4562/4543 2796/4520/4501 2795/4605/4586
f 2371/4606/4587 2368/2995/2981 2370/4519/4500
f 2795/4605/4586 2796/4520/4501 2780/4588/4569
f 1397/3073/3059 1389/3030/3016 1390/2997/2983
f 2763/4563/4544 2780/4588/4569 2781/4535/4516
f 2764/4589/4570 2763/4563/4544 2766/4540/4521
f 1381/3049/3035 1357/2999/2985 1359/3009/2995
f 2784/4607/4588 2777/4596/4577 2791/4600/4581
f 1581/3033/3019 1582/3032/3018 1602/4608/4589
f 1581/3033/3019 1602/4608/4589 1594/4549/4530
f 1582/3032/3018 1578/3016/3002 1662/3000/2986
f 3534/3004/2990 3533/3041/3027 3503/3084/3070
f 3492/2991/2977 3494/3063/3049 3493/3005/2991
f 3510/2821/2807 3503/3084/3070 3491/2952/2938
f 3491/2952/2938 3503/3084/3070 3509/3022/3008
f 3509/3022/3008 3494/3063/3049 3492/2991/2977
f 4506/2910/2896 4504/3042/3028 4476/3043/3029
f 3881/2911/2897 3888/3065/3051 3882/2956/2942
f 3888/3065/3051 3889/4609/4590 3882/2956/2942
f 4769/4482/4463 4762/4483/4464 4772/4610/4591
f 3429/4611/4592 3435/4612/4593 3428/4613/4594
f 3208/4557/4538 3176/3917/3896 3177/4494/4475
f 3689/4603/4584 3688/4585/4566 3687/4586/4567
f 3689/4603/4584 3686/3008/2994 3710/3007/2993
f 3696/4558/4539 3685/4487/4468 3693/4614/4595
f 3693/4614/4595 3685/4487/4468 3688/4585/4566
f 2762/4615/4596 2780/4588/4569 2763/4563/4544
f 3730/4616/4597 3731/4404/4385 3729/4564/4545
f 4214/4539/4520 4198/3029/3015 4200/3028/3014
f 2765/4565/4546 2761/4617/4598 2764/4589/4570
f 2778/4618/4599 2765/4565/4546 2773/4590/4571
f 2778/4618/4599 2773/4590/4571 2777/4596/4577
f 1603/4619/4600 1605/4620/4601 1602/4608/4589
f 2742/4621/4602 2778/4618/4599 2784/4607/4588
f 2784/4607/4588 2778/4618/4599 2777/4596/4577
f 1582/3032/3018 1603/4619/4600 1602/4608/4589
f 2985/4622/4603 2986/3058/3044 2987/3057/3043
f 3493/3005/2991 3495/3064/3050 3500/4623/4604
f 4505/3006/2992 4503/3085/3071 4504/3042/3028
f 3689/4603/4584 3710/3007/2993 3709/4624/4605
f 3690/4625/4606 3688/4585/4566 3689/4603/4584
f 3689/4603/4584 3709/4624/4605 3691/4626/4607
f 3722/4604/4585 3696/4558/4539 3693/4614/4595
f 3705/4627/4608 3722/4604/4585 3693/4614/4595
f 2373/4628/4609 2372/4587/4568 2377/4559/4540
f 2371/4606/4587 2370/4519/4500 2372/4587/4568
f 3732/4629/4610 3731/4404/4385 3730/4616/4597
f 3973/3075/3061 3971/2960/2946 3972/4537/4518
f 2761/4617/4598 2762/4615/4596 2763/4563/4544
f 2761/4617/4598 2763/4563/4544 2764/4589/4570
f 2756/4630/4611 2778/4618/4599 2742/4621/4602
f 2742/4621/4602 2738/4631/4612 2735/4632/4613
f 2738/4631/4612 2736/4633/4614 2735/4632/4613
f 2735/4632/4613 2736/4633/4614 2737/3080/3066
f 3503/3084/3070 3496/4634/4615 3509/3022/3008
f 3509/3022/3008 3496/4634/4615 3494/3063/3049
f 3429/4611/4592 3428/4613/4594 3426/4635/4616
f 3426/4635/4616 3428/4613/4594 3427/4636/4617
f 3427/4636/4617 3428/4613/4594 3424/4637/4618
f 3428/4613/4594 3430/4638/4619 3424/4637/4618
f 3693/4614/4595 3688/4585/4566 3692/4639/4620
f 3692/4639/4620 3688/4585/4566 3690/4625/4606
f 3690/4625/4606 3689/4603/4584 3691/4626/4607
f 2815/4560/4541 2805/4562/4543 2804/4640/4621
f 2805/4562/4543 2795/4605/4586 2757/4641/4622
f 2378/3105/3091 2368/2995/2981 2371/4606/4587
f 2757/4641/4622 2795/4605/4586 2780/4588/4569
f 2779/4642/4623 2780/4588/4569 2762/4615/4596
f 3729/4564/4545 3728/4643/4624 3725/4644/4625
f 2778/4618/4599 2761/4617/4598 2765/4565/4546
f 2756/4630/4611 2761/4617/4598 2778/4618/4599
f 2743/4645/4626 2756/4630/4611 2742/4621/4602
f 2743/4645/4626 2742/4621/4602 2741/4646/4627
f 2735/4632/4613 2737/3080/3066 2739/3079/3065
f 3496/4634/4615 3495/3064/3050 3494/3063/3049
f 3196/4647/4628 3183/4331/4312 3202/4581/4562
f 3437/3069/3055 3421/4648/4629 3420/3070/3056
f 3430/4638/4619 3431/4649/4630 3424/4637/4618
f 3691/4626/4607 3709/4624/4605 3712/4650/4631
f 3695/4651/4632 3690/4625/4606 3691/4626/4607
f 2373/4628/4609 2371/4606/4587 2372/4587/4568
f 2808/4652/4633 2815/4560/4541 2804/4640/4621
f 2804/4640/4621 2805/4562/4543 2757/4641/4622
f 2385/3046/3032 2368/2995/2981 2378/3105/3091
f 2779/4642/4623 2757/4641/4622 2780/4588/4569
f 3730/4616/4597 3729/4564/4545 3725/4644/4625
f 3725/4644/4625 3728/4643/4624 3727/4653/4634
f 2754/4654/4635 2779/4642/4623 2762/4615/4596
f 2754/4654/4635 2762/4615/4596 2761/4617/4598
f 2755/4655/4636 2754/4654/4635 2761/4617/4598
f 2755/4655/4636 2761/4617/4598 2756/4630/4611
f 2741/4646/4627 2742/4621/4602 2735/4632/4613
f 1702/3036/3022 1705/4656/4637 1684/3077/3063
f 1695/3122/3108 1691/3050/3036 1683/3101/3087
f 3530/3067/3053 3505/4657/4638 3503/3084/3070
f 3503/3084/3070 3505/4657/4638 3499/4658/4639
f 3495/3064/3050 3497/4659/4640 3498/4660/4641
f 3495/3064/3050 3498/4660/4641 3500/4623/4604
f 3503/3084/3070 3499/4658/4639 3496/4634/4615
f 3499/4658/4639 3497/4659/4640 3496/4634/4615
f 3496/4634/4615 3497/4659/4640 3495/3064/3050
f 4504/3042/3028 4494/3086/3072 4473/3087/3073
f 3416/4661/4642 3426/4635/4616 3427/4636/4617
f 3427/4636/4617 3424/4637/4618 3415/4662/4643
f 3424/4637/4618 3431/4649/4630 3411/4663/4644
f 3228/4664/4645 3177/4494/4475 3200/4665/4646
f 3691/4626/4607 3712/4650/4631 3713/4666/4647
f 3200/4665/4646 3177/4494/4475 3179/4667/4648
f 2373/4628/4609 2377/4559/4540 2380/4668/4649
f 3705/4627/4608 3693/4614/4595 3701/4669/4650
f 3701/4669/4650 3693/4614/4595 3692/4639/4620
f 3699/4670/4651 3692/4639/4620 3690/4625/4606
f 3690/4625/4606 3695/4651/4632 3700/4671/4652
f 3699/4670/4651 3690/4625/4606 3700/4671/4652
f 3695/4651/4632 3691/4626/4607 3713/4666/4647
f 2378/3105/3091 2371/4606/4587 2376/3173/3159
f 2376/3173/3159 2371/4606/4587 2373/4628/4609
f 3701/4669/4650 3692/4639/4620 3699/4670/4651
f 3700/4671/4652 3695/4651/4632 3702/4672/4653
f 3708/4673/4654 3722/4604/4585 3705/4627/4608
f 3732/4629/4610 3730/4616/4597 3733/4674/4655
f 2743/4645/4626 2755/4655/4636 2756/4630/4611
f 2741/4646/4627 2735/4632/4613 2740/4675/4656
f 2740/4675/4656 2735/4632/4613 2739/3079/3065
f 4228/3060/3046 4229/3019/3005 4227/3133/3119
f 3530/3067/3053 3525/3062/3048 3532/3125/3111
f 3530/3067/3053 3532/3125/3111 3505/4657/4638
f 3417/4676/4657 3426/4635/4616 3416/4661/4642
f 3416/4661/4642 3427/4636/4617 3415/4662/4643
f 3695/4651/4632 3713/4666/4647 3702/4672/4653
f 3708/4673/4654 3705/4627/4608 3701/4669/4650
f 2753/4677/4658 2804/4640/4621 2757/4641/4622
f 3701/4669/4650 3699/4670/4651 3703/4678/4659
f 3700/4671/4652 3702/4672/4653 3706/4679/4660
f 2754/4654/4635 2757/4641/4622 2779/4642/4623
f 3973/3075/3061 3972/4537/4518 3975/4680/4661
f 3725/4644/4625 3727/4653/4634 3708/4673/4654
f 2749/4681/4662 2754/4654/4635 2755/4655/4636
f 3179/4667/4648 3177/4494/4475 3178/4467/4448
f 2749/4681/4662 2755/4655/4636 2743/4645/4626
f 2749/4681/4662 2743/4645/4626 2745/4682/4663
f 2741/4646/4627 2745/4682/4663 2743/4645/4626
f 3178/4467/4448 3183/4331/4312 3182/4683/4664
f 3502/4684/4665 3508/4685/4666 3498/4660/4641
f 4502/3103/3089 4497/3134/3120 4493/3126/3112
f 3505/4657/4638 3504/4686/4667 3499/4658/4639
f 3499/4658/4639 3504/4686/4667 3501/4687/4668
f 3499/4658/4639 3501/4687/4668 3497/4659/4640
f 3497/4659/4640 3501/4687/4668 3502/4684/4665
f 3497/4659/4640 3502/4684/4665 3498/4660/4641
f 4502/3103/3089 4493/3126/3112 4494/3086/3072
f 3415/4662/4643 3424/4637/4618 3411/4663/4644
f 2376/3173/3159 2373/4628/4609 2383/4688/4669
f 4530/3116/3102 4545/3115/3101 4529/3114/3100
f 3708/4673/4654 3701/4669/4650 3703/4678/4659
f 3703/4678/4659 3699/4670/4651 3704/3155/3141
f 3699/4670/4651 3700/4671/4652 3704/3155/3141
f 2750/4689/4670 2753/4677/4658 2757/4641/4622
f 2750/4689/4670 2757/4641/4622 2754/4654/4635
f 3976/3176/3162 3973/3075/3061 3975/4680/4661
f 3725/4644/4625 3708/4673/4654 3724/3152/3138
f 3708/4673/4654 3703/4678/4659 3724/3152/3138
f 3724/3152/3138 3703/4678/4659 3723/4690/4671
f 3723/4690/4671 3703/4678/4659 3704/3155/3141
f 3704/3155/3141 3700/4671/4652 3706/4679/4660
f 3704/3155/3141 3706/4679/4660 3707/3156/3142
f 2749/4681/4662 2750/4689/4670 2754/4654/4635
f 1399/3109/3095 1410/3129/3115 1396/3097/3083
f 2745/4682/4663 2741/4646/4627 2746/4691/4672
f 1394/3055/3041 1396/3097/3083 1417/3119/3105
f 1705/4656/4637 1720/4692/4673 1693/3131/3117
f 1705/4656/4637 1693/3131/3117 1684/3077/3063
f 1681/3121/3107 1689/3160/3146 1695/3122/3108
f 4226/3123/3109 4228/3060/3046 4227/3133/3119
f 3532/3125/3111 3506/3124/3110 3505/4657/4638
f 3505/4657/4638 3506/3124/3110 3504/4686/4667
f 3182/4683/4664 3183/4331/4312 3196/4647/4628
f 3407/4693/4674 3419/4694/4675 3418/3090/3076
f 3413/3169/3155 3412/4695/4676 3420/3070/3056
f 3413/3169/3155 3420/3070/3056 3421/4648/4629
f 3420/3070/3056 3412/4695/4676 3418/3090/3076
f 3416/4661/4642 3415/4662/4643 3410/4696/4677
f 3410/4696/4677 3415/4662/4643 3409/4697/4678
f 3409/4697/4678 3415/4662/4643 3411/4663/4644
f 2373/4628/4609 2380/4668/4649 2383/4688/4669
f 2808/4652/4633 2804/4640/4621 2753/4677/4658
f 2378/3105/3091 2376/3173/3159 2399/3175/3161
f 2398/3106/3092 2378/3105/3091 2399/3175/3161
f 2752/4698/4679 2753/4677/4658 2750/4689/4670
f 3730/4616/4597 3725/4644/4625 3734/3151/3137
f 3734/3151/3137 3725/4644/4625 3724/3152/3138
f 3724/3152/3138 3723/4690/4671 3753/3153/3139
f 3753/3153/3139 3723/4690/4671 3704/3155/3141
f 3743/3154/3140 3704/3155/3141 3707/3156/3142
f 4549/4699/4680 4546/3117/3103 4547/3139/3125
f 4004/3118/3104 3973/3075/3061 3976/3176/3162
f 3179/4667/4648 3178/4467/4448 3180/4700/4681
f 2746/4691/4672 2741/4646/4627 2740/4675/4656
f 1720/4692/4673 1712/4701/4682 1693/3131/3117
f 2744/4702/4683 2740/4675/4656 2739/3079/3065
f 3181/4703/4684 3178/4467/4448 3182/4683/4664
f 4225/3143/3129 4223/3144/3130 4243/4704/4685
f 4243/4704/4685 4223/3144/3130 4239/3146/3132
f 3182/4683/4664 3196/4647/4628 3206/4705/4686
f 3412/4695/4676 3407/4693/4674 3418/3090/3076
f 3410/4696/4677 3417/4676/4657 3416/4661/4642
f 2810/4706/4687 2808/4652/4633 2752/4698/4679
f 2752/4698/4679 2808/4652/4633 2753/4677/4658
f 3733/4674/4655 3730/4616/4597 3734/3151/3137
f 3734/3151/3137 3753/3153/3139 3736/4707/4688
f 3736/4707/4688 3753/3153/3139 3743/3154/3140
f 3976/3176/3162 3975/4680/4661 3977/3177/3163
f 2752/4698/4679 2750/4689/4670 2747/4708/4689
f 2747/4708/4689 2750/4689/4670 2749/4681/4662
f 1410/3129/3115 1399/3109/3095 1405/3108/3094
f 2747/4708/4689 2749/4681/4662 2745/4682/4663
f 2747/4708/4689 2745/4682/4663 2746/4691/4672
f 3180/4700/4681 3178/4467/4448 3181/4703/4684
f 2746/4691/4672 2740/4675/4656 2744/4702/4683
f 1693/3131/3117 1712/4701/4682 1686/3159/3145
f 1693/3131/3117 1686/3159/3145 1682/3120/3106
f 3231/4709/4690 3206/4705/4686 3196/4647/4628
f 3413/3169/3155 3406/3171/3157 3412/4695/4676
f 3412/4695/4676 3406/3171/3157 3407/4693/4674
f 3411/4663/4644 3433/4710/4691 3405/4711/4692
f 3200/4665/4646 3179/4667/4648 3216/4712/4693
f 2376/3173/3159 2383/4688/4669 2394/3174/3160
f 3733/4674/4655 3734/3151/3137 3735/4713/4694
f 3735/4713/4694 3734/3151/3137 3736/4707/4688
f 3735/4713/4694 3736/4707/4688 3737/4714/4695
f 3737/4714/4695 3736/4707/4688 3743/3154/3140
f 3743/3154/3140 3744/3157/3143 3737/4714/4695
f 3737/4714/4695 3744/3157/3143 3740/4715/4696
f 4004/3118/3104 3976/3176/3162 4012/3178/3164
f 4010/3140/3126 4004/3118/3104 4012/3178/3164
f 1417/3119/3105 1411/3130/3116 1476/4716/4697
f 4003/3111/3097 4009/3141/3127 4018/3161/3147
f 3405/4711/4692 3409/4697/4678 3411/4663/4644
f 3404/4717/4698 3410/4696/4677 3409/4697/4678
f 3404/4717/4698 3409/4697/4678 3405/4711/4692
f 3410/4696/4677 3404/4717/4698 3368/4718/4699
f 3735/4713/4694 3737/4714/4695 3738/4719/4700
f 3738/4719/4700 3737/4714/4695 3739/4720/4701
f 3737/4714/4695 3740/4715/4696 3739/4720/4701
f 3739/4720/4701 3740/4715/4696 3741/4721/4702
f 3380/4722/4703 3434/4723/4704 3370/4724/4705
f 3370/4724/4705 3434/4723/4704 3382/4725/4706
f 2812/4726/4707 2810/4706/4687 2759/4727/4708
f 2759/4727/4708 2810/4706/4687 2752/4698/4679
f 2751/4728/4709 2759/4727/4708 2752/4698/4679
f 2751/4728/4709 2752/4698/4679 2747/4708/4689
f 3380/4722/4703 3370/4724/4705 3374/4729/4710
f 1410/3129/3115 1470/3158/3144 1477/4730/4711
f 3383/4731/4712 3380/4722/4703 3374/4729/4710
f 1411/3130/3116 1410/3129/3115 1477/4730/4711
f 1411/3130/3116 1477/4730/4711 1478/4732/4713
f 1476/4716/4697 1411/3130/3116 1478/4732/4713
f 3383/4731/4712 3374/4729/4710 3375/3186/3172
f 1712/4701/4682 1723/4733/4714 1711/4734/4715
f 1712/4701/4682 1711/4734/4715 1686/3159/3145
f 1686/3159/3145 1711/4734/4715 1696/4735/4716
f 2758/4736/4717 2746/4691/4672 2744/4702/4683
f 1686/3159/3145 1696/4735/4716 1680/3132/3118
f 1680/3132/3118 1696/4735/4716 1697/4737/4718
f 1680/3132/3118 1697/4737/4718 1689/3160/3146
f 3425/4738/4719 3383/4731/4712 3375/3186/3172
f 3425/4738/4719 3375/3186/3172 3381/3185/3171
f 3378/3188/3174 3381/3185/3171 3371/3187/3173
f 3401/3184/3170 3403/4739/4720 3406/3171/3157
f 3406/3171/3157 3403/4739/4720 3402/3206/3192
f 3406/3171/3157 3402/3206/3192 3407/4693/4674
f 3404/4717/4698 3405/4711/4692 3386/4740/4721
f 3384/4741/4722 3368/4718/4699 3404/4717/4698
f 3404/4717/4698 3386/4740/4721 3384/4741/4722
f 3370/4724/4705 3382/4725/4706 3379/4742/4723
f 3405/4711/4692 3432/4743/4724 3386/4740/4721
f 3370/4724/4705 3379/4742/4723 3367/4744/4725
f 3742/4745/4726 3738/4719/4700 3739/4720/4701
f 3742/4745/4726 3739/4720/4701 3741/4721/4702
f 3354/4746/4727 3367/4744/4725 3352/4747/4728
f 3367/4744/4725 3368/4718/4699 3352/4747/4728
f 3353/4748/4729 3368/4718/4699 3384/4741/4722
f 3179/4667/4648 3180/4700/4681 3226/4749/4730
f 2817/4750/4731 2812/4726/4707 2789/4751/4732
f 2789/4751/4732 2812/4726/4707 2759/4727/4708
f 2789/4751/4732 2759/4727/4708 2751/4728/4709
f 3353/4748/4729 3352/4747/4728 3368/4718/4699
f 2819/4752/4733 2817/4750/4731 2789/4751/4732
f 3370/4724/4705 3367/4744/4725 3357/3196/3182
f 3357/3196/3182 3367/4744/4725 3354/4746/4727
f 3353/4748/4729 3384/4741/4722 3377/3207/3193
f 2819/4752/4733 2789/4751/4732 2816/4753/4734
f 3374/4729/4710 3370/4724/4705 3369/3195/3181
f 3369/3195/3181 3370/4724/4705 3357/3196/3182
f 2751/4728/4709 2747/4708/4689 2748/4754/4735
f 3353/4748/4729 3377/3207/3193 3356/3198/3184
f 3375/3186/3172 3374/4729/4710 3369/3195/3181
f 2818/4755/4736 2816/4753/4734 2813/4756/4737
f 2748/4754/4735 2747/4708/4689 2746/4691/4672
f 2748/4754/4735 2746/4691/4672 2758/4736/4717
f 3375/3186/3172 3369/3195/3181 3364/3197/3183
f 3375/3186/3172 3364/3197/3183 3371/3187/3173
f 3362/4757/4738 3360/3200/3186 3363/4758/4739
f 3371/3187/3173 3364/3197/3183 3366/4759/4740
f 3366/4759/4740 3364/3197/3183 3361/4760/4741
f 3361/4760/4741 3362/4757/4738 3365/4761/4742
f 3363/4758/4739 3360/3200/3186 3373/3202/3188
f 3366/4759/4740 3361/4760/4741 3365/4761/4742
f 3365/4761/4742 3362/4757/4738 3363/4758/4739
f 3371/3187/3173 3366/4759/4740 3378/3188/3174
f 3366/4759/4740 3365/4761/4742 3372/4762/4743
f 3372/4762/4743 3365/4761/4742 3363/4758/4739
f 3376/3189/3175 3378/3188/3174 3366/4759/4740
f 3376/3189/3175 3366/4759/4740 3372/4762/4743
f 3372/4762/4743 3363/4758/4739 3373/3202/3188
f 3398/3205/3191 3423/4763/4744 3402/3206/3192
f 3401/3184/3170 3373/3202/3188 3400/3203/3189
f 3400/3203/3189 3399/3204/3190 3403/4739/4720
f 3403/4739/4720 3399/3204/3190 3402/3206/3192
f 3401/3184/3170 3400/3203/3189 3403/4739/4720
f 3377/3207/3193 3384/4741/4722 3385/4764/4745
f 3385/4764/4745 3384/4741/4722 3386/4740/4721
f 3385/4764/4745 3386/4740/4721 3387/4765/4746
f 3386/4740/4721 3414/4766/4747 3390/4767/4748
f 3377/3207/3193 3385/4764/4745 3389/3208/3194
f 2789/4751/4732 2751/4728/4709 2760/4768/4749
f 2760/4768/4749 2751/4728/4709 2748/4754/4735
f 3354/4746/4727 3352/4747/4728 3351/4769/4750
f 3351/4769/4750 3352/4747/4728 3353/4748/4729
f 2816/4753/4734 2789/4751/4732 2760/4768/4749
f 3355/4770/4751 3354/4746/4727 3351/4769/4750
f 3357/3196/3182 3354/4746/4727 3355/4770/4751
f 2816/4753/4734 2760/4768/4749 2813/4756/4737
f 2760/4768/4749 2748/4754/4735 2758/4736/4717
f 2813/4756/4737 2760/4768/4749 2758/4736/4717
f 3351/4769/4750 3353/4748/4729 3356/3198/3184
f 3221/4771/4752 3180/4700/4681 3215/4772/4753
f 3355/4770/4751 3351/4769/4750 3358/4773/4754
f 3215/4772/4753 3180/4700/4681 3181/4703/4684
f 3364/3197/3183 3357/3196/3182 3359/4774/4755
f 3359/4774/4755 3357/3196/3182 3355/4770/4751
f 3359/4774/4755 3355/4770/4751 3358/4773/4754
f 3358/4773/4754 3351/4769/4750 3356/3198/3184
f 3358/4773/4754 3356/3198/3184 3360/3200/3186
f 3359/4774/4755 3358/4773/4754 3361/4760/4741
f 3361/4760/4741 3358/4773/4754 3362/4757/4738
f 3215/4772/4753 3181/4703/4684 3220/4775/4756
f 3362/4757/4738 3358/4773/4754 3360/3200/3186
f 3364/3197/3183 3359/4774/4755 3361/4760/4741
f 3220/4775/4756 3181/4703/4684 3182/4683/4664
f 3400/3203/3189 3397/3201/3187 3399/3204/3190
f 3399/3204/3190 3397/3201/3187 3396/4776/4757
f 3394/4777/4758 3423/4763/4744 3398/3205/3191
f 3399/3204/3190 3396/4776/4757 3398/3205/3191
f 3387/4765/4746 3386/4740/4721 3390/4767/4748
f 3389/3208/3194 3385/4764/4745 3388/4778/4759
f 3388/4778/4759 3385/4764/4745 3387/4765/4746
f 3388/4778/4759 3387/4765/4746 3390/4767/4748
f 3389/3208/3194 3388/4778/4759 3391/4779/4760
f 3388/4778/4759 3390/4767/4748 3391/4779/4760
f 3392/3209/3195 3389/3208/3194 3391/4779/4760
f 3391/4779/4760 3390/4767/4748 3395/4780/4761
f 3393/3199/3185 3392/3209/3195 3391/4779/4760
f 3394/4777/4758 3391/4779/4760 3395/4780/4761
f 3393/3199/3185 3391/4779/4760 3394/4777/4758
f 3393/3199/3185 3394/4777/4758 3396/4776/4757
f 3397/3201/3187 3393/3199/3185 3396/4776/4757
f 3396/4776/4757 3394/4777/4758 3398/3205/3191
