rollout/ep_len_mean,time/total_timesteps,time/fps,time/time_elapsed,time/episodes,rollout/ep_rew_mean,train/actor_loss,train/learning_rate,train/ent_coef,train/ent_coef_loss,train/critic_loss,train/n_updates
40.5,162,1617,0,4,57.509471749999996,,,,,,
40.75,326,1643,0,8,60.11763575,,,,,,
40.833333333333336,490,1668,0,12,57.15091091666667,,,,,,
40.8125,653,1694,0,16,60.2094326875,,,,,,
41.05,821,1733,0,20,56.87391119999999,,,,,,
40.833333333333336,980,1762,0,24,59.066359999999996,,,,,,
40.92857142857143,1146,824,1,28,59.44910049999999,-158.2029273623512,0.0009992633333333334,0.9028294923759642,-12.71874881926037,456.6002422514416,125
41.03125,1313,556,2,32,58.1212574375,-287.00561668759303,0.0009991526666666666,0.7731849593775613,-29.896235057285853,288.98997043427966,291
41.083333333333336,1479,454,3,36,56.16373897222223,-382.0577697753906,0.0009990406666666666,0.6584744245506996,-48.07971812403479,83.25975835046103,459
41.0,1640,399,4,40,55.62039035,-441.98753179505815,0.0009989320000000001,0.5618536361428195,-67.39750884300055,44.965030758879905,622
40.97727272727273,1803,364,4,44,55.850135727272736,-471.71629137870593,0.0009988253333333334,0.4788782825836769,-85.26995986547226,36.85254258375902,782
41.0,1968,333,5,48,54.82395549999999,-491.3254605247861,0.000998714,0.4071291259356907,-103.89029893420991,24.730061440240767,949
41.07692307692308,2136,312,6,52,56.2031591153846,-478.82828823355743,0.0009986033333333334,0.34667003016139186,-119.27453595538472,19.720933758935264,1115
41.17857142857143,2306,298,7,56,55.76126460714285,-458.58460821107377,0.0009984913333333334,0.29520908691162284,-133.17771450308865,18.383868527966875,1283
41.21666666666667,2473,282,8,60,57.59720466666666,-434.78787885393416,0.000998378,0.2511309016318548,-148.4479221162342,16.911816937582834,1453
41.15625,2634,273,9,64,58.853313921875,-400.9884223937988,0.0009982706666666666,0.21604078374803065,-160.14154663085938,14.429033398628235,1614
41.029411764705884,2790,265,10,68,61.41177791176471,-370.6655829013922,0.000998166,0.18696605089383247,-168.2158739138872,15.973462031437801,1771
40.94444444444444,2948,259,11,72,63.98372319444445,-330.37194898651865,0.00099806,0.1624208935877172,-175.1281768054497,15.721247696295016,1930
40.776315789473685,3099,254,12,76,62.58363881578948,-304.64376540411087,0.0009979573333333334,0.14192157203242892,-181.6336223057338,16.695769400823686,2084
40.5625,3245,250,12,80,62.0022766625,-277.7386371243385,0.000997862,0.12500251733487652,-184.67886992423766,23.5117122896256,2227
40.75,3423,244,14,84,62.41645301190477,-251.64736701117621,0.0009977486666666667,0.10879387822416094,-187.88916761610244,13.004569307963054,2397
40.78409090909091,3589,239,14,88,63.588117761363634,-226.65647488548643,0.0009976333333333333,0.0940765163728169,-196.74026561918714,8.751451378776913,2570
40.65217391304348,3740,236,15,92,66.93721897826086,-204.9515644795186,0.0009975306666666667,0.08235043428234153,-196.8467827874261,7.342408102911872,2724
40.5,3888,234,16,96,69.69068335416667,-192.7540012359619,0.0009974326666666667,0.07324251346290112,-191.76767196655274,5.588115793466568,2871
40.47,4047,231,17,100,72.23240623000001,-178.45480305439716,0.0009973306666666668,0.06492503047794909,-189.56093824231948,6.331462692570042,3024
40.46,4208,228,18,104,76.60850475000001,-168.87462005615234,0.000997222,0.0576646750792861,-170.74743003845214,9.1410227060318,3187
40.3,4356,226,19,108,79.25524994999999,-164.2519900004069,0.0009971306666666667,0.05285737622115347,-149.203369140625,27.25772613949246,3324
40.75,4565,224,20,112,81.75755833,-161.14543512517756,0.0009969933333333332,0.04725222506306388,-123.34962879527698,9.655891964652321,3530
41.11,4764,221,21,116,86.90740235999999,-158.62395014081682,0.000996856,0.04208332020789385,-131.91639627729143,4.009619789464133,3736
41.17,4938,219,22,120,92.11762945999999,-151.81063097576762,0.0009967313333333334,0.03786200960708219,-111.67444841251817,4.377866257068723,3923
41.54,5134,219,23,124,93.19078758999999,-150.6426065009937,0.0009966180000000001,0.035092809155844805,-90.41525455943325,6.263776047187939,4093
41.82,5328,216,24,128,93.99465744,-148.51055005131934,0.0009964773333333333,0.032510953290121894,-69.84962206470723,6.593981592022643,4304
42.26,5539,215,25,132,100.16419305000001,-147.84128216334753,0.0009963446666666667,0.030432441737502813,-58.5051976612636,4.430862379925592,4503
42.44,5723,213,26,136,105.14350351999998,-143.515932487719,0.000996208,0.02856250118577119,-34.14414660135905,4.893594655123624,4708
42.77,5917,212,27,140,110.83501392999999,-144.6501121520996,0.0009960853333333334,0.027688951527869158,-28.146546347574755,4.3948768756606365,4892
42.7,6073,211,28,144,115.22421049999998,-143.05266631276984,0.0009959773333333335,0.026872677532465833,-14.375246380504809,7.579280627401252,5054
43.03,6271,210,29,148,120.10715479000001,-143.05415980021158,0.0009958546666666668,0.026525395029845338,-4.846368153889974,4.396421030163765,5238
43.01,6437,209,30,152,122.81212719999998,-141.55785115559897,0.0009957366666666666,0.026531392915381327,-3.534103449185689,5.0938169585333934,5415
43.1,6616,208,31,156,129.40947638,-143.41911829734335,0.0009956213333333333,0.02672013936906445,-0.579138098930826,6.354132842044441,5588
43.07,6780,207,32,160,131.86736811999998,-142.0759565080915,0.0009955026666666666,0.02665044947394303,-7.453574667658125,8.594524349485125,5766
43.55,6989,207,33,164,135.05886145,-142.6737195734392,0.0009953833333333332,0.026463064512139874,-0.09709154618413825,8.071214257625112,5945
44.24,7214,205,35,168,138.79566723,-143.18216764009915,0.0009952273333333334,0.02666988016034548,1.0431595673927894,4.512612686707423,6179
44.71,7419,205,36,172,142.6879155,-142.316350069913,0.0009950873333333333,0.026490209014578298,-4.747919147664851,4.776650831916116,6389
45.2,7619,204,37,176,146.75844456000002,-143.56781472100153,0.00099496,0.026425465251560563,2.377017416335918,4.809096764635156,6580
45.05,7750,203,38,180,152.26921986999997,-144.0723752622251,0.0009948613333333335,0.02696025813067401,9.329582488095319,10.127175119188097,6728
45.16,7939,203,39,184,158.74433236,-138.81142454327278,0.0009947413333333333,0.027224990275670897,-11.121696683595765,6.0534348712777195,6908
45.62,8151,202,40,188,164.56421061999998,-140.82622064862932,0.000994602,0.026104734911184226,-6.15334889292717,4.093022665807179,7117
46.23,8363,202,41,192,166.10878874,-140.4932592055377,0.0009944586666666667,0.02604184449449474,-3.494243621826172,4.700768321168189,7332
46.35,8523,201,42,196,167.71271317999995,-141.260763056138,0.0009943453333333334,0.025622720117954648,1.7936274269047905,11.05194500614615,7502
46.03,8650,200,43,200,168.13774869999997,-137.91390584309895,0.0009942526666666667,0.0254580686489741,-3.110280140240987,10.465347941716512,7641
46.01,8809,200,43,204,168.35604688,-136.9158928611062,0.000994158,0.025394411630589853,-0.14976552399722012,8.451492775570262,7783
46.59,9015,200,45,208,170.03277475,-136.0389426491477,0.000994026,0.024103543196212163,-13.951353107799184,4.580099361593073,7981
46.85,9250,199,46,212,173.35181042999997,-131.96476447873,0.0009938833333333335,0.024176031896253912,11.613899065227043,5.251209125286195,8195
46.63,9427,198,47,216,169.07991134,-129.14614741007486,0.0009937346666666668,0.02532489674213605,4.010400536732796,11.24919514167003,8418
46.47,9585,197,48,220,164.77415708999996,-131.03333301544188,0.0009936333333333334,0.026323797507211567,7.278720644116402,7.306439018249511,8570
45.82,9716,197,49,224,166.23166371,-134.12763357162476,0.0009935406666666668,0.02684634947218001,-9.020597901195288,7.151816442608833,8709
45.39,9867,197,49,228,168.41574953,-131.05460983667618,0.0009934533333333334,0.02611672620360668,-2.3463867474824953,7.929257943080022,8840
45.29,10068,197,50,232,168.21187679,-131.95581142718976,0.0009933213333333333,0.02563013953085129,5.466916822470152,7.859876926128681,9038
45.41,10264,196,52,236,169.23006063,-131.52454580911777,0.0009931853333333333,0.02744312034692706,1.5637882250111277,6.290709960751418,9242
45.23,10440,196,53,240,170.14401932,-133.1879674008018,0.000993074,0.027188782433145924,0.4166698236214487,6.923294556768317,9409
45.4,10613,196,54,244,169.95418669,-133.1588599626408,0.0009929506666666666,0.026457173489900523,-3.1754589219426,10.169119258259618,9594
45.32,10803,195,55,248,168.50675880999998,-132.89886441438094,0.0009928346666666667,0.026451792405999226,1.4559098559877146,6.970997426820838,9768
45.58,10995,195,56,252,167.37891267999998,-135.0567520459493,0.0009927,0.025972181698307395,-4.6589051857590675,4.3027148097753525,9970
45.52,11168,195,57,256,164.2000973,-132.00477822621664,0.0009925846666666667,0.02514809075122078,0.2391651558379332,6.834059814612071,10143
45.66,11346,194,58,260,166.98909802999998,-130.8456573486328,0.0009924546666666668,0.026959063725606087,7.923634198404128,6.606580472761585,10338
44.79,11468,194,58,264,167.88170687,-130.52380645751953,0.0009923733333333333,0.028148116543889046,5.1320170974731445,24.56724594116211,10460
43.86,11600,194,59,268,164.77084952999996,-130.54356404897328,0.0009922919999999999,0.027573491169794184,-1.9232923243496869,13.780880206340068,10582
43.97,11816,194,60,272,162.87604685999997,-131.28244163250102,0.0009921560000000001,0.0277119187381247,0.1894532092686357,10.146676819899987,10786
44.19,12038,194,61,276,167.12142212999998,-133.5845558459942,0.0009920133333333333,0.02799257070112687,-1.7978394352472746,7.986876185123737,11000
45.07,12257,193,63,280,169.12566304,-134.99168381036498,0.0009918646666666666,0.02795090047898246,1.0124030463835771,7.560712963927026,11223
44.87,12426,193,64,284,168.64989832,-135.51120853424072,0.000991732,0.02850199566455558,9.93645004183054,16.931610122323036,11422
44.68,12619,193,65,288,167.14659358999998,-137.65057450040766,0.000991606,0.02952046087438907,1.207070169645712,8.964396354255326,11611
45.15,12878,193,66,292,166.22620203000002,-135.60122467489805,0.000991452,0.029367039308828467,0.41673290378907146,10.063109944848453,11842
45.8,13103,192,67,296,166.00911945000004,-137.86259576829812,0.0009912986666666666,0.029710066646842632,-0.5699807607521445,7.962552313077247,12072
46.69,13319,192,69,300,167.50788925999998,-140.36605141379616,0.000991158,0.028881843252615495,-1.1029954780231823,9.111025446111507,12283
46.43,13452,192,70,304,166.95031265,-137.20555760310248,0.000991046,0.029444426369781677,2.0590652456650367,15.087082532735971,12451
45.74,13589,192,70,308,164.05108253000003,-138.40888635735763,0.0009909713333333334,0.03071042272801462,6.683035734452699,17.64508628845215,12563
45.37,13787,191,71,312,156.41727120000002,-140.72869009130142,0.0009908313333333333,0.032625071540036625,-0.488928719478495,10.84887956871706,12773
45.63,13990,192,72,316,157.16321534,-145.10985374450684,0.000990706,0.03258692453216229,-4.772670197699751,15.271969437599182,12961
45.91,14176,192,73,320,163.55908209999998,-147.4809438532049,0.0009905806666666668,0.03229331572286107,0.3471353839744221,13.778427080674605,13149
47.41,14457,192,75,324,162.29952941,-149.0922569606615,0.000990404,0.03301348188972991,0.6623648165360742,11.310984424922777,13414
48.5,14717,192,76,328,165.12752982,-151.4978200472318,0.0009902386666666668,0.0327049743455763,-0.7798754698955096,15.747258172585415,13662
48.59,14927,191,77,332,165.05532876,-157.55876833893532,0.000990074,0.032172096936508666,-4.810098553812781,16.232487789420194,13909
48.31,15095,191,78,336,164.25055641999998,-156.11746625202457,0.00098997,0.031657675690040354,-1.3130294288077005,14.38390348015762,14065
48.39,15279,191,79,340,164.09473552,-160.85996805826824,0.0009898566666666666,0.03384400742749373,2.3232399861017865,16.830638472239176,14235
49.41,15554,191,81,344,165.60515367999997,-158.89397856477018,0.0009896726666666666,0.0338151507660166,1.0201013204339262,15.452212222210772,14511
49.67,15770,191,82,348,168.02371318,-162.4075449350718,0.0009895406666666667,0.03498030675424112,-2.2689209242124817,26.168733828776592,14709
50.16,16011,191,83,352,161.94856719,-166.90112801485284,0.0009893653333333332,0.03546986850195153,-0.6564494676368181,18.453651760899742,14972
50.22,16190,191,84,356,162.65967803,-168.5594570159912,0.0009892386666666667,0.03518316773697734,-0.9691932320594787,20.387676644325257,15162
50.14,16360,190,85,360,160.70277182,-170.67910899286684,0.000989122,0.03496573978792066,-0.6945131965305494,12.064921690070111,15337
50.35,16503,190,86,364,159.11576695,-175.9914748733108,0.0009890253333333333,0.034991227694459864,3.0683191080351135,18.290305910883724,15482
50.93,16693,190,87,368,160.29703723,-176.01100402832031,0.0009889046666666666,0.03676796019077301,-0.21343014240264893,15.647853660583497,15663
51.29,16945,190,89,372,162.11424604,-177.94991581614426,0.0009887393333333334,0.036365485863714686,2.5993094327973156,16.507665355031083,15911
51.88,17226,190,90,376,160.46617531,-181.1553671421149,0.000988568,0.036367226200990185,-2.519892684924297,16.541784567710682,16168
51.56,17413,190,91,380,160.18314939999996,-181.37219429016113,0.0009884193333333333,0.035665600172554456,0.20769231766462326,20.66433846950531,16391
51.56,17582,189,92,384,157.40975832,-182.60833999958444,0.0009883066666666667,0.03582030780454899,-0.14398196783471615,19.01851106197276,16560
51.51,17770,190,93,388,156.38426999,-183.7683740234375,0.0009881846666666668,0.036215447410941126,1.3833726263046264,12.905328636169434,16743
51.09,17987,189,94,392,155.91862738,-181.56022045659083,0.0009880426666666667,0.036838774076279474,0.37491070289237827,17.711534219629623,16956
51.47,18250,189,96,396,151.70929740999998,-182.2041328430176,0.0009878673333333333,0.038395582449932894,3.3257908880710603,19.886718702316283,17219
52.3,18549,189,97,400,155.02433886,-180.4380642398373,0.000987666,0.03876478175868045,-0.743460238634885,11.657588198944763,17521
53.6,18812,189,99,404,159.7002379,-179.61637476870888,0.0009875006666666666,0.03712458957574869,-3.7510359365689125,10.918762056451095,17769
54.69,19058,189,100,408,164.8943821,-180.13970069885255,0.0009873466666666668,0.03684478662908077,1.2577807426452636,15.532209181785584,18000
55.25,19312,189,102,412,175.27761128999998,-176.32624211030847,0.0009871726666666667,0.03674760011627393,-0.16734534063759973,14.688247344073128,18261
55.39,19529,188,103,416,180.84138486,-176.47547130095654,0.00098701,0.036683009507564396,1.8006025781998267,13.452581650171524,18505
55.72,19748,189,104,420,180.95978749000005,-175.43409482894404,0.0009868786666666668,0.036412111934154265,-0.8123194229218268,19.225097071739935,18702
55.38,19995,188,105,424,185.66705293000007,-176.0389666557312,0.0009867126666666668,0.036405152117367834,-1.5009719524532557,18.05524656176567,18951
55.07,20224,189,106,428,183.05385013000003,-177.5347737796971,0.0009865533333333332,0.03624019649673681,0.6006384775286815,12.128681706600501,19190
55.27,20454,188,108,432,184.86389861,-176.75766405008608,0.0009864006666666667,0.03634893502724373,-1.0664691642179327,12.84584170680935,19419
56.1,20705,189,109,436,185.43246886,-176.98720449771523,0.0009862606666666666,0.0357859621070466,0.7315357957246169,15.196556073314738,19629
56.71,20950,188,110,440,184.29146707000004,-176.21277974446613,0.0009860793333333333,0.036645347562929,0.12670294245084127,14.016812642415365,19901
57.04,21258,189,112,444,187.43603773000004,-178.0763321864752,0.0009858933333333332,0.03646281310989533,-0.16817563698615556,16.22125690366015,20180
58.15,21585,189,113,448,187.7331228,-176.24994235568576,0.0009856433333333334,0.03577776389226081,-1.3600321525619143,18.73418124516805,20555
57.97,21808,190,114,452,195.56074133999994,-176.59685017512396,0.000985496,0.03529443556013016,-1.5448453495135674,17.619286445470955,20776
58.51,22041,190,115,456,196.94964589999995,-175.7728486742292,0.0009853513333333334,0.03438270730631692,-2.91107409128121,16.77968146119799,20993
59.85,22345,191,116,460,201.41357802,-172.54313769972467,0.00098514,0.035706037722797276,3.6572827632168687,10.230393944016422,21310
60.02,22505,191,117,464,206.22378496000002,-170.74633750915527,0.000985028,0.03626684853807092,-0.5709617286920547,11.515235257148742,21478
60.86,22779,192,118,468,209.93852186999996,-174.4304584503174,0.0009848673333333333,0.03625082583166659,-1.371974202990532,11.729585218429566,21719
61.17,23062,192,119,472,208.90942335999998,-171.92996978759766,0.0009846826666666667,0.03636543559176581,0.7887646811349052,11.582373142242432,21996
61.28,23354,192,121,476,211.25380108,-172.0243261632785,0.0009844706666666668,0.035318998226397474,-2.0367887507022266,11.029351254584084,22314
61.46,23559,193,121,480,210.23036826000003,-171.25663657810378,0.0009843306666666668,0.034602697209819504,-2.0703949617302935,11.297094034112018,22524
62.01,23783,193,122,484,214.03786068000005,-173.47468980153403,0.0009841833333333334,0.035059915855526924,0.08660769214232762,11.21699426571528,22745
62.27,23997,193,123,488,220.12127698,-171.55002361795178,0.000984036,0.034899242708216545,-0.2850554067155589,10.284924486409063,22966
62.11,24198,194,124,492,226.04915542000006,-171.24531527927942,0.0009839013333333333,0.034739698482943435,-1.1462037882634573,10.515819541045598,23168
61.32,24382,194,125,496,229.4206804,-169.68828328450522,0.0009837733333333334,0.03408023367325465,-4.344752518335978,10.759950722588433,23360
60.05,24554,194,126,500,222.2079769,-166.28241487828697,0.0009836593333333334,0.033315388712941145,2.2576191425323486,11.603476943039313,23531
59.48,24760,194,127,504,217.41836788999998,-166.90938609730114,0.0009835166666666668,0.035515241799029436,3.0136060563000764,11.401199687610973,23745
58.76,24934,195,127,508,215.58076221000002,-167.9554663486168,0.0009834086666666668,0.03756300091254906,3.108457039614193,11.434590128601574,23907
58.48,25160,195,128,512,216.70930042000003,-166.7862045612741,0.000983278,0.03707195850128823,1.1161014615221228,12.299148863934455,24103
59.48,25477,196,129,516,210.95537223999997,-168.06467630777016,0.0009830646666666668,0.034744530467383836,0.6745002528271044,10.698647062462497,24423
59.32,25680,196,130,520,202.51848317,-164.6446020943778,0.0009829160000000001,0.03563935130036303,0.6417540567261832,15.649544971329826,24646
58.55,25850,196,131,524,198.22460219,-163.81677384810015,0.0009827886666666666,0.03609782321886583,3.1730439229445024,11.073348074248344,24837
57.43,25967,196,132,528,199.26476504000004,-163.30557398642264,0.0009827073333333334,0.0366014888690364,-0.021506655600763137,11.266804141383018,24959
56.79,26133,196,132,532,196.92652251000004,-162.90623737203663,0.000982632,0.03662222662362559,3.0221378309973357,14.227871434441928,25072
56.56,26361,197,133,536,198.43678364,-164.68585645887586,0.0009824573333333333,0.036700747989945944,2.09450101852417,12.446240361531576,25334
56.02,26552,197,134,540,200.61906088000003,-162.77307978762855,0.0009823293333333335,0.03720327867548677,-0.4036911831626409,14.798339276374142,25526
55.42,26800,197,135,544,197.99311670000003,-165.30035419228636,0.0009821693333333333,0.037749961846404605,-1.027977208296458,14.898936966319143,25766
54.65,27050,198,136,548,198.47285461999996,-167.35836720466614,0.0009820146666666668,0.03746911679627374,-1.9797696620225906,12.461283057928085,25998
54.93,27301,198,137,552,203.68319976000004,-166.1291608174642,0.0009818386666666666,0.03647244305660327,0.1080251435438792,11.505953979492187,26262
54.82,27523,198,138,556,206.86058643999996,-168.06767589641066,0.0009816886666666666,0.03550616166782829,-2.1397243490758933,11.50593987950739,26487
53.86,27731,198,139,560,208.0936007,-170.29397399902345,0.000981552,0.034934942722320554,-1.0866234350204467,10.4911554813385,26692
54.64,27969,199,140,564,208.71236746000002,-165.48508247962366,0.0009814046666666667,0.03460582517660581,0.31021026235360366,9.96288417852842,26913
55.14,28293,199,141,568,207.14080639,-163.2701485188802,0.0009811853333333335,0.03511679674188296,-0.7782076660792033,12.28240068435669,27242
55.08,28570,199,143,572,208.92382423999996,-162.17574385522116,0.0009809993333333334,0.0347909615703032,0.8595176599395107,9.051713560668516,27521
55.04,28858,198,145,576,207.28836805,-159.9920480516222,0.00098081,0.034942558449175626,-0.10005076064003839,8.269660711288452,27805
55.37,29096,197,147,580,211.04505712999998,-158.3123779296875,0.0009806426666666666,0.03432273458350788,0.9451790596499587,9.998437455206206,28056
55.6,29343,197,148,584,212.15203455000002,-159.49187261408025,0.000980478,0.03410159627144987,-1.0846226323734631,9.023432939702815,28303
56.25,29622,197,149,588,213.37943792,-156.49745793129082,0.000980298,0.03411051197283303,0.9346188911751135,8.5689795906864,28573
56.99,29897,198,150,592,216.40735134000002,-152.9434186718132,0.000980114,0.033900628880232195,-2.8765331763255446,8.651688593852368,28849
57.89,30171,198,151,596,219.00653494999995,-153.61835856377323,0.0009799280000000001,0.032996279435067236,-0.7042586954334115,9.12252797959726,29128
58.27,30381,198,152,600,229.1037206,-152.67932312011717,0.0009797780000000002,0.032618183195590976,0.07854933738708496,8.415934448242188,29353
58.36,30596,199,153,604,233.87768459999995,-152.06705020024225,0.0009796380000000001,0.03268548466551762,0.9665972223648658,8.570895396746122,29563
58.77,30811,199,154,608,237.34985196000002,-149.9529733657837,0.000979494,0.032786637699852385,1.8653299659490585,10.532512803872427,29779
58.83,31043,199,155,612,235.36715290000004,-150.0830339704241,0.000979346,0.032505648476736884,0.10731729344716148,10.16993839021713,30001
58.3,31307,200,156,616,241.62778224000002,-147.51804643518784,0.0009791753333333333,0.03319653249619638,0.44869156795389514,8.715789801934186,30257
59.09,31589,200,157,620,251.35063188999996,-150.6723136364574,0.0009789873333333333,0.0334625609324012,-1.3962287541846155,8.884955708409699,30539
60.35,31885,201,158,624,258.42539694,-150.01566508118535,0.000978802,0.03332581276624975,1.0939013907607174,10.518304851693166,30817
61.93,32160,201,159,628,262.81336159000006,-149.89043354988098,0.0009786093333333335,0.03369050973560661,0.6907620895653963,11.056055508553982,31106
63.26,32459,201,160,632,265.46625207,-150.6583251953125,0.0009784253333333334,0.03283725829239477,-1.2770255877260577,8.440082048114977,31382
63.66,32727,202,161,636,266.02932391999997,-148.81434498662534,0.00097821,0.032362544423212174,1.0013355703457543,8.210697516151097,31705
65.07,33059,202,163,640,265.63356895,-148.82935818758878,0.0009780073333333333,0.0327870769595558,-0.830680693189303,9.72001475276369,32009
65.06,33306,202,164,644,265.49793051,-147.7999230553122,0.0009778333333333334,0.03296464144745294,0.7503242076319807,7.5151521738837745,32270
65.35,33585,203,165,648,269.29868396,-147.10353387368693,0.000977656,0.03230964603859025,-1.6834744102246053,7.569558981302622,32536
65.11,33812,203,166,652,269.00940131,-145.8071472733109,0.0009774953333333335,0.032292963936924934,-0.4524574677149455,8.38990005740413,32777
66.01,34124,204,167,656,270.1313221,-145.72480739636367,0.000977308,0.032332392723372815,0.7231995001267851,7.4359951930099655,33058
66.81,34412,204,168,660,271.27301874,-145.57246534286006,0.000977104,0.032286703526493044,0.17495402116929332,7.67990832174978,33364
67.03,34672,204,169,664,273.76891287,-143.38570505030015,0.0009769326666666668,0.03209914568373386,-0.7633373842519873,8.265908921466155,33621
66.51,34944,205,170,668,279.97159222,-142.18576533357862,0.0009767513333333333,0.032254739966191034,0.6127409011545316,7.761145316379171,33893
66.6,35230,205,171,672,283.95336903000003,-141.87607202075776,0.000976556,0.03209054505541211,-1.90305491288503,8.876261904126121,34186
66.48,35506,205,172,676,286.39386137,-140.07177670796713,0.0009763653333333334,0.031084441114217043,-0.008700496620602079,10.148515628443825,34472
66.67,35763,206,173,680,283.88842891,-140.6678548848854,0.0009762273333333334,0.031577982008457184,-0.036233946962176626,9.335268560445533,34679
67.89,36132,206,175,684,282.66957131,-141.77309900919596,0.000975962,0.03160392176359892,0.7798219780127208,13.948962275187174,35077
68.12,36434,206,176,688,282.28919,-143.24408315022785,0.0009757593333333334,0.031002835060159366,0.18409101327260335,11.515218569437662,35381
68.54,36751,207,177,692,276.68073184,-142.43324867454734,0.0009755513333333333,0.03095043875981827,-0.7997618349822792,8.426551625535295,35693
68.63,37034,207,178,696,277.96365111999995,-141.98496842384338,0.0009753586666666667,0.031076068204129115,0.269514761865139,8.948669366538525,35982
70.54,37435,207,180,700,276.59214608999997,-140.5281933678521,0.0009750913333333334,0.030841112054056593,0.17697600457403395,8.18401276535458,36383
70.9,37686,208,181,704,278.14470689,-141.82437203147194,0.0009749126666666666,0.030477358197624035,-0.7860588485544379,6.7960136760364875,36651
70.77,37888,208,181,708,275.80932227,-142.91087188720704,0.0009747713333333333,0.030897168611938305,1.0560672109777278,10.243007131056352,36863
70.61,38104,208,182,712,274.13391234,-141.43765838057905,0.0009746353333333333,0.030523016462447466,-0.05579458232279177,7.6795469125111895,37067
70.33,38340,208,183,716,273.64594329,-140.25966902910653,0.0009744766666666667,0.030156758913801887,1.0003084540367126,7.16050700818078,37305
70.54,38643,208,184,720,276.92654711,-140.9642210824149,0.0009742846666666667,0.030704052027847085,-0.5446207880973816,8.300790677751813,37593
70.63,38948,209,186,724,280.93739885,-140.88034913346573,0.0009740853333333333,0.030207399958492937,-0.47372122551943807,7.6374047060270565,37892
70.74,39234,209,187,728,285.41475848000005,-138.75462012820773,0.00097389,0.029334933419401448,2.687276341848903,7.8410742084185285,38185
70.78,39537,209,188,732,292.68749016000004,-138.01722662132906,0.0009736993333333333,0.029394214322049934,-0.6955287162079868,6.663214275635869,38471
71.81,39908,210,189,736,299.3054448700001,-138.62327584554984,0.0009734746666666667,0.029191515365138997,0.026634867108145426,7.628399671510208,38808
72.55,40314,210,191,740,307.21530647,-137.45974676458684,0.000973186,0.028850819814849545,1.3763023663211513,8.077066460171261,39241
73.13,40619,211,192,744,309.85432456999996,-135.70240794001398,0.0009729713333333334,0.02928698979116775,-0.7692929312989518,8.352386674365482,39563
72.75,40860,211,193,748,306.11315506,-137.49863467009172,0.0009727946666666667,0.029351607127034145,-1.4059209331222202,9.611964412357496,39828
72.53,41065,211,194,752,303.09880471,-139.71882024801002,0.0009726586666666667,0.029278732203650026,1.184346430706528,6.943131032979713,40032
71.62,41286,211,194,756,302.66119062999996,-137.65513956546783,0.000972512,0.02948544776882045,-1.718734983354807,7.944876849651337,40252
70.96,41508,211,195,760,301.44030298999996,-137.70877965291342,0.000972366,0.02956627736178537,0.3095098038514455,8.199510345856348,40471
70.5,41722,212,196,764,301.02090588999994,-135.75493567330497,0.0009722233333333333,0.02987971785478294,3.114044468317713,7.930934522833143,40685
70.75,42019,212,197,768,299.62363934999996,-139.88945540336712,0.0009720426666666666,0.0297937676412602,-1.9945324136786264,8.862400126783815,40956
71.12,42342,213,198,772,300.10091398,-139.11996361227597,0.0009718406666666667,0.030017814544193885,-1.0075477642171524,9.532468285280116,41259
72.86,42792,213,200,776,297.85115312999994,-140.28762084245682,0.0009715500000000001,0.030195860905223526,1.3139211824163795,9.063229218125343,41695
71.87,42950,213,201,780,297.86626597,-143.86445941347066,0.0009714000000000001,0.030717725103551693,0.01808115749648123,8.196180502573648,41920
69.71,43103,213,201,784,295.78417918,-143.47417973109654,0.000971286,0.03111447196985994,2.364992925098964,18.179559026445663,42091
68.91,43325,213,202,788,290.96509534000006,-143.42669169108072,0.0009711653333333333,0.031089800260501142,0.70645574213546,10.405725049383847,42272
69.33,43684,214,203,792,293.5161316,-145.5836908340454,0.0009709433333333334,0.030881334841251374,0.37017522305250167,13.731971609592438,42605
69.19,43953,214,205,796,292.7479644,-147.83486302693686,0.000970738,0.03052719002072182,-0.7296796350015534,8.943212827046713,42913
67.48,44183,214,205,800,289.15478648,-149.73596831730433,0.000970584,0.030836325072284256,1.1757550537586212,8.860617850508008,43144
67.21,44407,214,206,804,287.27857739000007,-149.75253000567037,0.0009704246666666668,0.03102764313019091,-0.09283324595420592,8.28225225787009,43383
68.09,44697,215,207,808,298.18060314999997,-145.95905004573774,0.0009702539999999999,0.031018614556781853,-0.1615615185303024,9.353814982160737,43639
69.01,45005,215,209,812,310.03470072,-146.3896294671136,0.0009700486666666667,0.0315029454996457,-1.683507072764474,9.739371795912046,43947
70.94,45434,215,210,816,317.03131237,-146.2813354601963,0.0009697873333333333,0.031290711071208226,0.006953466710426824,8.798533305847387,44339
72.14,45857,216,212,820,321.0406874100001,-142.30347820319753,0.000969524,0.030874804049582764,0.8568662582057538,8.246816998661155,44734
74.28,46376,216,214,824,312.00622286,-140.60630161506086,0.0009691553333333333,0.030498382088936064,-0.2460890781780905,6.891662215398362,45287
75.27,46761,216,215,828,315.85653162,-141.24138123134398,0.0009688839999999999,0.030390122641791712,0.5205444586726854,7.675404827549772,45694
75.73,47110,217,217,832,316.48297387,-139.2405146456313,0.0009686453333333333,0.031160214551906477,-0.5207453534520906,8.661395484003528,46052
75.18,47426,217,218,836,318.09339811,-142.02413519497574,0.0009684226666666667,0.03126967242308732,-0.7319749415605917,8.184180659809332,46386
73.71,47685,217,219,840,311.37362938,-142.76742373572455,0.000968262,0.030972493010469608,-0.4206719729635451,8.042662554317051,46627
73.66,47985,217,220,844,313.6676952,-144.7123673220715,0.000968058,0.03125625534589032,-0.40905684663588743,8.13037388008761,46933
74.42,48302,217,221,848,323.98124824999996,-146.35597248077391,0.0009678513333333333,0.031071918248198927,-0.10767402201890945,8.201072120666504,47243
75.49,48614,217,223,852,326.37372679999993,-146.50312173777613,0.000967638,0.030373235072555214,-0.6055935785688203,8.850438392025302,47563
76.27,48913,218,224,856,322.16161108,-148.15527708138993,0.0009674493333333334,0.030886229933865035,-1.6790546321157198,8.294864505084593,47846
77.4,49248,218,225,860,320.11563989,-149.08794463308234,0.0009672113333333333,0.030169754681226454,-0.40937563306406927,8.764533105649447,48203
78.3,49552,218,227,864,318.30843885999997,-150.20443968339399,0.0009670246666666667,0.03046646585095335,1.099105879664421,9.794276681813328,48483
78.06,49825,218,228,868,317.79264028,-150.0803792476654,0.0009668326666666667,0.031089675845578313,1.3602895233780146,8.175292789936066,48771
77.7,50112,218,229,872,319.58201499,-146.95120827811104,0.0009666393333333333,0.031048628608030933,0.946062091418675,8.268637691225324,49061
76.21,50413,218,230,876,328.05315407999996,-147.18273026975868,0.0009664433333333334,0.03163433799596682,-1.7494372945942291,8.926107687492893,49355
77.96,50746,218,231,880,334.52390230000003,-149.88930025967684,0.000966224,0.03140761411156167,-0.18145669454878027,10.12727838754654,49684
79.91,51094,219,233,884,343.09985313000004,-150.21945841928547,0.0009659940000000001,0.031417353141508744,0.9668298651663105,9.28174645713206,50029
80.89,51414,219,234,888,353.21493086000004,-149.31460428873697,0.0009657786666666667,0.031395734151204426,0.33662575562795005,10.09769640604655,50352
80.82,51766,219,235,892,362.18299941999993,-151.42288362310174,0.00096556,0.03147221515687664,1.7824399638711736,9.193418792124545,50680
81.78,52131,219,237,896,373.73750025000004,-154.5296911291174,0.000965328,0.03197722338341378,0.09040060397740957,8.833420959678856,51028
83.41,52524,219,238,900,378.26995139999997,-156.90819163988996,0.0009650360000000001,0.03183716667755958,-0.2678274659700291,9.251265131017213,51466
84.36,52843,220,240,904,379.75004162,-156.65360038511216,0.0009648240000000001,0.031424673935098034,0.23012337889722598,8.966501446180446,51784
85.09,53206,220,241,908,377.11844875,-158.3284037064533,0.0009645886666666667,0.03146812228523955,-0.2942851064156513,9.345997975797069,52137
86.64,53669,220,243,912,366.60481810000005,-157.0695506848787,0.0009642913333333334,0.03171461918636372,0.21070346079374613,8.93943560248927,52583
86.72,54106,220,244,916,352.95321266999997,-158.27218890580974,0.0009639886666666667,0.03193169084118038,-0.619162983581668,9.128179941021028,53037
88.48,54705,221,247,920,344.33364879999993,-156.7139398065537,0.0009636133333333334,0.031835951047574036,-0.3322818301110992,8.77810711635969,53600
87.81,55157,221,248,924,352.78944599999994,-154.6708328869878,0.0009632953333333335,0.03115794381925038,0.9548879959145371,8.530670813151769,54077
87.49,55510,221,250,928,351.97449731,-153.83972789623118,0.000963046,0.03123034281587159,0.694382549803934,8.689651083063197,54451
87.45,55855,221,251,932,358.37677822000006,-155.47905311155856,0.0009628179999999999,0.03178469217225407,-0.1517498359251558,8.744676118486383,54793
87.89,56215,221,253,936,360.62257336000005,-154.29347877940913,0.0009625773333333333,0.031576778568413066,-1.2915789580893242,8.913632102396296,55154
88.51,56536,222,254,940,369.51343583999994,-155.55573527018228,0.0009623606666666666,0.03202181232386622,0.11478459423985975,9.376119542395932,55479
88.93,56878,222,255,944,376.77283273000006,-153.56206126493566,0.0009621380000000001,0.031242513415568014,1.9591599492465748,8.516503322825713,55813
89.15,57217,222,257,948,375.83465437,-157.53562633100762,0.0009619186666666667,0.03128677882613188,-0.8421402451503708,8.89119097123663,56142
89.45,57559,222,258,952,380.47790289000005,-155.7061229505037,0.0009616793333333334,0.030961192497297337,-0.17159813893468756,9.173085182591489,56501
90.39,57952,222,260,956,387.63825189999994,-159.56226309550178,0.000961438,0.03142401937049689,-0.05440726784086719,9.370006418719734,56863
91.18,58366,222,262,960,393.46872021,-159.4098659697033,0.000961144,0.03153180277773312,0.11714854268800645,9.305878463245573,57304
91.05,58657,222,263,964,400.12107943,-160.71475474039713,0.000960936,0.03177174118657907,-1.2588787170556874,8.221673482503647,57616
90.86,58911,222,264,968,401.7255371900001,-159.51666564941405,0.000960766,0.031728839358458154,-0.3038192914082454,8.89371679012592,57871
90.57,59169,223,265,972,400.19928948,-159.00456505491022,0.0009606,0.0315456581547072,3.821295294845313,8.435240343997354,58120
90.09,59422,223,266,976,397.82228367999994,-155.05171897194603,0.000960426,0.031261364364940106,-0.1570731004079183,8.642511859084621,58381
89.49,59695,223,267,980,398.58499849,-155.13689866706505,0.0009602506666666667,0.03101539845342067,-0.8383851282632173,9.17662641895351,58644
89.4,60034,223,268,984,402.09200294000004,-156.73439545327045,0.0009600426666666668,0.03133025137271653,-1.3531447129046663,8.926143133893927,58956
90.31,60445,223,270,988,403.14196415,-155.68627265647606,0.000959774,0.0307529483128477,0.9770254018130126,9.557230446073744,59359
90.63,60829,223,271,992,401.0788581500001,-155.93134081494676,0.0009595073333333334,0.0302110333609712,1.2185689905187587,8.699098152118724,59759
90.58,61189,224,272,996,398.953059,-156.9545216078169,0.0009592666666666667,0.03073989987122209,0.555775657128752,9.39474899313423,60120
90.28,61552,224,274,1000,396.89436963,-154.79398727416992,0.000959024,0.030416828399110172,1.0821387668450673,13.535281836986542,60484
90.91,61934,224,275,1004,396.08001494999996,-154.34038008930528,0.000958758,0.030295019551554572,-0.8504568717190039,9.64153484540565,60883
91.5,62356,224,277,1008,394.2565036200001,-154.911421447241,0.0009584893333333334,0.03061102477817976,0.4844045528844625,9.882024560655866,61286
90.66,62735,225,278,1012,406.64439903000005,-152.87899762933904,0.0009582393333333333,0.03092642257582735,-0.8192838701334867,8.73596453666687,61661
89.66,63072,225,280,1016,425.76984185000003,-153.33862862220178,0.0009580073333333334,0.030767976282498777,0.608239519290435,7.85196022498302,62009
87.02,63407,225,281,1020,439.69443468000003,-155.12989052220394,0.0009577793333333333,0.031028053007627787,-0.5684757828712463,8.463425119299638,62351
86.58,63815,225,283,1024,447.88862951000004,-156.31071974810433,0.000957518,0.030482825439642456,-1.6913464910843794,9.573015543993781,62743
86.11,64121,225,284,1028,446.5689889099999,-156.6064477024308,0.000957306,0.030440636338239693,-0.5022272392209753,8.069809310407523,63061
86.18,64473,225,285,1032,439.33308937000004,-155.14209945678712,0.0009570666666666667,0.03004579458385706,-0.08752206683158875,7.94836540222168,63420
86.64,64879,225,287,1036,442.1055236000001,-156.89554364493725,0.0009568053333333333,0.02944647033144249,-0.8474737231651049,7.3993550043427545,63812
86.95,65231,226,288,1040,441.95019686,-152.86162370504792,0.00095657,0.02944088642744674,0.5822706296271885,8.12381045842908,64165
86.61,65539,226,289,1044,439.27013546,-153.4714139141614,0.000956358,0.029454452091757254,-0.9980864087237588,8.389454081088681,64483
86.06,65823,226,290,1048,435.08731193,-152.1725556746773,0.0009561633333333334,0.02931000046647977,1.561121650364088,9.057077117588209,64775
85.56,66115,226,291,1052,433.70514794,-150.95291044653916,0.0009559740000000001,0.029866411827686356,0.7012008370422735,7.81676971040121,65059
84.65,66417,226,293,1056,438.3515349400001,-152.5700947529561,0.000955772,0.02939265518373734,-0.967196976816332,8.529889892887425,65362
83.74,66740,226,294,1060,443.22077019999995,-152.1160966040383,0.0009555766666666666,0.029027574026668574,1.4227582568853674,10.031133913658035,65655
84.62,67119,226,295,1064,440.4303373,-150.8598949521087,0.0009553126666666667,0.028378781624311625,-1.8136248990546826,8.98553410796232,66051
85.27,67438,227,296,1068,439.88278262,-153.567160542806,0.0009550993333333333,0.028701592702418566,0.15782753626505533,8.80380248228709,66371
85.51,67720,227,298,1072,437.95820610999994,-150.46639278323153,0.0009548853333333334,0.028603907219719057,0.11602048402608828,9.544170606968015,66692
85.5,67972,227,299,1076,432.9776952800001,-153.4555644444057,0.000954726,0.028699071944824288,-0.5775112126554761,8.277467216764178,66931
87.01,68396,227,300,1080,427.38660367000006,-151.90806488557294,0.00095447,0.028987101871858944,-0.11106394095854326,9.059395134449005,67315
88.07,68841,227,302,1084,430.80034721,-152.52322564806258,0.00095418,0.029421003868005106,-0.27964035155517714,9.860199574913297,67750
87.64,69209,227,303,1088,435.88330122,-151.58875554150873,0.0009539186666666667,0.029388249713448014,0.02368011273960076,7.494381451370693,68142
87.02,69531,228,304,1092,438.6383742400001,-149.97727708692673,0.0009536986666666668,0.028669227422638374,-1.0761336281702116,7.037725516727993,68472
86.4,69829,228,305,1096,439.42916103000005,-150.71202400939106,0.0009534973333333334,0.028655895325419022,2.070605160438851,8.674185537312129,68774
86.08,70160,228,307,1100,450.9947897899999,-149.9481896201333,0.0009532806666666667,0.028590185670079767,-1.4646552368834778,8.673721554515126,69099
85.46,70480,228,308,1104,461.92783418,-148.6673542022705,0.000953072,0.028836471564136445,1.1311012730002403,9.63623367547989,69412
84.81,70837,228,309,1108,470.18935519,-150.76321552417897,0.0009528346666666667,0.02888674076853527,-0.8184576222190151,8.212661456178736,69768
84.83,71218,228,311,1112,465.7821828,-152.65085811789976,0.0009525753333333334,0.028973303854875607,0.12570958181258735,8.583006294495469,70157
85.94,71666,229,312,1116,460.42023661999997,-152.69378623479528,0.0009523393333333333,0.02920958392699308,-1.6269739383383641,9.388687864134583,70511
86.39,72046,229,314,1120,460.05179942999996,-154.04957580566406,0.0009520253333333333,0.028387567230376852,0.6409285140324787,8.719448842198016,70982
85.83,72398,229,315,1124,458.00637974,-154.78326362161076,0.0009517986666666667,0.0284067135742482,-0.1878060957964729,9.545851987950941,71322
85.9,72711,229,316,1128,454.23667569000014,-156.45535175220385,0.00095157,0.028736715255355514,1.7696402717281032,10.33205668346302,71665
86.86,73159,229,318,1132,450.02598902,-154.82450524902345,0.00095129,0.02854385171830654,-1.1559296560287475,8.76412882232666,72085
87.91,73670,230,320,1136,450.60898325999995,-154.3277487098624,0.0009509726666666667,0.02886484823095689,-1.0309881551550069,8.304273093512299,72561
88.18,74049,230,321,1140,457.5156132400001,-156.5879046836596,0.0009506953333333334,0.029032249589649478,1.6690327947059374,8.45685838849357,72977
88.77,74416,230,323,1144,463.70184151,-156.7054779675542,0.0009504526666666666,0.0297589387022415,-0.4865981410352551,8.59922406138206,73341
89.41,74764,230,324,1148,471.2842596000001,-156.95671997070312,0.0009502133333333334,0.02949515256811591,-0.4145738082773545,8.115269296309528,73700
90.16,75131,230,325,1152,478.5291681799999,-159.1413121541341,0.0009499720000000001,0.029537181990842026,-0.21983618670039706,8.703027794096204,74062
91.1,75527,230,327,1156,478.53057355,-159.92730776468912,0.000949734,0.029573059116955847,1.1844769542415936,9.934022118647894,74419
91.71,75911,230,328,1160,474.67011391,-159.30028964505337,0.0009494633333333334,0.029284042555211793,-1.3716753502883534,9.647995556935225,74825
92.89,76408,231,330,1164,479.67831766999996,-158.43719782148088,0.0009491666666666667,0.03003201018353658,1.5708769346986498,10.798899165221624,75270
94.42,76880,231,332,1168,480.1682551599999,-160.25771135272402,0.0009488126666666667,0.030026061022936396,-0.23368420880852322,11.33858224478635,75801
96.12,77332,231,334,1172,484.35800509,-160.79157595290351,0.000948546,0.02969675987344427,0.4938429544881447,10.398542581145296,76201
97.65,77737,231,335,1176,488.00945049999996,-160.83338576096756,0.0009482673333333334,0.029656492316952117,0.7425556182861328,11.595722704667311,76619
96.81,78077,231,337,1180,485.6189972799999,-163.10352390095338,0.0009479880000000001,0.03028008171309859,0.5677015831914999,14.22423952716892,77038
94.78,78319,231,338,1184,472.51899197,-163.85161820669023,0.0009478293333333333,0.029767858012328074,2.073881838056776,14.548621313912529,77276
95.12,78721,231,339,1188,461.060377,-169.11551815126,0.0009476433333333333,0.030271230901523335,0.4275535243313487,12.579185171825129,77555
98.09,79340,232,341,1192,450.65187975999993,-171.25010593120868,0.0009472173333333334,0.03144978821420899,0.6135862974020151,12.491980681052574,78194
101.06,79935,232,344,1196,442.24278043,-172.61940805014078,0.000946806,0.03211603047592299,-0.26874515723872494,13.261243039911443,78811
103.81,80541,232,346,1200,437.09763761999994,-177.17059348946188,0.0009464493333333334,0.032578256759625765,-0.5327430064998456,12.51901473572005,79346
104.39,80919,232,348,1204,431.3852539499999,-177.3711652967665,0.0009461220000000001,0.032306929843293294,-0.27692803740501404,12.11959441502889,79837
104.83,81320,232,349,1208,426.38976098,-179.87631618853698,0.000945854,0.031677762833759955,-1.1941682118730448,10.876331757024392,80239
104.45,81663,232,351,1212,428.02893573,-178.14736557006836,0.0009456120000000001,0.03175459136920316,2.064626578773771,11.102545840399605,80602
103.38,82004,232,352,1216,430.09825225000003,-176.72015327004826,0.000945386,0.03171678137253312,-0.7534146070480346,10.822088202308207,80941
103.17,82363,232,353,1220,430.42383660999985,-177.19837121118474,0.0009451593333333334,0.031780318038750296,-0.765108087394811,10.97242876849597,81281
103.91,82789,233,355,1224,430.9801919099999,-178.1242865311472,0.0009448986666666666,0.03200213983654976,0.0914506567151923,12.285294000725997,81672
104.71,83182,233,356,1228,436.0390085699999,-175.91086043598497,0.000944604,0.031675695850748885,-0.36701597287276083,11.796845614353073,82114
103.03,83462,233,358,1232,440.0226369199999,-175.40303802490234,0.000944396,0.03128839815035463,-0.12839527130126954,13.182556509971619,82426
99.9,83660,233,358,1236,427.25422154,-177.92597292180648,0.0009442573333333333,0.031598074655783806,-0.046673633550342764,12.499388878805595,82634
98.77,83926,233,359,1240,416.43658562999997,-177.0336831582559,0.000944102,0.031911466270685196,1.4263056186405387,12.851235106184676,82867
97.9,84206,233,360,1244,410.86975322000006,-182.918559544523,0.0009439093333333334,0.03213890799334351,1.9299894285873629,14.39418857198366,83156
97.97,84561,233,361,1248,411.49175973000007,-183.7297319200304,0.0009437046666666666,0.03236326103409131,-0.7541462765799628,15.6351393699646,83463
97.99,84930,233,363,1252,400.3936173799999,-187.97301265171595,0.0009434333333333334,0.03328446591539042,-1.1429793170520237,14.301372691563197,83870
97.75,85302,233,364,1256,394.69182193,-189.56045400968162,0.0009432146666666667,0.032932139852995514,-1.3934482374498922,17.90008665925713,84198
97.81,85692,233,366,1260,389.88216810000006,-190.92336939906215,0.0009429226666666668,0.033026255935699016,0.5322621185500342,22.494999413017755,84636
97.24,86132,234,367,1264,374.9261108300001,-190.77341031627495,0.0009426533333333334,0.03316431702310298,-0.7096082793564356,18.3148585087111,85040
96.28,86508,234,369,1268,370.10292088999995,-190.02603165144774,0.0009423700000000001,0.034061015458758344,0.18030240363681438,15.058009472089944,85465
95.93,86925,234,370,1272,361.87548706999996,-193.15018169696515,0.00094214,0.034440752720603575,-0.26270316334871147,17.166577647282526,85810
100.22,87759,234,374,1276,354.97727155,-196.17240580574412,0.0009415806666666667,0.03610512653945899,-0.9451438799256184,16.823637235360067,86649
102.57,88334,234,376,1280,362.25077323000005,-201.1148165748233,0.0009411893333333333,0.035261114822730186,-0.33311629863012404,18.35966620369563,87236
104.48,88767,234,378,1284,360.35199875,-203.5781845719847,0.0009408666666666667,0.03519153656208352,0.14569151891420964,12.896644775181601,87720
105.52,89273,231,384,1288,357.67483723,-202.06075177873885,0.0009405753333333333,0.03616228107185591,-0.1997712430499849,16.69366071791876,88157
103.5,89690,228,392,1292,355.08840913,-203.3448230743408,0.0009402486666666666,0.03636561182017128,-0.5988659669955572,16.63890548547109,88647
101.49,90084,226,398,1296,356.74605559,-204.7518668726871,0.000939998,0.03613742276241905,-0.8222790238104368,16.65452434138248,89023
99.48,90489,223,404,1300,351.15606082,-204.94659030560365,0.0009397759999999999,0.035802294682596145,1.1570947391470683,16.166831458966758,89356
99.7,90889,220,411,1304,353.7828244,-205.29492716269917,0.0009394706666666667,0.03563880422475314,-1.7240824026636559,15.103012481538377,89814
99.41,91261,218,417,1308,359.79320226,-200.99548422771952,0.0009392233333333334,0.03492042078110187,0.06057050759377687,14.881646923396898,90185
99.89,91652,216,423,1312,366.46540339,-197.3904555237409,0.0009389633333333334,0.03458244150992736,-1.3504885220990597,14.319492099354568,90575
100.49,92053,214,429,1316,371.99815964000004,-198.76635551452637,0.0009387113333333333,0.03413236750797792,1.0540308661081574,14.248746308413418,90953
101.82,92545,211,437,1320,363.49679090000006,-196.66942761739094,0.0009383846666666666,0.03362992259984215,0.10794798533121745,14.612373487154644,91443
101.01,92890,210,440,1324,350.35268241,-195.7470270792643,0.0009381146666666666,0.03385106977765207,1.0812201527533707,14.673667625144676,91848
101.62,93344,210,443,1328,345.3698977199999,-193.64686356729536,0.0009378426666666668,0.034710386740182765,-2.2084289148672305,16.359915462892445,92256
102.66,93728,210,445,1332,346.5950603099999,-192.4417788953666,0.0009375906666666667,0.0333233972988933,1.7990805736507278,15.3619496563831,92634
104.28,94088,210,446,1336,359.2815879000001,-190.54200204988805,0.000937336,0.03250998417596992,2.0114989600530486,16.5425017519695,93016
104.71,94397,210,448,1340,364.74910633,-191.64675512069311,0.000937118,0.032521852220480256,2.4346555119905715,13.359897234500982,93343
105.16,94722,210,449,1344,363.43655035000006,-190.4896061908768,0.0009369066666666667,0.033082242696041084,-0.5106492645769234,13.152165585253613,93660
104.74,95035,210,450,1348,357.3273195399999,-188.79862480658988,0.000936696,0.032939025720992644,1.7292893118672557,14.248212182676637,93976
104.56,95386,210,452,1352,369.31054254000003,-187.06190423651057,0.00093647,0.03233871199599989,-0.3804218408825633,13.129822731018066,94315
104.35,95737,210,455,1356,381.6062406400001,-186.39204619651616,0.0009362346666666667,0.032038321112130966,1.3100658779920533,13.42486428105554,94668
104.62,96154,209,459,1360,389.7788312299999,-185.00318541350188,0.000935974,0.03166195470839739,-0.08695056648166091,12.736789164719758,95059
105.58,96690,207,465,1364,399.25632571999995,-182.09086230122452,0.000935638,0.03146381285173673,-0.3563830370598651,14.439598299932818,95563
107.43,97251,206,471,1368,396.90998852000007,-180.91151072184246,0.0009352133333333333,0.03115227859881189,-0.327133180697759,12.527563036812676,96200
106.55,97580,206,473,1372,399.81233524999993,-178.45667673746746,0.0009350000000000001,0.031245843476305404,0.5416702787081401,13.495260334014892,96520
102.02,97961,206,474,1376,403.77812838000006,-179.74535953297334,0.0009347726666666667,0.03191877863205531,-0.10732206526924581,15.545068909140195,96861
100.73,98407,206,476,1380,403.3072552799999,-179.35006915821748,0.000934454,0.03215643095181269,-0.04470118003733018,13.384991302209741,97339
101.07,98874,206,478,1384,413.50515312999994,-176.58597038532125,0.0009341326666666667,0.03249608333511599,2.32870390343255,13.543003230259336,97821
101.0,99373,206,480,1388,419.82689816999994,-178.60109490127925,0.0009337966666666666,0.03206751347294351,-1.1904177202432642,14.162012836944436,98325
100.94,99784,206,483,1392,433.3456729000001,-180.07014229514382,0.0009335406666666667,0.032286170057275076,-0.2648515278642828,14.073770358345726,98709
100.86,100170,205,487,1396,444.09339048000004,-181.35743099305688,0.0009332853333333333,0.03187312740014821,-2.1599102921602205,13.51340442750512,99092
100.19,100508,204,491,1400,455.57774692,-182.7773292092716,0.0009330433333333333,0.031676632867139926,0.970760038319756,13.032598888172823,99455
99.64,100853,203,495,1404,456.71888028999996,-181.81421896127554,0.00093282,0.0317042821015303,1.0740328507545667,13.39200043066954,99790
99.08,101169,202,498,1408,449.43945162999995,-181.58775279286144,0.0009326086666666667,0.030998262095746104,-1.8387303522654943,13.056048602848263,100107
98.94,101546,202,502,1412,444.85551474,-183.46584797796802,0.0009323613333333334,0.030586088285128647,-0.8718062360710073,14.781341632949971,100478
98.37,101890,201,506,1416,437.23439038000004,-182.26668020395132,0.0009321106666666666,0.030694292694493964,-2.1033039564614766,13.51569409422822,100854
96.03,102148,200,508,1420,431.84663414000005,-183.7676852190936,0.0009319380000000001,0.030398053910445283,1.40953278320807,14.167186454490379,101113
95.35,102425,200,511,1424,430.9693967,-178.0860460917155,0.000931786,0.0306025008050104,0.19671233495076498,14.305339495340982,101341
95.03,102847,199,515,1428,438.19712066999995,-180.54328046526228,0.000931504,0.03043595376443498,1.4302445954206038,12.573738049487678,101764
94.98,103226,199,518,1432,437.7609300200001,-181.82925353179107,0.000931256,0.03112679410323098,2.0566606191364496,12.495515926464185,102136
94.93,103581,199,520,1436,437.67644248000005,-179.38021163102036,0.0009310026666666666,0.03063621617608018,0.5835388047354562,12.325926654941433,102516
95.36,103933,199,521,1440,442.98176233,-178.69003386724563,0.0009307786666666667,0.03094864437090499,-0.149186209553764,14.037131002971105,102852
96.2,104342,199,523,1444,452.47870489,-180.00243026733398,0.0009305253333333333,0.030843035541474818,0.9993150275945664,12.486945543289185,103232
97.23,104758,199,524,1448,458.62590267,-179.08185327832945,0.0009302426666666667,0.030652552320856914,-0.7373500917559472,12.89958575952833,103656
98.23,105209,199,527,1452,454.1683404999999,-177.8213006221887,0.000929938,0.030394812782454973,-0.7872353081751351,12.401113163341176,104113
98.36,105573,198,531,1456,438.33432382999985,-180.30101388784556,0.0009296886666666667,0.030513742451484388,2.5546202870515677,11.65531561924861,104487
98.9,106044,197,536,1460,433.69235975,-172.21322989463806,0.0009293693333333334,0.03085699726943858,0.6172368535771966,12.452664576470852,104966
98.23,106513,197,539,1464,431.98258705000006,-172.2626617894028,0.0009290606666666666,0.03029077442250017,-1.3848915723237125,12.684397646875093,105429
97.88,107039,197,542,1468,444.29986987000007,-170.29260644247367,0.0009286953333333334,0.030226707475823025,0.10970728425092476,11.594289730870447,105977
98.49,107429,197,543,1472,455.11917083000003,-168.087959215479,0.000928448,0.02990260763654431,-0.42699821018478246,11.11157977465287,106348
98.61,107822,197,545,1476,470.86673404999993,-169.77636942732224,0.0009281866666666668,0.02952160552964298,0.1368321831073236,10.983461931211139,106740
98.1,108217,197,546,1480,481.66302709,-167.47794848149366,0.0009279173333333334,0.029369319263513726,-0.46244504664203906,10.396258349465851,107144
97.29,108603,198,548,1484,491.96477207,-166.01674728393556,0.000927658,0.028993617556989194,-0.8547908306121826,11.590446662902831,107533
96.81,109054,198,550,1488,502.68500035,-167.6125109637225,0.000927376,0.02823536541243946,-0.9406475369577054,9.417699381157204,107956
97.56,109540,198,551,1492,510.28023117000004,-164.37098983890755,0.0009270553333333334,0.028320636169230643,0.5229672095007147,9.43589319670496,108437
98.58,110028,198,553,1496,510.11002560000003,-163.30730984905574,0.0009267100000000001,0.028220766553963262,-1.5579619520292507,8.915745104391744,108955
99.25,110433,198,555,1500,510.97792560999994,-160.65354405771387,0.000926446,0.027750759671377665,-0.23726352193568012,9.826480365035557,109351
99.76,110829,199,556,1504,518.4928706599999,-160.4534632632607,0.00092618,0.027982583171442935,0.8809802023988021,9.70815103430497,109750
100.12,111181,199,558,1508,524.2481833399999,-159.87321417015718,0.0009259506666666667,0.027942691379821444,0.1224020145025598,10.117075196231704,110094
100.71,111617,199,559,1512,520.25589582,-161.1629331148588,0.0009256713333333334,0.028597329112772758,0.6573726516503554,11.283750622089093,110513
103.24,112214,199,561,1516,514.6148507600001,-165.4957113826976,0.000925324,0.028443071966856914,0.5732139855428459,11.761511372584923,111034
106.23,112771,199,563,1520,526.9656815700001,-165.56074213577529,0.0009249353333333334,0.0293382246489242,1.027069693904812,11.366794602345612,111617
107.88,113213,200,565,1524,543.7766055599999,-169.04314543822102,0.000924594,0.029135134454085446,0.8336711286384368,12.070750967364445,112129
107.18,113565,200,567,1528,548.1886638,-173.00545355978977,0.0009243453333333334,0.029253335732422517,-0.348815698302194,12.8085109410661,112502
106.86,113912,200,568,1532,555.93123905,-170.28029447856701,0.000924114,0.029391266876145412,2.578023378472579,10.98742386667352,112849
106.63,114244,200,569,1536,556.12757165,-169.82669086697734,0.0009238953333333333,0.029743000369849084,0.36316983835606637,10.884049512162994,113177
106.41,114574,200,571,1540,550.7135838400001,-170.38573990745107,0.0009236653333333333,0.02970415009078623,0.2259853263010924,11.107430633457227,113522
105.84,114926,200,572,1544,546.1261175300001,-170.156917352786,0.000923444,0.02957758570796457,-0.7889748935041756,10.751097646252862,113854
105.06,115264,200,573,1548,547.58440943,-169.61250340661337,0.000923216,0.029707221552556336,0.29639968483947043,10.5935640944991,114196
104.37,115646,201,575,1552,559.56563312,-171.5046068827311,0.000922972,0.030068679790322978,0.2785189760227998,11.49437640607357,114562
105.24,116097,201,576,1556,576.5492055899999,-171.48195601954603,0.0009226753333333333,0.029493241613222795,-0.27317562157457526,11.860453417806914,115007
105.53,116597,201,578,1560,579.6739295900001,-175.24678968845453,0.0009223473333333333,0.030052114390116885,-0.515301769837401,12.30401689486396,115499
105.25,117038,201,580,1564,578.2651811200001,-175.28926265132318,0.0009220540000000001,0.029448802708774,1.5471583599442835,11.182470811379922,115939
105.64,117603,201,584,1568,581.11181054,-172.5620006772142,0.0009216706666666666,0.02939222254158564,-0.532153662125669,11.676481084008913,116514
105.95,118024,201,586,1572,586.2147413399999,-171.6182150792594,0.0009213913333333334,0.029485399919477375,-0.8743315814721464,10.31696120657102,116933
107.19,118541,201,588,1576,578.3502915299999,-169.19076564394194,0.000921054,0.029550482069366966,-0.8677547697363228,10.300963755311637,117439
107.32,118949,201,590,1580,576.5656746599999,-170.0183811397343,0.0009207846666666668,0.028870676654380756,-1.188634678557679,10.183834751883706,117843
107.73,119376,201,591,1584,572.14244937,-169.54291017593877,0.0009204966666666667,0.028710854109576953,0.6862357701024702,10.341284069963681,118275
107.45,119799,201,593,1588,560.01513695,-168.59835300066612,0.0009201973333333334,0.02874759751193176,0.014844442834917284,11.628068939739505,118724
107.29,120269,201,595,1592,552.2950431099999,-168.90171801033668,0.0009198973333333334,0.028821475140876688,0.8947819340026985,11.008212129948502,119174
106.81,120709,201,598,1596,542.3438952299999,-170.84512562794728,0.0009196006666666667,0.029029993038322474,-0.1502649719650681,11.393429773347872,119619
107.29,121162,201,600,1600,528.4874080400001,-171.41680159658756,0.0009193006666666667,0.029802274257647542,2.193808472381448,11.792272738690647,120069
108.65,121694,201,602,1604,515.6439844199999,-172.5028056640625,0.0009189606666666667,0.030505394592881204,-0.9710007791519165,11.711590209960937,120579
110.74,122255,202,604,1608,509.2753471800001,-172.21115853445872,0.0009186093333333334,0.029838887974619865,1.2232852748462133,10.891662314959936,121106
110.75,122692,202,606,1612,521.5573798300001,-171.81829657921423,0.0009182686666666666,0.029833629458712842,0.34093188895629,10.752801079016466,121617
108.61,123075,202,607,1616,538.59580546,-171.39477316538492,0.000918016,0.03011839572961132,1.4182448983192444,12.173195540904999,121996
106.86,123457,202,609,1620,544.2310712,-174.2249877236106,0.00091777,0.030550012047487227,0.5160611285404726,14.158437517556278,122365
107.74,123987,202,611,1624,538.76996201,-174.846952037651,0.0009174873333333333,0.03007491058161279,0.5061850352447574,11.686320649475611,122789
108.45,124410,202,613,1628,528.83836776,-176.7361702494102,0.0009171173333333333,0.03030214838609837,-0.8510914911137949,12.28226910959376,123344
108.74,124786,203,614,1632,523.5214994799999,-176.7556043122944,0.0009168833333333333,0.030174436890765242,0.19006434239839254,12.130052385832133,123695
109.67,125211,203,615,1636,522.67114444,-178.18270568847657,0.0009165953333333333,0.030271394071834427,-0.1577496710277739,11.901436233520508,124127
110.38,125612,203,617,1640,528.1829728099999,-176.9005100108959,0.00091633,0.029751299173329717,1.2756978847362377,12.180362727906969,124525
110.79,126005,203,618,1644,531.03971282,-175.68335782564603,0.0009160613333333334,0.029729687414326512,-0.5262631177902222,12.910201722448999,124928
112.05,126469,203,620,1648,534.61162201,-177.11870648310736,0.0009157706666666666,0.02911834309522349,-0.4658532360425362,12.971782427567701,125364
113.22,126968,203,622,1652,530.55825161,-176.73124202217642,0.0009154466666666666,0.029541942591624935,-0.17107904145098107,13.266087772339349,125850
113.87,127484,204,624,1656,516.3668268700001,-178.05306828022003,0.000915106,0.029475099261617288,0.5045878458768129,11.689858704805374,126361
115.95,128192,204,627,1660,510.5347824400001,-178.68106403966104,0.0009146613333333334,0.029569814125857047,0.01922283557153517,11.795733101137223,127028
116.01,128639,204,628,1664,514.14545778,-178.11512084400982,0.000914314,0.029546238106051715,0.00025631419015586924,11.112607369729139,127549
115.27,129130,204,630,1668,515.8706687499999,-174.55305318363378,0.0009140006666666667,0.029563521615183743,-0.7064648265721368,11.723567024606172,128019
115.59,129583,204,632,1672,513.0051459599999,-172.3085312678896,0.0009136993333333333,0.029500676431404107,-0.8217883772891144,10.817327137651114,128471
114.96,130037,205,634,1676,518.0346915099999,-172.8792870891981,0.0009133746666666666,0.029347004876895386,-1.0333061159149675,12.122419144496444,128958
114.61,130410,205,635,1680,521.3205001700001,-174.19844462076824,0.000913118,0.028878418708013165,-0.3303050862418281,10.812137020958794,129343
114.08,130784,205,637,1684,525.1375503200001,-172.42510567130623,0.0009128733333333333,0.02901158946474175,-1.8364212198571845,11.22819910992633,129710
114.13,131212,205,639,1688,535.48645399,-176.334505800341,0.0009125993333333333,0.028810749273197572,0.10890297420689317,10.510278912841297,130121
114.46,131715,205,641,1692,540.8559056099999,-177.05268386314654,0.0009122773333333334,0.028702788006771226,0.7516492975169214,11.484332101098422,130604
114.95,132204,204,644,1696,545.93143707,-178.08128671085134,0.0009119366666666667,0.029450519024120533,1.057953169240671,12.01780848643359,131115
115.59,132721,205,646,1700,551.06122516,-178.2982572740124,0.0009116046666666666,0.029813622485005086,0.9127995068988493,11.34138015777834,131613
115.18,133212,205,648,1704,558.8215333099998,-179.55600820494092,0.0009112666666666667,0.029986716037200503,-1.3600948418467498,11.30767047503763,132120
114.79,133734,205,651,1708,561.41590692,-178.41317655123197,0.0009109233333333333,0.030449280887842177,-0.5739855390328628,11.626064271193284,132635
115.05,134197,205,653,1712,550.35840311,-178.73668893459623,0.000910614,0.030012108451497238,0.6088613767539506,11.54863160901365,133099
116.42,134717,205,655,1716,545.5771135499999,-179.52062126334386,0.0009102806666666666,0.030470753444060115,0.5788468732178667,12.254138786374158,133599
116.6,135117,205,658,1720,546.96265819,-179.40471267700195,0.0009099819999999999,0.03041571205747979,0.8822003150624889,12.510769580091749,134047
114.81,135468,205,659,1724,553.41774008,-179.43907122745694,0.0009097420000000001,0.030566081648396554,1.0665638992719562,14.65515398756366,134407
113.8,135790,205,660,1728,563.95651498,-180.17046336638623,0.000909532,0.030576950392852992,2.7645493424855747,16.396738064594757,134722
113.7,136156,205,662,1732,566.3464799599999,-180.8420845912053,0.0009092873333333333,0.03163012167295584,1.1324665993452072,18.09659794660715,135089
112.07,136418,205,663,1736,546.3531357799999,-183.92059112548827,0.0009090873333333334,0.032889420613646504,4.926625609397888,19.842867946624757,135389
109.87,136599,205,664,1740,521.63708589,-190.5520614996189,0.0009089633333333333,0.033815915355595146,0.939141232792924,22.189535280553304,135575
107.56,136761,205,664,1744,497.08683100999997,-195.05658037234576,0.0009088546666666667,0.03585224780134666,3.766093908212124,26.996468812991413,135738
104.82,136951,205,665,1748,468.20421899999997,-203.37566570207184,0.000908734,0.038161854168363644,5.162278500257754,25.51586005266975,135919
101.89,137157,205,666,1752,440.41708330999995,-217.28648795333564,0.0009085946666666667,0.03912488977406539,4.26099539270588,30.250420514275046,136128
98.68,137352,205,667,1756,431.85723592999994,-227.9533313115438,0.000908464,0.039856406316782035,-0.8202716459830602,27.37055544058482,136324
93.58,137550,205,667,1760,426.43876342000004,-228.270654296875,0.000908334,0.03743618408387357,0.9066237330436706,30.169280450994318,136519
91.34,137773,205,668,1764,420.86116869000006,-234.0612568102385,0.0009081953333333334,0.037264790712741386,-0.5075149243338066,24.174086955555698,136727
88.83,138013,206,669,1768,410.83003277000006,-229.16472840309143,0.00090803,0.03635770286200568,0.7907524276524782,22.331491261720657,136975
87.12,138295,206,670,1772,404.7944192099999,-226.99722626629998,0.0009078513333333334,0.03604041144032689,0.5457781956476324,20.920411250170538,137243
85.41,138578,206,671,1776,399.07870110999994,-223.77821695963542,0.0009076619999999999,0.03487481604019801,-0.6761459358533224,20.048342870076496,137527
84.9,138900,206,673,1780,394.50164864,-216.85804767373168,0.00090746,0.03468941823567873,-0.16228838908819504,17.220360438028973,137830
84.93,139277,206,674,1784,394.8832248599999,-212.18189288200216,0.0009072146666666668,0.03374224005544439,-0.12439828286779687,17.88620074251865,138198
84.98,139710,206,675,1788,395.39634684000004,-209.28962815546356,0.000906936,0.03394422208708999,-1.8030967258774073,17.095762852018915,138616
85.84,140299,206,678,1792,390.5370270000001,-203.51254160811263,0.0009065493333333334,0.03256240417438794,0.1620330926848621,18.04983646113698,139196
85.81,140785,207,679,1796,394.68639409,-205.55306203741776,0.0009062286666666667,0.03219117583674297,0.3999012844604358,17.51042001289234,139677
84.76,141197,207,681,1800,400.65402053,-204.14475944604766,0.00090593,0.03238050802872422,-1.360827301325423,18.06804457675205,140125
84.69,141681,207,683,1804,395.54841444000004,-204.7476266345138,0.000905604,0.03192894425500864,-0.6272353215037652,18.48926182512967,140614
83.26,142060,207,684,1808,389.69893500000006,-206.81267568227406,0.000905388,0.03173993584943247,-0.439361471313614,20.44212334435265,140938
83.2,142517,207,686,1812,393.11844524,-201.5762860528354,0.0009050606666666666,0.03111519804224372,0.09636473655700684,16.91008388585058,141429
82.14,142931,207,688,1816,397.49184267000004,-198.78946804178173,0.0009047813333333334,0.030892030930082345,-0.02718199943674022,15.946006043203946,141848
82.23,143340,207,690,1820,396.19659212,-195.15292835235596,0.0009044993333333334,0.030667495254116755,-1.1385023916761081,14.18704804778099,142271
82.59,143727,207,691,1824,398.1085158400001,-190.87210708618164,0.0009042546666666667,0.030033947583287954,1.1891950452327729,14.88501714706421,142638
83.11,144101,207,693,1828,400.1772274,-188.91881815592447,0.0009039953333333334,0.030088991587681156,-0.4600234544405373,12.850206949377572,143027
83.55,144511,208,694,1832,406.64496092999997,-188.92551033169616,0.000903744,0.029695644627745245,-0.9440051048409706,12.511209656210507,143404
85.68,144986,208,696,1836,431.24940213,-185.34906757411673,0.0009034153333333333,0.02941053403791652,-0.3640339579155196,12.009241616547998,143897
89.25,145524,208,698,1840,454.67758246,-183.47102497242116,0.000903094,0.028762610387746936,-0.30516320246237294,12.528041309780544,144379
93.24,146085,208,701,1844,474.5130917,-179.70035217285155,0.0009027066666666667,0.02851866365969181,1.0049118175506593,12.282057006835938,144960
97.63,146714,208,703,1848,491.29992976,-179.77610941465736,0.000902274,0.028957921869788072,0.6377808684624996,13.134776706017819,145609
101.11,147268,208,705,1852,516.23621534,-177.3560881811725,0.000901902,0.029401497330424214,-0.22377602423518156,12.891017369987551,146167
103.54,147706,208,707,1856,540.2896713299999,-177.61878083131023,0.0009015973333333333,0.029597033546349714,1.77364528847632,12.654850621089757,146624
105.92,148142,208,709,1860,563.5327444999999,-178.58592195056733,0.000901312,0.029944877237791108,-0.6020828661464509,12.853789947146462,147052
108.03,148576,208,710,1864,585.2233225900001,-179.29729107448034,0.0009010246666666667,0.029526273204412843,0.31895536929368973,13.405148429530007,147483
109.4,148953,209,712,1868,601.3841581700001,-182.4249401608029,0.0009007619999999999,0.0291453603202024,-4.846287968996409,13.51597565573615,147877
110.81,149376,209,714,1872,610.55022943,-183.80507817998662,0.00090049,0.02868417771281423,-0.7983539040024216,13.012519802059138,148285
114.23,150001,209,716,1876,615.74734813,-183.61607825677126,0.0009001426666666667,0.028412085877645096,0.21470452144445962,14.004339319191232,148806
117.01,150601,209,718,1880,606.0039720799999,-182.88109777469447,0.0008996686666666667,0.028622386847982313,0.041536191902538336,12.297126765298371,149517
117.55,151032,209,720,1884,607.09984866,-182.36354293823243,0.0008993933333333334,0.029119234550744295,0.6304225754737854,13.090016222000122,149930
119.53,151663,209,723,1888,603.10722776,-185.2749491152556,0.0008990313333333333,0.029625547837223046,0.7962285293185193,12.143204346947048,150473
118.81,152180,207,732,1892,606.86452967,-183.76129150390625,0.000898626,0.02974916789986071,-0.16342769147919828,12.301689796760433,151081
118.44,152629,206,739,1896,605.72735601,-180.681057709914,0.000898322,0.030466053975172915,0.5434982146208103,12.333372033559359,151537
118.78,153075,205,746,1900,606.9927645300002,-180.98438836831963,0.0008980246666666667,0.03032929593680707,0.8138947592372388,12.602792731428568,151983
118.57,153538,203,753,1904,617.2292628399999,-183.17484746427618,0.000897724,0.030237342493656356,1.633471715144622,13.92199356535561,152434
118.78,153938,202,760,1908,633.1388070199998,-184.1372618979596,0.0008974426666666667,0.030520064914797213,0.009087059726106359,12.439523717190356,152856
117.99,154316,201,766,1912,639.2929417299999,-182.5201708735252,0.0008971846666666666,0.03058611865782616,0.1278038304679248,12.852629719948283,153243
117.53,154684,200,772,1916,638.8397499499999,-184.9427451668205,0.0008969386666666667,0.030634090283906068,-1.7204213103095254,13.08415579533839,153612
117.01,155041,199,778,1920,640.10808867,-185.82639011116916,0.0008967006666666667,0.030525958143867726,0.7704455034677372,13.374331640642742,153969
116.74,155401,198,783,1924,641.5829146499999,-185.13747104378635,0.0008964600000000001,0.03032858104466699,-0.5558994301529818,12.509862422943115,154330
116.8,155781,198,785,1928,643.05675717,-188.10684236916163,0.0008962093333333333,0.02993413944157862,-0.445778900577176,12.642020030688213,154706
116.2,156131,198,788,1932,643.83173799,-191.48792942090967,0.0008959693333333334,0.029523767852063836,0.2802693843841553,13.121921341994714,155066
115.42,156528,198,790,1936,643.54548959,-191.26162654097362,0.000895716,0.029391787725911344,1.1397036467829058,14.642913654286374,155446
113.95,156919,198,791,1940,643.5049694,-194.50154169765088,0.0008954546666666666,0.029914587975368587,0.5967785316869754,13.624705542118177,155838
113.39,157424,198,793,1944,648.8064802100001,-193.63331813028415,0.0008951506666666667,0.029577761697136377,-0.3516788850091908,14.30432460732656,156294
112.91,158005,198,795,1948,656.1767060699999,-193.21958664485388,0.0008947699999999999,0.02933992087907557,-0.19734668731689453,14.205925958497184,156865
113.69,158637,198,801,1952,659.4769373,-193.284849398398,0.0008943286666666666,0.02949858484843563,2.151508804690631,13.763910640870904,157527
113.84,159090,197,806,1956,650.9657928800001,-195.35912662082248,0.0008940033333333334,0.029985702969133853,0.9999265975422329,13.417717658148872,158015
112.93,159435,196,809,1960,642.9204125499999,-191.92725203873275,0.0008937773333333334,0.030047948629438104,0.483446834923385,13.546361613583255,158354
112.58,159834,196,813,1964,631.08507673,-194.13421575707125,0.0008935213333333334,0.03029715969979045,-1.3204898374626435,14.441697959440301,158738
114.16,160369,195,819,1968,629.86019751,-193.7233361365811,0.0008931806666666667,0.029749503246689804,-1.0637973618987422,15.506857167954413,159249
113.74,160750,195,823,1972,615.7869268899999,-194.46572170738412,0.0008928946666666666,0.030016635834168987,-2.260436784319517,14.003236434038948,159678
111.61,161162,195,825,1976,606.9821999699999,-192.50307984478707,0.000892624,0.030030932063154415,0.025958931551570388,14.322908030147046,160084
110.9,161691,195,827,1980,625.2037912199999,-194.38398192528965,0.0008923046666666667,0.03053423221267405,0.7637133249620192,14.688820326409372,160563
112.58,162290,195,829,1984,623.40468906,-193.37902153862848,0.0008918859999999999,0.030462021881967415,-1.2523915418136267,14.554807509905027,161191
111.21,162784,195,831,1988,622.4405564499999,-192.19076353503812,0.0008915673333333334,0.030299320126012448,0.5246648346224139,14.787971696546,161669
110.56,163236,195,834,1992,619.14922684,-192.0262749195099,0.0008912453333333333,0.03010149059991818,0.39806280098855495,14.378532312810421,162152
111.52,163781,194,840,1996,619.1081720399999,-192.207265504649,0.00089092,0.030350749774403135,0.11951028125386842,14.603379189128606,162640
113.34,164409,194,846,2000,612.89095578,-192.5906322204989,0.0008904813333333334,0.030231320646171476,-1.4011544203446582,14.997057503344966,163298
114.02,164940,193,852,2004,604.52101522,-192.42798011814622,0.0008900986666666667,0.02993714720963343,-0.18054642524893424,13.75368833759604,163872
113.96,165334,192,856,2008,605.17026511,-190.9304646578702,0.0008898466666666667,0.029540104791522026,0.6977405940944498,13.333043358542703,164250
113.97,165713,192,860,2012,608.2991409699999,-188.82664749470163,0.0008895873333333333,0.029636592663666035,0.7484204096997038,12.975038041459753,164639
114.24,166108,192,864,2016,610.1040869099999,-189.19298746128274,0.0008893246666666667,0.030170715724428494,1.262650510879478,13.53872356029472,165033
114.59,166500,191,869,2020,607.7739260899999,-188.13507947054777,0.0008890573333333334,0.030355821596458554,0.7379229265180501,13.594563787633723,165434
114.28,166829,191,872,2024,601.5597551100001,-188.3119849180564,0.0008888359999999999,0.030551760791777037,-0.8611056254460261,13.52645074404203,165766
113.97,167178,190,876,2028,597.1696190099999,-184.7160698784722,0.000888604,0.030472396769457392,-1.4494491828812492,12.724395275115967,166114
113.92,167523,190,879,2032,593.06594949,-186.01769638061523,0.0008883760000000001,0.0301895769135583,-2.377625408626738,12.744169746126447,166456
113.65,167893,189,883,2036,595.48111516,-186.68506690131292,0.0008881360000000001,0.029915211577382354,-0.9785647809505462,12.974011739095053,166816
113.66,168285,189,887,2040,600.20381894,-188.8177437470338,0.0008878713333333334,0.029828819367930155,0.12838576497318588,12.842516676287785,167213
113.88,168812,189,890,2044,604.0526617600001,-189.3791096150374,0.000887578,0.02942332803827374,-0.6561356181857967,12.950569457366687,167653
113.54,169359,189,894,2048,613.78805428,-191.05293524069864,0.0008872113333333333,0.029343712418416483,0.4687057831248299,12.68722312958514,168203
112.28,169865,189,896,2052,617.85870082,-187.05572388235447,0.0008868346666666667,0.029351730130415046,0.7364242343248519,12.754398590695542,168768
112.54,170344,189,898,2056,623.4172884300001,-185.87927893872532,0.000886512,0.02951067519145754,0.7130499347200934,13.210854800242299,169252
113.96,170831,189,900,2060,621.32026733,-187.24267802107224,0.000886196,0.029164721762095024,0.33112370749132347,11.994348053538472,169726
114.74,171308,189,902,2064,625.4378917900001,-186.51843314335264,0.0008858746666666667,0.0290881282296674,-0.7964886992142118,11.112193477564844,170208
113.89,171758,189,906,2068,625.2082855900001,-186.84307690056002,0.000885572,0.029589072383027906,1.110591785031922,12.118659992607272,170662
114.39,172189,188,911,2072,638.91228368,-187.24399384355124,0.0008852759999999999,0.030116599728971457,0.20696695715980193,12.654865838785087,171106
113.96,172558,188,915,2076,656.4443610599999,-187.8341614405314,0.00088501,0.030121153977233917,-0.6268379104634126,12.455042630434036,171505
112.56,172947,188,919,2080,657.2282184799999,-188.08913882416073,0.0008847673333333333,0.030185120936372493,-1.8249382512404186,12.486145265031569,171869
110.29,173319,187,922,2084,660.42232856,-188.73459895964592,0.000884516,0.029902604839173695,-0.1599578421602967,13.47397207444714,172246
109.07,173691,187,924,2088,666.63575727,-189.05106613483835,0.000884272,0.029949881909216974,0.03227852823886466,12.841422172302895,172612
109.3,174166,187,926,2092,674.2047004499999,-192.72430446458898,0.0008839933333333333,0.03012512966018656,-0.2875398646230283,13.030650006169859,173030
109.97,174778,188,928,2096,679.8746060799998,-194.4250811663541,0.0008835840000000001,0.02953722736459564,-0.4616011983968995,12.977635047652505,173644
110.52,175461,188,931,2100,681.5533907699999,-193.04141624301087,0.0008831286666666667,0.02931746581167567,0.08216445742089765,12.842054977915645,174327
111.82,176122,188,933,2104,690.1298421900001,-190.40850055028523,0.0008826906666666666,0.02985778333688224,0.15876965800290385,12.616734262496706,174984
113.34,176668,188,936,2108,691.4970198399999,-188.93973684310913,0.0008823,0.030140293500153348,1.0274739358574152,13.51154363900423,175570
114.37,177150,188,938,2112,696.4243003,-192.88322392216435,0.000881968,0.030181616492983367,-1.277069185619001,13.319428947236803,176068
114.5,177558,188,939,2116,695.8980680600001,-190.53161848352312,0.0008816946666666667,0.03013088243042535,1.036674935766991,13.845503096884869,176478
114.61,177961,189,941,2120,698.36129473,-192.67266621309167,0.000881418,0.030020987341070875,-3.1641329503526876,13.082630185519948,176893
115.33,178362,189,942,2124,691.6684335200001,-193.05022060509884,0.0008811666666666667,0.029900659948135868,-0.011326170328891638,13.642810055703828,177270
115.95,178773,189,944,2128,675.36606718,-191.90202260900426,0.00088089,0.030124147664065713,0.5719463350596251,14.12837087666547,177685
116.7,179193,189,945,2132,670.3631508900002,-193.9958651430972,0.000880606,0.030035296320780978,1.146565859382217,13.0812657158654,178111
117.24,179617,189,947,2136,669.1799039300001,-194.09903265203087,0.0008803286666666666,0.030133693126364818,-0.10976553252599772,13.766123892034141,178527
117.86,180071,189,948,2140,671.1491431600001,-192.32949420383997,0.0008800286666666667,0.02998803150174873,-0.5836414684142385,14.136997418744224,178977
117.76,180588,189,950,2144,671.2792335800001,-194.31902232923005,0.0008797113333333333,0.030242533651752432,0.8758247724750585,13.703463462361118,179453
118.01,181160,190,952,2148,664.95540214,-191.28246688842773,0.0008793266666666667,0.029581894991653306,-0.791230583190918,13.365721116747174,180030
118.94,181759,190,955,2152,664.27741699,-192.6010240195454,0.0008789273333333334,0.02986189341037602,-0.9884987788787787,13.209915085115295,180629
119.5,182294,190,957,2156,665.6282405,-191.07960348982152,0.000878572,0.030132953153271986,0.026862839373146614,13.120367468857184,181162
119.76,182807,190,959,2160,673.65567007,-192.87325204702523,0.0008782093333333333,0.03004770619938007,-0.3741038890985342,12.333730682959924,181706
120.14,183322,190,961,2164,683.2436225700002,-192.68401760525174,0.0008778726666666667,0.030122093378733367,0.11444780205050085,12.643338146372738,182211
121.25,183883,190,963,2168,687.4462396600002,-193.44411039352417,0.0008774866666666667,0.030070963618345558,0.5642529644072056,12.34168208837509,182790
121.05,184294,190,965,2172,695.1171996900001,-196.04366649280894,0.0008772006666666666,0.02985755611549724,-0.5389656457034024,12.795523617484353,183219
122.0,184758,191,967,2176,695.36564994,-194.68307063264666,0.0008769086666666667,0.02971519257451566,-1.209009347659237,12.438231963031697,183657
122.19,185166,191,968,2180,690.0535691400001,-193.05244271797045,0.000876618,0.02937480057344625,-0.6032700068072269,12.457262867375425,184093
122.69,185588,191,970,2184,685.9295811999999,-192.04277668524225,0.0008763446666666667,0.0288156531580271,-0.9947984371710261,12.653640764568923,184503
123.6,186051,191,972,2188,689.3798587899998,-191.7396502950917,0.0008760426666666667,0.02864443421687769,-0.11237090877864672,12.903653318985649,184956
123.8,186546,191,973,2192,688.9752520400001,-195.32095237669907,0.0008757333333333333,0.029059057994707812,0.18545375994550503,12.41972685247902,185420
124.1,187188,191,976,2196,692.5613317799999,-193.57860076121796,0.0008753093333333333,0.029442223254591227,-0.19229256342618894,13.140319781425672,186056
124.62,187923,191,978,2200,710.0235391899998,-193.48161173502604,0.0008748573333333334,0.02926980332781871,0.5962843489646912,12.788457495371501,186734
125.13,188635,192,981,2204,718.5196705399999,-193.01149492678434,0.0008743966666666667,0.029588195475061304,-0.33860279619693756,13.19183593729268,187425
125.86,189254,192,983,2208,716.2209387500002,-193.9835641524371,0.0008739266666666667,0.029328473090358517,-0.44663933533079486,12.678581469199237,188130
126.16,189766,192,986,2212,691.7338138300001,-194.22968713168441,0.00087354,0.029459302088823813,1.4281934669305538,13.638187564652542,188710
127.78,190336,192,988,2216,685.52851079,-195.8735824976212,0.000873196,0.02996910100755019,1.8067340040818238,14.486487877674591,189226
129.13,190874,192,990,2220,689.3193463499999,-197.24894205729166,0.000872818,0.030381933442856137,0.42170194732515437,15.44115894719174,189793
129.18,191280,192,991,2224,702.9324166800001,-196.74869492474724,0.0008725393333333333,0.030205731115796986,-0.7613219513612635,15.88545648724425,190211
129.77,191750,192,993,2228,727.5713659300001,-199.68030532836914,0.0008722446666666666,0.030461299251765012,0.8809060424566268,13.880897121429443,190653
129.74,192167,193,995,2232,740.07713276,-196.33951769377055,0.0008719526666666666,0.03014827860323222,0.2542609729264912,14.863903823651766,191091
129.06,192523,193,996,2236,738.9603791899999,-197.24842391054855,0.0008717006666666667,0.029916429748901956,-0.3415985545541486,14.328390749091776,191469
129.18,192989,193,998,2240,738.0214747500002,-196.13850375825325,0.0008714233333333333,0.02920499692910013,0.8377375602722168,13.823716619373423,191885
129.11,193499,193,1000,2244,738.7110137900002,-195.02903732744235,0.0008710953333333334,0.029414813368789202,-0.5646808436773356,14.375705413448001,192377
129.2,194080,193,1002,2248,742.8655913399999,-198.23936913230202,0.0008707186666666667,0.02969139932908795,1.1007461732987203,13.860777081865253,192942
130.89,194848,193,1005,2252,744.7931431399999,-199.00394644056047,0.000870202,0.030337686916547164,-0.24339968924011504,14.756577551364899,193717
130.79,195373,194,1006,2256,744.4962413399999,-202.91633224487305,0.0008698493333333334,0.03033803934576335,0.5539496712110661,14.580150780854401,194246
130.78,195885,194,1008,2260,748.3230758800001,-199.89857948827378,0.0008694973333333334,0.030613739669095467,0.011609034683868175,15.106516634234945,194774
130.6,196382,194,1010,2264,746.2682873599998,-203.08314634050643,0.0008691653333333334,0.031045603698917797,1.0209925549370902,15.157638338633946,195272
129.76,196859,194,1012,2268,744.0107562599999,-204.18836975097656,0.0008688406666666667,0.03139890420461903,-0.12666361722625605,15.42295118540275,195759
130.89,197383,194,1014,2272,731.26480301,-204.3099150321853,0.000868494,0.0308500702925761,0.37994162381534846,15.01202727707339,196279
131.11,197869,194,1016,2276,718.3572866200001,-206.18985102726862,0.0008681693333333334,0.030814204428695206,-0.0919271702440376,14.096510561103495,196766
132.03,198369,194,1018,2280,721.42405163,-205.66548673189604,0.000867834,0.030609174674520127,0.5343289687083318,14.573776208437407,197269
132.11,198799,194,1020,2284,726.6538724399999,-207.11766555786133,0.0008675293333333334,0.030468051396310328,-0.26487698197364806,17.281439304351807,197726
131.53,199204,194,1022,2288,724.4450127000001,-207.74056916189664,0.0008672673333333334,0.03068989996641579,-0.6764226915812729,14.553912219434682,198119
130.6,199606,194,1023,2292,718.8703294999999,-207.92559560139975,0.0008669886666666666,0.03050166678925355,0.013744564851125081,14.274711259206136,198537
127.77,199965,194,1026,2296,708.4904815900002,-208.08378883030105,0.0008667493333333334,0.03030117740854621,1.1748891084090523,14.260209601858389,198896
124.5,200373,194,1030,2300,698.70262805,-207.21506214141846,0.000866484,0.031032536547475804,-1.7318575121462345,16.32837559779485,199294
121.09,200744,194,1034,2304,685.19502791,-207.0168168441109,0.000866236,0.03125299323026253,1.653466241515201,15.078380812769351,199666
119.59,201213,193,1039,2308,693.3471615,-209.9812538349523,0.000865938,0.031142508660533787,2.37031453056673,16.078772814927902,200113
119.39,201705,193,1042,2312,712.62614021,-209.88116546860314,0.000865614,0.031093335689458632,0.9433466836922151,15.89736640901494,200599
120.68,202404,193,1045,2316,713.7439511099999,-212.125105565908,0.0008651746666666667,0.031241164381178667,0.362985580551381,16.253592418164622,201258
121.31,203005,193,1047,2320,708.69302444,-213.84471617353722,0.0008647653333333334,0.03193787667662539,-0.9255615743339485,16.280967056328524,201872
122.8,203560,193,1049,2324,707.06715064,-214.84921189955065,0.0008643866666666666,0.032310131442296754,0.1222955030161184,16.789032829391374,202440
124.34,204184,194,1052,2328,699.38205307,-215.79433638566024,0.000863988,0.03244685095090132,0.3634766244388127,17.264323481313,203038
125.45,204712,194,1054,2332,702.96621825,-216.39127797528732,0.000863606,0.03211032072744094,0.6516523883362447,16.756436836620992,203611
126.66,205189,194,1055,2336,706.90808463,-215.9099953634697,0.00086328,0.03252166081546692,-0.8747078922756931,17.50812594095866,204100
126.6,205649,194,1057,2340,711.27060727,-215.72034358176865,0.0008629813333333333,0.032209220177987045,-0.168487635981135,16.443781988961355,204548
125.92,206091,194,1059,2344,713.3097585699999,-216.06043871711282,0.0008626793333333334,0.031563483872542195,0.7387329152986115,16.03717545902028,205001
124.88,206568,194,1061,2348,714.75904659,-214.099489401315,0.0008623726666666667,0.031407347403978575,-0.10970447809641598,16.311392412840863,205461
121.55,207003,194,1062,2352,702.5447932000002,-217.38265219502065,0.0008620593333333334,0.03145851597361181,-0.08702837598734889,17.456725701518444,205931
120.46,207419,194,1064,2356,691.6949943,-217.27398040771484,0.0008617986666666666,0.03217330895364284,-1.4480215048789977,16.83612811088562,206322
119.61,207846,194,1066,2360,678.60975878,-218.15379273657706,0.0008615086666666667,0.03214652116830442,-0.4993700268221836,17.34003886989519,206757
121.65,208547,195,1068,2364,672.6854073099998,-221.2284799233461,0.0008611166666666666,0.032216670063252635,0.26930651221519863,18.07290567495884,207345
123.91,209250,195,1071,2368,680.0680002499997,-221.69440449305944,0.0008605833333333334,0.032455985780273165,0.7610797303063529,17.952577107293266,208145
125.88,209971,195,1073,2372,695.3134435699999,-224.7097023734211,0.0008601073333333333,0.032929370873165824,0.559710088437491,18.450499652946082,208859
127.64,210633,195,1076,2376,705.9106237699999,-225.31676241246666,0.0008596786666666668,0.0327351545097261,-0.12881251515411749,18.157454822121597,209502
129.25,211294,195,1078,2380,706.5469095000002,-227.0224430250085,0.0008592533333333333,0.0322998180931461,-0.16270951084468677,17.222530005634695,210140
131.16,211915,195,1081,2384,708.12247492,-226.01003638497235,0.0008588146666666667,0.03227561840066945,-0.9445726297197551,17.692521645204863,210798
132.12,212416,196,1083,2388,699.9067879199999,-227.3717725200038,0.000858502,0.03217479382311144,-1.0193301791785865,16.775578119421517,211267
132.74,212880,196,1085,2392,701.4805734099999,-225.33168775385076,0.0008581766666666667,0.032087519256906075,1.6928214322436939,17.82170511375774,211755
133.05,213270,196,1087,2396,709.0080649699999,-222.54556259155274,0.0008578846666666667,0.03294747345149517,0.6436056542396545,20.108303565979003,212193
133.34,213707,196,1090,2400,717.0041871000001,-223.1259924036856,0.0008576026666666667,0.03295360042052414,0.03539794046460217,17.234968374703676,212616
133.77,214121,195,1094,2404,730.65662486,-223.51962875366212,0.0008573173333333333,0.0327737607806921,-1.1909950602054595,16.357606649398804,213044
133.16,214529,195,1099,2408,723.46547967,-220.72734160470492,0.0008570526666666667,0.03265878329477688,-1.680240311244927,16.63747262482596,213441
132.93,214998,195,1101,2412,724.6070909199999,-220.23026506290879,0.0008567506666666667,0.03197629995239797,0.699829942496248,16.536042198654293,213894
130.94,215498,195,1103,2416,733.71352378,-219.24850071177764,0.000856406,0.032704975866876984,0.5790600228835555,16.690309727893155,214411
129.22,215927,195,1105,2420,730.3031166600001,-222.60529272896903,0.0008561153333333333,0.032542821186195524,-1.4631652970399176,16.61593689237322,214847
128.33,216393,195,1107,2424,723.5853294299999,-222.8069610595703,0.0008558173333333333,0.03238806002322705,1.136284868563375,17.774715492802283,215294
126.8,216864,195,1108,2428,724.78536089,-223.2003289584456,0.0008555013333333333,0.03261867412847692,-0.3321078573835307,16.965735838331025,215768
126.69,217381,195,1110,2432,721.37087535,-223.12556601261747,0.0008551633333333333,0.032829954545351044,0.41565407013547595,17.858014936032504,216275
127.59,217948,195,1112,2436,715.4993926000002,-227.0788293585077,0.0008548086666666667,0.03321754791728267,-1.1642566652564736,17.49534046733296,216807
128.65,218514,195,1115,2440,707.2668706700001,-228.9817526112432,0.0008544226666666667,0.033424597330715344,0.9672463385955147,18.650133414890455,217386
130.07,219098,196,1117,2444,702.26584081,-228.43111177770103,0.0008540326666666667,0.03389339367064034,-0.6915526128396755,17.999384536975768,217971
131.52,219720,196,1119,2448,700.69624818,-232.14525229101022,0.0008536246666666667,0.033599682502160416,0.4060212301285886,20.17768654375445,218583
134.22,220425,196,1122,2452,712.8558938699998,-229.74388643590416,0.000853136,0.03373942265241611,-0.05951395340082122,18.159454304997514,219316
135.57,220976,196,1124,2456,726.4453482000001,-231.3810491837518,0.0008527593333333333,0.03288440895132247,-0.1324076645636145,17.25180832085582,219881
135.92,221438,196,1126,2460,723.2488550600002,-232.89450857179975,0.000852434,0.032957411037945965,0.38241639596606614,17.42383621810773,220369
134.21,221968,196,1128,2464,722.2906920400003,-230.23106106844816,0.000852112,0.03266458314928142,0.05036377184318774,18.42765931216153,220852
133.74,222624,196,1130,2468,719.8352429599998,-229.97295111851977,0.0008517093333333333,0.0333501643791104,-0.30130762532846816,17.952768711064824,221456
135.75,223546,197,1134,2472,737.9658330699998,-227.23533720917754,0.000851072,0.03347616576395192,-0.07220772295207768,17.60351737514957,222412
136.16,224249,197,1136,2476,743.3213829099998,-227.24885056138706,0.0008505979999999999,0.03275721189279796,0.9715414420186474,18.328207197136052,223123
135.88,224882,197,1139,2480,751.5716627700001,-229.1923024062569,0.0008501526666666667,0.0331734336172858,-0.9236761788104443,19.10032352826274,223791
135.13,225428,197,1141,2484,749.4296982399999,-229.1057322025299,0.0008497913333333334,0.03298540867399424,1.2239380334503949,19.111425518989563,224333
134.14,225830,197,1142,2488,753.57282623,-228.9465156689025,0.0008494993333333334,0.032908976666237176,2.319667021433512,20.574747462021676,224771
134.07,226287,197,1144,2492,751.0311132899999,-227.32363521351533,0.0008492113333333334,0.03273465095416588,-0.9078324708868476,18.649163372376385,225203
133.69,226639,197,1145,2496,749.22258959,-229.64326193166335,0.0008489713333333333,0.032413868710052134,-0.7345434025276539,17.084661239801452,225563
132.79,226986,197,1147,2500,741.97750378,-226.36260508341962,0.0008487306666666667,0.032355792685804595,-0.3468398300998182,18.529727315328206,225924
132.47,227368,197,1148,2504,733.38376342,-226.08921813964844,0.0008484786666666666,0.03261701929792066,0.4220568587846845,19.384826339293863,226302
132.15,227744,197,1150,2508,736.03633851,-224.42360671685665,0.0008482260000000001,0.03344268906785517,-0.8592520745433107,18.74441807610648,226681
131.33,228131,198,1151,2512,737.6622678899998,-225.46012024485736,0.0008479773333333334,0.03311580990295891,0.6350623773872306,18.560690923568306,227054
130.84,228582,198,1153,2516,743.8055760700001,-227.32775522392487,0.0008476793333333333,0.03258479031446938,0.3574609455661239,18.990632779130312,227501
130.91,229018,198,1155,2520,758.35146603,-226.32052126797763,0.0008473893333333333,0.032573156532916155,-0.47589320594614204,24.19778888875788,227936
131.34,229527,198,1158,2524,763.53461461,-228.06318635206955,0.00084705,0.03211605701691065,-0.7545616515935996,18.588686826901558,228445
132.01,230065,197,1163,2528,768.3296883500001,-228.93776692429634,0.0008467193333333334,0.03188341843244964,-0.7460774828309882,17.43150558210399,228941
133.16,230697,197,1170,2532,770.6405655200001,-225.35808083237401,0.0008463213333333334,0.03174424502036429,0.07710139167229861,18.26755967045462,229538
134.0,231348,196,1177,2536,784.4130925999999,-224.61175830547626,0.000845884,0.03218909539282322,-0.3142350103992682,18.599947635944073,230194
134.96,232010,195,1184,2540,797.8960271800001,-225.94531518184777,0.0008454193333333333,0.03230716689969554,-0.06836756359447133,18.626583660010134,230891
136.21,232719,195,1190,2544,804.5394798099999,-227.1085832584539,0.000844934,0.031922276534096024,-0.11881428710102329,18.93881099746072,231619
134.12,233132,195,1193,2548,798.92390489,-224.71576000395277,0.0008446346666666667,0.03217266659651484,-0.5352459739124964,19.164575909811354,232068
130.23,233448,195,1194,2552,794.8426824300001,-228.73318563481814,0.0008444226666666667,0.03219090161785003,-0.22260000821082823,21.176413402762464,232386
129.18,233894,195,1196,2556,792.34590524,-223.06027221679688,0.000844136,0.03226008619537059,-0.4719842475714143,19.13234626140791,232816
129.02,234340,195,1197,2560,814.56115272,-223.7042745736929,0.0008438453333333333,0.03232307038628138,0.28455075759154097,17.82633088185237,233252
127.77,234745,195,1199,2564,827.8937268899998,-220.47195688883463,0.0008435726666666666,0.0323613472648111,0.8285247040729896,17.965901692708332,233661
125.64,235188,195,1201,2568,831.6514621899998,-222.34793860633093,0.0008432806666666667,0.0322360296037283,0.13237899327063346,18.470908242302972,234099
121.76,235722,195,1202,2572,818.88675564,-222.3384030174663,0.0008429473333333333,0.03188027632031732,0.9041781944172983,19.422993645413232,234599
122.59,236508,196,1205,2576,824.0130697100001,-223.3554934891018,0.0008425320000000001,0.031994623964178494,0.6122371840053762,17.12077616516655,235222
122.77,237159,196,1208,2580,823.03724104,-223.96702241061027,0.00084198,0.032023063926189616,1.508822870881934,17.34583390386481,236050
124.3,237858,196,1210,2584,825.50738636,-224.60612605168268,0.0008415646666666667,0.03278707567003224,-1.0926962690753537,17.98121934503942,236673
126.78,238508,196,1213,2588,828.1630044399999,-227.24864794921876,0.0008411293333333334,0.03253357231616974,1.312328417301178,19.365418640136717,237326
129.34,239221,196,1216,2592,845.15384167,-226.7042711192164,0.000840604,0.03311760203334792,-0.8739731280968107,18.586238359582836,238114
130.04,239643,196,1217,2596,855.4249139599998,-231.54071102502212,0.0008403053333333333,0.033059047921648564,-0.008133012168812301,19.595068562705563,238562
130.7,240056,196,1219,2600,859.3271348599999,-229.20489167712984,0.0008400266666666668,0.03356138027849651,-1.1562621457236153,20.244131378900438,238980
131.2,240488,196,1220,2604,855.5786232599999,-234.56706777245108,0.0008397360000000001,0.033697377514056485,-0.6161669275977395,20.980399969852332,239416
131.45,240889,197,1222,2608,849.9177548399999,-233.48500863301385,0.000839476,0.03343120201961281,-0.4652718907779025,26.78298802719903,239806
131.69,241300,197,1223,2612,843.56882136,-232.30996302554482,0.0008392066666666666,0.03319465902290846,0.1087718687559429,20.416353998686137,240210
131.49,241731,197,1225,2616,829.05189901,-230.084882701527,0.000838918,0.03321572504937649,-0.23208775249394503,19.832512482729825,240643
131.65,242183,197,1227,2620,823.79949811,-231.54620494539776,0.0008386146666666668,0.03348118117049573,0.9118745946694934,22.032986603085956,241098
131.12,242639,197,1228,2624,831.04539219,-231.79928460522234,0.000838314,0.03277504189966995,-0.6071138727330716,18.73947391331753,241549
130.24,243089,197,1230,2628,826.1859877399997,-233.18054292098336,0.0008380146666666667,0.032877042760019716,0.8900453811106475,19.009914713320526,241998
128.86,243583,197,1232,2632,815.84969776,-232.18154364972077,0.000837702,0.033149609727061484,-1.5962363323889488,19.952119622348754,242467
127.8,244128,197,1234,2636,811.0890052,-232.69125244515075,0.0008373373333333334,0.032848215176283946,-0.3800203449155655,19.86554029382811,243014
126.75,244685,197,1236,2640,809.75833078,-232.49537703902632,0.0008369753333333333,0.03278108346793387,0.3793618255191379,19.036258457325122,243557
125.22,245241,197,1238,2644,817.6589517700002,-229.94018566992975,0.0008366053333333333,0.03253000533027995,-1.3472665644461108,19.17714693469386,244112
126.58,245790,198,1240,2648,835.9401501,-229.08491958734643,0.000836226,0.03201613870968346,-0.08501062001890809,18.391858268330115,244681
130.61,246509,198,1243,2652,853.2954900100001,-227.93104073660714,0.0008357613333333333,0.03210344589537098,0.003800744102114723,17.706883553096226,245378
132.91,247185,198,1245,2656,862.8756474399997,-229.16082751934346,0.0008353826666666666,0.03227745730143327,-0.8598682041351612,18.015913105010988,245946
135.53,247893,198,1248,2660,853.5072609299999,-229.35714894420695,0.0008348486666666667,0.032054794518827645,0.7261888988362918,17.95116059885085,246747
137.88,248533,198,1251,2664,843.0562807300001,-229.2090117890956,0.0008344186666666666,0.03211492716760959,0.643617763020898,18.727483022010933,247392
139.25,249113,198,1253,2668,837.5735886399999,-226.23555693079214,0.0008340013333333334,0.03215960364361278,-0.7872812298477673,17.48670148067787,248018
138.45,249567,198,1255,2672,832.4135041,-226.78610577790633,0.0008337026666666667,0.03182347633106553,-2.1843302612719326,18.421818546626877,248466
135.4,250048,198,1257,2676,825.6024716199998,-226.2644440380495,0.0008333753333333334,0.03178531304001808,0.9746558692917895,18.58555541109683,248957
133.38,250497,198,1259,2680,824.2661660100001,-225.95511972802316,0.0008330733333333333,0.031761474238756374,-0.030928812475285977,17.821566092662323,249410
133.44,251202,198,1263,2684,836.0331470599999,-227.22294006347656,0.0008326973333333335,0.03170198824475793,2.8137016135103563,17.887645609238568,249974
133.12,251820,198,1271,2688,830.8196230399999,-227.00356642926326,0.000832224,0.031851269579568846,-2.5788557744417036,17.842478204946048,250684
132.08,252429,197,1275,2692,824.9659525899999,-226.88929515414767,0.0008318300000000001,0.031175090323409274,0.0012289492620362176,18.296922716829513,251275
135.1,253153,198,1277,2696,825.3464488699999,-224.49272567924413,0.0008313573333333333,0.031036999558323418,1.0642720001867447,18.404682817130254,251984
137.91,253847,198,1280,2700,840.7977848899998,-223.38746619711117,0.0008308773333333334,0.03115672412879613,0.14143594460827963,19.96039018825609,252704
139.69,254457,198,1282,2704,860.4845234200001,-224.00582096852412,0.0008304766666666667,0.0314808307583032,-0.26188675805824957,19.875011424629054,253305
142.84,255173,198,1285,2708,872.04382805,-224.5932573160164,0.0008299826666666667,0.0315861653816323,-0.058571931166139984,17.591098121974778,254046
145.34,255834,198,1288,2712,882.23345836,-224.70131805280573,0.0008295513333333334,0.032077140357668545,0.6387140503212742,18.14042933564208,254693
146.1,256341,198,1290,2716,888.3384661500002,-226.00648679231344,0.0008291619999999999,0.03312722480806865,0.5627307186001226,19.486895969039516,255277
147.36,256919,198,1292,2720,892.4996627600001,-225.73556208206435,0.0008288473333333333,0.03287761718413587,-1.1015831287634574,22.98181676864624,255749
148.18,257457,198,1295,2724,897.0940071899998,-226.72633576569734,0.0008284133333333333,0.03237632686893145,0.10993226678283126,18.997029269183123,256400
148.37,257926,198,1296,2728,909.97482628,-225.22493684376386,0.000828104,0.03252999222976096,-0.3603171608972211,21.042583972849744,256864
146.87,258270,198,1298,2732,921.6282534099998,-226.32397791282418,0.0008278686666666667,0.03221411442326516,1.2015424118828528,18.533679244444542,257217
148.24,258952,199,1300,2736,930.1434574699998,-226.5877659986467,0.0008275113333333333,0.03227131325883914,0.34268764553941444,18.51395097722862,257753
149.48,259633,199,1303,2740,933.55294835,-225.9960879691372,0.0008270006666666667,0.0321548867987116,0.831512322772442,17.684818166993264,258519
150.29,260270,199,1306,2744,931.0072009499999,-227.2990446617855,0.0008265886666666667,0.03199704285317929,-0.4917481095347572,18.17699550264445,259137
150.95,260885,199,1308,2748,923.0474831399999,-224.94791654029987,0.00082617,0.03191211194910618,-0.42906052096289876,18.37471879046896,259765
149.36,261445,199,1310,2752,919.1291284600001,-224.06111310618792,0.000825784,0.03209482445273289,0.7342513457749241,17.88188810126726,260344
148.36,262021,199,1312,2756,928.6366815299999,-225.1777248525978,0.00082545,0.03181849694565723,0.6075468583214552,17.199102437585815,260845
147.0,262593,199,1315,2760,931.42130328,-226.48910213295932,0.000825024,0.03272876757032731,-0.5098165339893765,18.635297426211288,261484
145.51,263084,199,1317,2764,940.6334795100001,-227.9737786002781,0.0008246793333333333,0.033247856504243355,-0.9552176776139633,20.28312691398289,262001
145.32,263645,199,1319,2768,952.1527311699999,-229.7431580563809,0.000824334,0.03383362618215541,-1.4021058222080798,20.84676098316274,262519
145.54,264121,199,1321,2772,955.40424042,-235.70813039571297,0.0008239886666666667,0.03411119872657191,-1.2378499457816117,20.17570773693694,263037
144.94,264542,199,1322,2776,960.6170378800001,-235.76517585471825,0.000823712,0.0341626834469261,-0.05542912637745893,24.2749024938654,263452
144.99,264996,200,1324,2780,963.24444483,-236.12008424562828,0.000823412,0.034342507022285015,0.07667569133722893,19.423469588021252,263902
142.29,265431,200,1326,2784,956.2651103899998,-238.4760540461136,0.0008231266666666667,0.033490332474900505,-0.03636371584261878,19.902659424280717,264330
141.49,265969,200,1328,2788,971.9141599600001,-235.63375888151282,0.0008227800000000001,0.03317916637067409,-0.25524894454899955,21.557781969799716,264850
141.34,266563,200,1330,2792,972.4650937900001,-239.24897972060128,0.000822394,0.03282960214040762,-0.4675752575412118,19.597587597150746,265429
139.71,267124,200,1332,2796,971.3987706300001,-236.7119507291424,0.0008220113333333334,0.0324998963624239,0.2725368889410104,19.31883583495866,266003
138.34,267681,200,1334,2800,965.84141852,-235.20717171743405,0.0008216493333333334,0.03226014860766999,1.1776091325367597,18.361898239622725,266546
138.29,268286,200,1337,2804,953.8613436399999,-234.51152724362493,0.00082123,0.03259303447989265,0.22504655028996842,20.112837609280362,267175
135.53,268726,200,1340,2808,952.39555249,-234.4513366419241,0.0008209253333333333,0.032757621121789336,-1.1458037282348772,18.701577606551144,267632
132.25,269059,200,1344,2812,951.4253600099998,-234.17085511657012,0.0008206833333333334,0.033185453635865246,0.512668621951136,21.61960366128505,267995
130.61,269402,199,1348,2816,958.2951821500001,-236.48079123863806,0.0008204506666666667,0.03338908615450446,0.48710125799362475,20.88443013337942,268344
130.86,270005,199,1354,2820,959.97121867,-234.4654385455243,0.0008200906666666666,0.033281901536823866,-0.02332632340394057,22.520298109426125,268884
130.36,270493,199,1358,2824,966.0829236299999,-234.57555529785157,0.000819736,0.033225198954343796,-1.8679952669143676,19.522471855163573,269416
130.5,270976,199,1361,2828,969.06928934,-239.23268443614512,0.0008194246666666667,0.03321903890317625,0.9061527617342837,21.51019660846607,269883
131.78,271448,199,1362,2832,972.27905111,-239.24524828592936,0.0008191186666666667,0.03312101736664772,0.35124627004067105,18.710337607065835,270342
129.88,271940,199,1364,2836,976.6770612,-238.79716396331787,0.000818778,0.03317281775525771,1.253782210405916,19.975223518908024,270853
130.25,272658,199,1367,2840,973.9637228600001,-241.8736716699964,0.0008183753333333334,0.03421395442640508,-3.023632259769294,21.752294751524015,271457
130.1,273280,199,1369,2844,964.0435246300002,-244.173772070692,0.0008179106666666667,0.034098227580748694,0.25516132987224993,22.00312375775273,272154
131.62,274047,199,1372,2848,958.2732325100001,-245.75595401284474,0.0008174253333333334,0.034245221320885776,-0.1859165856747028,21.793262950709607,272882
133.19,274764,199,1375,2852,959.9305303800002,-244.4971162857548,0.000816958,0.03386017478281452,-0.1818942346880513,22.40621974083685,273583
132.84,275305,199,1377,2856,957.6000158800001,-244.80877685546875,0.0008165486666666667,0.03390565243877953,-0.5758909801785037,22.429086369576215,274197
132.75,275868,199,1379,2860,965.3751260500001,-247.91074963150737,0.0008161733333333333,0.03410850148473945,-0.500937876300277,23.093181752712926,274760
131.44,276228,200,1380,2864,956.0296096100001,-247.76212204334348,0.000815908,0.03407297283411026,0.41392280473265536,21.841932097146678,275158
129.68,276613,200,1382,2868,936.5755250199999,-247.70251701873482,0.000815652,0.03423170354759809,0.7788827610247343,22.71344625602648,275542
130.75,277196,200,1384,2872,934.9274852300001,-247.14509620476719,0.0008152906666666666,0.03353845974921587,-0.8523790596136406,20.80325366727155,276084
131.96,277738,200,1386,2876,934.2799109800002,-246.94420714876546,0.0008149293333333334,0.03335554844963906,0.16883227985296675,20.97571481163822,276626
133.38,278334,200,1388,2880,932.3804587199999,-245.48500493908605,0.0008145439999999999,0.03369634299941942,-0.5419251326973556,22.43433869815042,277204
134.62,278893,200,1390,2884,928.6161777600001,-245.98933739295373,0.0008141613333333334,0.03335911855101585,-1.4600256397173954,22.715788459777833,277778
135.05,279474,200,1393,2888,930.61974001,-242.99345647072306,0.0008137713333333334,0.03333886165399941,-0.27182977053583884,21.36325151093152,278363
135.04,280067,200,1395,2892,932.7122611300001,-243.2408056321487,0.00081338,0.03304049594242588,-0.6880069737340889,22.693526486166164,278950
134.64,280588,200,1397,2896,931.05948357,-247.69073709627477,0.0008130266666666666,0.03319900328429734,0.7329640863387565,20.26730166024309,279480
134.74,281155,200,1399,2900,924.47816989,-245.12023287505107,0.000812634,0.03301974451717209,1.1723986271939246,22.902457617466744,280069
133.16,281602,200,1401,2904,919.9680875899999,-246.30431673420009,0.0008123566666666666,0.033235815868004046,-0.7600221224685213,20.595609309068365,280485
131.89,281915,200,1403,2908,916.7105159100001,-245.8974504862746,0.0008121166666666666,0.03318389260197339,1.0681288323990286,20.937692511571598,280845
132.29,282288,200,1407,2912,912.7280116500001,-247.58963103341586,0.0008118706666666667,0.034189971329847184,-0.13198776705430285,22.5987602271656,281214
133.83,282785,200,1412,2916,897.5957323199999,-249.53819587287,0.000811558,0.034507253067934604,-1.7044705152511597,23.841291127242442,281683
133.89,283394,199,1418,2920,894.94122613,-251.36539788081728,0.000811168,0.03492411752713138,-0.2552394378801872,25.653998046085754,282268
134.33,283926,199,1422,2924,892.5573055199999,-252.73721981048584,0.0008107873333333334,0.03481336827907297,-1.0515213281744056,28.887880471017624,282839
133.97,284373,199,1423,2928,885.2451561,-254.12696203855003,0.000810502,0.03456557567904491,-0.269317087560597,28.093183064224696,283267
133.09,284757,199,1425,2932,871.5451301099997,-257.11197645767874,0.000810226,0.03350426260705875,-0.8392281946928605,25.33894035090571,283681
132.57,285197,199,1426,2936,845.7302281300002,-255.97505217052642,0.000809956,0.033897389719883604,0.057692099752880276,25.496727171398344,284086
130.16,285674,199,1428,2940,832.3749001000001,-253.51959172520068,0.0008096339999999999,0.0337407900994524,-0.7100585578778468,23.426017306266576,284569
130.16,286296,200,1431,2944,841.51831297,-250.98721239301892,0.0008092413333333334,0.033526575166939035,0.91023132039441,23.24734354019165,285158
127.49,286796,200,1433,2948,855.9159793899998,-249.9525453871575,0.000808874,0.034007123549995216,0.16503730459489685,27.64801364014114,285709
125.53,287317,200,1435,2952,859.8591896899999,-246.02251528226412,0.000808542,0.03424977267590853,-0.04962238348447359,24.10069935138409,286207
126.72,287977,200,1437,2956,860.06371303,-248.04573774829353,0.000808136,0.0343009742917781,-0.21724159570084406,23.841335940606815,286816
126.93,288561,200,1439,2960,868.3585232099999,-246.05180911741394,0.0008077133333333333,0.034182135744587235,-0.023543769898621933,23.816908020904098,287450
129.79,289207,200,1442,2964,885.9040162299998,-248.77512859476025,0.0008073160000000001,0.03404365153295066,0.38489997915446467,23.478969132371724,288046
131.85,289798,200,1444,2968,899.83293302,-249.16191646691524,0.0008068806666666667,0.033974171836267816,-0.996952350211866,23.051847550363252,288699
131.18,290314,200,1446,2972,908.85958778,-246.15592248535157,0.0008065346666666667,0.03348483929038048,1.1253978991508484,22.92831716918945,289218
131.33,290871,200,1448,2976,913.62139702,-251.1030510290345,0.0008061906666666668,0.03362117910674259,-0.34739408653173875,26.13546875341615,289734
132.65,291599,200,1451,2980,908.58223377,-249.83252671185662,0.0008057233333333333,0.03401538902540612,0.3690108910105587,27.399190030066794,290435
134.75,292368,201,1454,2984,922.6731553599999,-251.03815260966113,0.0008051906666666666,0.03409277465028368,0.468477833802533,24.556927468366684,291234
135.63,293037,201,1456,2988,925.0607075300002,-253.99313883878747,0.0008047513333333334,0.033943613370259605,0.5207106694072282,23.930621348270755,291893
137.39,293806,201,1459,2992,923.3349018700001,-256.1302022993194,0.0008042653333333335,0.034418149232309056,1.2068858879693547,24.191484652691006,292622
136.32,294220,201,1461,2996,920.32762397,-255.54508612290869,0.00080392,0.03463416318145563,-0.8059954626380272,24.83538825556917,293140
134.89,294644,201,1463,3000,916.1221588199998,-258.4744375850377,0.0008036433333333333,0.034789810647790353,0.12604219725962434,26.20746996161643,293555
135.12,295114,201,1465,3004,926.0804536400001,-259.14442818624934,0.0008033533333333334,0.034800797243390164,1.0471739329789813,27.001511239168938,293990
137.89,295704,201,1470,3008,940.50855016,-261.54053646982004,0.000802944,0.035260832124349606,-0.6633604907533198,26.16212096510892,294604
138.73,296161,200,1476,3012,950.56323831,-263.3460070292155,0.00080262,0.035657998112340765,0.881846163670222,27.52424046198527,295090
138.35,296620,200,1479,3016,968.4585166,-263.9081617786038,0.0008023493333333334,0.035335933429098895,-0.7019245465916972,27.752800449248284,295496
137.71,297165,200,1482,3020,963.51250314,-265.11987921532165,0.0008019706666666666,0.03633846012307397,-1.0216960078435586,29.90725354945406,296064
137.73,297699,200,1484,3024,949.25759402,-269.6734425733044,0.000801624,0.03701622933623897,1.3467457666518583,31.345222801159903,296584
140.08,298381,200,1486,3028,934.34202208,-270.3082002151844,0.0008012053333333333,0.036368369233123095,-0.42634189821952995,29.902521621349248,297212
141.9,298947,200,1488,3032,947.72500872,-269.5766935348511,0.0008007926666666667,0.03620924932571749,0.1550352325042089,29.62126390139262,297831
143.19,299516,200,1491,3036,970.29789902,-270.9717042296083,0.0008004013333333333,0.03607996475029659,0.6076007189450564,27.132919524933076,298418
144.63,300137,200,1493,3040,985.0865099500002,-267.2905634410346,0.0008000233333333333,0.03665573833816087,0.09265157713818906,27.60922923016904,298985
143.58,300654,201,1495,3044,994.0556960299999,-269.312675662157,0.0007996520000000001,0.036710408281504625,-1.030234829197085,27.44113117311059,299542
144.83,301279,201,1497,3048,991.63932655,-266.83207175072204,0.0007992653333333333,0.035920851685582324,0.20065111175496528,27.73446154087148,300122
143.11,301628,201,1499,3052,965.3731728199999,-262.8390160585061,0.000798962,0.035532951880341924,-0.6426342202302737,27.929251230680027,300577
139.4,301917,201,1500,3056,933.8323895299999,-265.0788073472574,0.0007987706666666666,0.03609075287068394,0.22860696450085707,26.148852603536255,300864
136.89,302250,201,1501,3060,903.6327734,-265.26050940619575,0.000798558,0.035688372494445904,-1.1947393417358398,27.085992325676813,301183
134.27,302634,201,1502,3064,884.2381262500002,-261.2588387766192,0.00079831,0.035185338468641365,-0.8784382458656065,24.282687115412887,301555
132.89,303087,201,1504,3068,881.33971703,-260.0001678466797,0.000798016,0.03467384700337027,-0.5048487400397276,25.00291359730256,301996
133.28,303642,201,1506,3072,881.6096253700001,-257.99757793587696,0.0007976633333333334,0.03447166216415419,0.10830020820590812,25.877588272094727,302525
135.07,304378,201,1509,3076,886.8835173900001,-260.1690515497679,0.000797214,0.03465523576784518,-0.4051450446087827,23.727926961837277,303199
133.45,304944,201,1511,3080,895.50215546,-256.32404598113027,0.0007967693333333334,0.033926686011655355,-0.46196590828639206,23.829018603089036,303866
130.69,305437,201,1513,3084,894.8363446999999,-257.18974315671994,0.0007964553333333333,0.03377952219400191,-0.6878296172708497,22.087722900218534,304337
130.11,306048,201,1515,3088,897.6390503599999,-255.7463150529672,0.0007960893333333333,0.033256998174632624,0.07934324078212511,22.342874110139757,304886
129.15,306721,201,1518,3092,904.93689377,-255.18305179292122,0.0007956333333333333,0.033792579596021534,-0.11396949059140365,22.22074487568003,305570
132.27,307447,202,1521,3096,912.3844210799999,-255.52467863438494,0.0007951406666666667,0.03371520537756762,-1.1657081074633842,21.182199365001615,306309
136.03,308247,202,1524,3100,931.6102960899998,-257.04200032552086,0.0007946266666666667,0.033652153859535856,-0.9723092426194085,22.072457826402452,307080
138.52,308966,202,1526,3104,940.5861328199999,-253.57051570995435,0.0007941993333333334,0.03367428461442123,-0.1887740098141335,21.638382402626245,307721
138.63,309567,202,1529,3108,934.6895703899999,-257.2556847812367,0.0007937306666666667,0.03398930154690126,-0.3115522877699664,21.858340646133943,308424
140.73,310234,202,1531,3112,942.9004284500002,-254.67484315912773,0.0007932853333333334,0.03374974978493249,0.16344332758416522,24.43447920616637,309092
140.31,310651,202,1533,3116,931.3509381399999,-256.5727163098522,0.0007929786666666667,0.03511194239572151,0.7047484879641189,26.41725219647909,309552
139.98,311163,202,1535,3120,931.40704851,-259.63982806109743,0.0007926413333333333,0.03451774346848462,-0.09296888633062375,23.466549534125615,310058
140.31,311730,202,1537,3124,938.8229922600002,-258.9154816748391,0.0007922686666666668,0.03491560102138721,0.9498952224221028,26.286099998044296,310617
139.35,312316,202,1539,3128,972.9116943800001,-257.83014108163337,0.00079189,0.0347826633464407,0.016849112510681153,28.358323189064308,311185
140.04,312951,202,1542,3132,986.74670797,-261.74996490478514,0.0007914873333333334,0.03432021851185709,0.7393591396510601,22.54323683977127,311789
139.62,313478,202,1544,3136,991.92449865,-259.53447297194907,0.0007910813333333333,0.03445740503997638,0.9107855813256626,22.286422979420628,312398
139.37,314074,203,1546,3140,995.4285186600001,-260.2828187395813,0.0007907293333333334,0.0346299847647263,-0.6143381895533033,21.4237605659825,312926
140.7,314724,203,1549,3144,998.2706610200001,-258.33651075971886,0.0007902806666666666,0.034382838062307935,0.10116919589803573,23.237311211038143,313599
140.18,315297,203,1551,3148,1009.61953049,-261.90602793838036,0.0007899073333333333,0.03459229554529443,-1.5467606927409316,21.88705489129731,314159
142.76,315904,203,1553,3152,1046.99654944,-259.5127084395465,0.000789524,0.034379398422863555,-0.9405103921890259,24.237807428135593,314734
145.98,316515,203,1555,3156,1090.39515814,-259.9286313056946,0.000789104,0.03391806336003356,0.4998749243095517,22.959325164556503,315364
149.15,317165,203,1558,3160,1126.34642712,-258.79760849994165,0.0007886613333333333,0.03335553379324467,-0.7925856401738913,22.261400134667106,316028
150.87,317721,203,1560,3164,1143.47904445,-259.83913349235144,0.000788278,0.03413057104296928,-0.24874096456235342,23.554787670608853,316603
151.58,318245,203,1562,3168,1152.4137754800001,-262.22762601337735,0.0007879253333333333,0.03386604058600608,-0.12675894820500935,22.308719339824858,317132
151.9,318832,203,1564,3172,1138.7625794899998,-263.74264293606,0.0007875320000000001,0.033675273943503024,0.261566848067914,21.581706919912566,317722
150.14,319392,203,1566,3176,1126.55378795,-259.40394897460936,0.0007871613333333334,0.034170560494941826,1.232018000238082,22.526573854334213,318278
150.05,319949,203,1569,3180,1128.7073278700002,-259.74676824870863,0.0007867913333333334,0.03404540406834138,-0.01539402651159387,22.781000463586103,318833
150.61,320498,203,1571,3184,1129.1256036799998,-261.9971379565585,0.0007864206666666667,0.034968219436467836,-0.36574826954276696,22.70456000650005,319389
149.67,321015,204,1573,3188,1129.7625255599999,-258.47161083686643,0.000786084,0.03502668655379032,-0.654885360865089,24.287819792584674,319894
148.26,321547,204,1575,3192,1141.5543323999998,-260.0124201953859,0.0007857266666666667,0.035237258006083336,-0.3912088019507272,24.025814156783255,320430
148.42,322289,204,1578,3196,1154.38811819,-261.44852492388554,0.000785242,0.035409295566233935,-0.5556584573259541,22.285050261254405,321157
147.24,322971,204,1580,3200,1167.52971913,-261.89521500626967,0.00078478,0.03486358242098396,-0.6998229351269423,21.27211250214887,321850
147.3,323696,204,1583,3204,1177.1439591299998,-263.71777956826344,0.0007843453333333334,0.03484326334936278,0.6555703080126217,23.322316902024404,322502
146.02,324169,204,1585,3208,1176.02246434,-265.93588606133517,0.0007839453333333332,0.035307664469064,1.688538289213755,23.950767746890882,323102
142.94,324528,204,1587,3212,1165.7824283399998,-263.9725106632008,0.0007837153333333333,0.03565294843386201,0.2806147659526152,21.774930280797623,323447
145.47,325198,204,1589,3216,1176.5120221599998,-267.1065018511049,0.0007832939999999999,0.035659926669033254,-0.8392922679583231,22.75942773865041,324079
147.17,325880,204,1592,3220,1200.5385550999997,-269.7559613509917,0.0007828513333333334,0.03502654911241901,-0.4406575300324131,22.008440796758087,324743
147.72,326502,204,1594,3224,1209.46915045,-268.23823106357816,0.00078242,0.035150599251420514,0.03318659349673056,22.4420294017461,325390
147.94,327110,204,1596,3228,1187.92112432,-269.59790480764286,0.0007820246666666667,0.035294164266241226,0.13042650803139336,21.617920637130737,325983
149.44,327895,204,1599,3232,1178.0333063799999,-267.03045071900345,0.0007815493333333334,0.03522624895829736,0.4615621400698451,22.104873904745087,326696
150.88,328566,204,1604,3236,1177.5875409999999,-265.28890652126734,0.0007810606666666666,0.03556990996003151,-2.297513716309159,21.580018220124423,327429
151.75,329249,204,1611,3240,1192.62220911,-264.53653472509137,0.0007806153333333334,0.03517266415441648,-1.0895427104372244,23.88020506883279,328097
152.37,329961,203,1618,3244,1200.01249463,-265.1406851072569,0.0007801813333333334,0.03522409322495396,0.28815120539149724,22.11235286094047,328748
154.06,330703,203,1626,3248,1209.0022198,-261.87725445940777,0.000779644,0.03469970983850373,0.41786685023274456,20.987085202357154,329554
154.27,331331,202,1633,3252,1200.24625096,-261.02091757456463,0.0007792066666666666,0.034625646787592106,-1.3418115311198764,21.785423735777538,330210
154.89,332004,202,1640,3256,1203.24989065,-260.8960172036537,0.0007787473333333334,0.03445430646153321,-1.3243303536472464,21.735819752055004,330899
154.65,332630,201,1646,3260,1200.27636316,-261.68507272605126,0.0007783753333333334,0.03458579317135299,1.2260348564826402,21.341470423960846,331457
154.0,333121,201,1652,3264,1203.31455253,-262.0993313673066,0.0007780033333333334,0.034513431623941514,-0.16351617061025728,22.03055054579324,332015
155.27,333772,201,1658,3268,1203.5674115699999,-264.47256765654595,0.0007775926666666667,0.035247749225659805,0.5756486722917268,22.184040011781633,332631
154.4,334272,200,1664,3272,1211.3992835800002,-266.17950826451397,0.000777228,0.03572655093950638,0.03127913457759912,24.019157478774805,333178
154.36,334828,200,1668,3276,1215.7662403200002,-269.9019589033283,0.0007768733333333333,0.03529585549821619,0.5490323617810109,22.438220227350953,333710
154.84,335433,200,1673,3280,1213.6607307699999,-270.9921735826429,0.0007764586666666667,0.03584869230514044,0.8260885031668694,23.334933459103762,334332
156.21,336119,200,1676,3284,1214.0492433,-277.0447292956677,0.0007760373333333334,0.03670985849349053,0.8158738380605048,25.38218151344048,334964
157.99,336814,200,1679,3288,1216.6100745800002,-279.7138366699219,0.0007756053333333333,0.03619161087403194,-0.8413210211040305,25.089780546778396,335612
157.37,337284,200,1681,3292,1199.7098414499999,-281.47259119937297,0.0007752206666666667,0.03659805008455327,1.7709443961319171,25.009963470592833,336189
155.39,337828,200,1683,3296,1189.7852534699998,-277.6323744250882,0.0007748686666666667,0.035751682616049246,-0.11176296780186315,23.535661328223444,336717
154.24,338395,200,1685,3300,1152.66625996,-279.38826900058325,0.0007744966666666666,0.035228842584830194,0.07687467750575808,24.688894364568924,337275
152.87,338983,200,1687,3304,1129.7886530500002,-278.879259801794,0.0007741173333333333,0.035533210193669354,1.553159538021794,24.072506304140443,337844
154.79,339648,200,1689,3308,1138.06358991,-277.5062788593976,0.0007736633333333334,0.03630497338885517,-0.22680495860259656,23.43294688318506,338525
156.96,340224,201,1692,3312,1146.0142782,-277.06039618053575,0.0007732866666666667,0.036371129626122704,-0.15782544560676073,24.10762998483477,339090
156.33,340831,201,1694,3316,1160.4035129699998,-274.57706592266373,0.000772888,0.036918007152584885,-0.589249417415032,23.249239789522612,339688
155.88,341468,201,1697,3320,1158.45568757,-277.1815522319139,0.0007724586666666666,0.03685747670254322,-0.3347036757252433,23.47099477594549,340332
155.55,342057,201,1699,3324,1160.29697508,-277.5857580275763,0.000772054,0.036538950424818764,-1.0343851117860703,23.911281295049758,340939
155.86,342696,201,1701,3328,1176.45136204,-277.106383732387,0.0007716493333333333,0.03668529495951675,-0.02325307826201121,24.4286542847043,341546
153.82,343277,201,1703,3332,1190.40400529,-277.12859189308296,0.0007712626666666666,0.03671892956530644,1.5286312522524494,24.314097889399125,342126
153.0,343866,201,1706,3336,1194.57680592,-278.93873871537977,0.000770838,0.03697395341512852,-0.9756588030578499,23.728364700661565,342763
151.73,344422,201,1708,3340,1180.6215741499998,-282.595132514612,0.000770468,0.0373879018614986,0.5807976411349738,25.655946005636185,343318
151.11,345072,201,1710,3344,1175.7346397899998,-284.86141419844193,0.0007700393333333333,0.03735830965028568,-0.029060596904971384,25.344957594438032,343961
151.04,345807,201,1713,3348,1176.81237328,-287.1374139318933,0.000769548,0.03678967553627241,0.09005149657076056,25.553540023056776,344698
150.93,346424,201,1715,3352,1166.9062477,-287.76790682884956,0.00076917,0.036890720287638325,0.3041936278343201,25.523065333212575,345265
150.32,347036,201,1718,3356,1139.58720904,-288.3231533848962,0.0007687333333333333,0.03662415110874315,0.1512857973575592,26.12012252142263,345920
152.23,347853,202,1721,3360,1129.40124141,-286.77617986830705,0.0007682180000000001,0.03665473388515756,0.41199087198808104,25.260138555550675,346693
153.33,348454,202,1723,3364,1127.85461592,-286.75346241826594,0.0007677973333333333,0.03729839571684167,1.5173050394092782,27.903922924097035,347324
152.21,348993,202,1725,3368,1132.32627143,-286.2750861069252,0.0007674313333333333,0.03735887008751261,1.0884840519263828,26.84291071727358,347873
151.83,349455,202,1727,3372,1134.39259235,-289.90872541155136,0.000767102,0.03795488295810563,0.938948332695734,26.04420774550665,348367
152.37,350065,202,1729,3376,1136.6172105300002,-289.881318433357,0.0007667380000000001,0.03831810276165153,0.8538061134742968,27.355610506462327,348913
152.83,350716,202,1732,3380,1140.8442873200001,-290.68450098644104,0.0007663113333333334,0.03817703226053646,-0.075739387831936,30.504920121562275,349553
152.24,351343,202,1735,3384,1107.11689288,-293.22420894077845,0.0007658346666666667,0.03918513064937932,0.8959353974887303,32.38511085510254,350268
150.23,351837,202,1737,3388,1074.3892075600002,-292.6970856406472,0.0007655106666666667,0.03835651921955022,-1.1795375685800205,29.46304678916931,350754
150.15,352299,202,1740,3392,1062.1224741699998,-287.8766910764906,0.0007652306666666666,0.038457105582993895,-0.26830821484327316,28.688824825816685,351174
151.45,352973,201,1747,3396,1079.2441701100004,-288.91173549107145,0.0007648126666666667,0.0387026985841138,0.268904789515904,27.479650671822686,351801
152.65,353660,201,1754,3400,1107.01993907,-290.8143028696631,0.0007643373333333333,0.038476941834209834,-0.440670390037974,28.36237674154294,352514
153.63,354346,201,1759,3404,1131.62474271,-291.9259587914904,0.0007639006666666667,0.03847165732999533,0.29421996411697643,27.470737794486197,353169
152.66,354914,201,1762,3408,1139.67603211,-292.6210653781891,0.000763498,0.039242615923285484,1.4407187616452575,29.272991865873337,353773
153.11,355535,201,1764,3412,1150.5630237900002,-296.44259680771245,0.0007630820000000001,0.038845020914223136,-0.7319262100429069,31.88877380185011,354397
154.21,356252,201,1767,3416,1156.52544372,-300.3112889582188,0.0007626113333333333,0.03937209094289559,0.4962328429797187,30.86595289910858,355103
154.39,356907,201,1770,3420,1169.0114598500002,-302.9361113197783,0.000762152,0.039819233995090186,0.2237175341345306,31.45899149087759,355792
153.03,357360,201,1772,3424,1158.45940067,-305.5889889671689,0.000761832,0.03920381015964917,-0.6441576367332822,31.03555539449056,356272
151.44,357840,201,1773,3428,1137.1202225000002,-301.54078286791605,0.0007615286666666667,0.03911350599475323,-0.9393419017867436,30.195498920622327,356727
152.55,358532,201,1776,3432,1115.21466663,-301.3285341502434,0.0007610826666666667,0.03915985913282663,0.025274998578593957,29.89054527474408,357396
153.77,359243,201,1778,3436,1095.7581608600003,-299.72677503958255,0.000760672,0.03847423497829917,0.3307190241192925,29.095419223491962,358012
153.66,359788,201,1781,3440,1086.97078329,-299.7175874421091,0.0007602226666666667,0.03842063544487411,0.5357747795906934,28.13936286984068,358686
153.23,360395,202,1783,3444,1086.2734308999998,-294.9368136791473,0.0007598333333333334,0.037728033616399086,1.3257140242461618,27.521973521996898,359270
153.88,361195,202,1786,3448,1092.5254532400002,-291.9824188232422,0.0007593753333333333,0.03791871233598182,-0.4148767926191029,26.856713716607345,359957
155.41,361965,202,1789,3452,1104.79237653,-289.9174744681026,0.000758802,0.038099974896130935,0.03865781526887015,26.345987737848517,360817
155.64,362600,202,1792,3456,1135.08693302,-292.1551580162688,0.000758366,0.03818909671969254,0.045790550429061806,26.11693542096868,361471
153.74,363227,202,1794,3460,1157.2949800199997,-287.7861418388259,0.0007579633333333333,0.03811966898050946,0.21244726886211987,25.994880850885956,362075
153.91,363845,202,1797,3464,1173.9747284999999,-291.17294534536506,0.0007575473333333334,0.037815599659314525,1.3129140766767355,26.020779477632964,362699
155.84,364577,202,1800,3468,1185.2335452300001,-290.6424240960015,0.0007570573333333334,0.03833476741694742,-0.13660032583607568,25.62413041856554,363434
159.11,365366,202,1802,3472,1202.8592378100002,-292.36822811919865,0.0007565726666666667,0.03756782322163039,0.452832695576224,25.847113958679802,364161
159.56,366021,202,1805,3476,1213.7403797999998,-292.788077449167,0.0007561026666666667,0.0378516571509917,1.2936284826291318,26.209106849518832,364866
159.86,366702,202,1807,3480,1224.39639103,-292.5839774722145,0.000755688,0.03859081926445166,0.3758371582343465,25.63981330962408,365488
159.25,367268,202,1810,3484,1271.76393706,-293.9690789615407,0.00075525,0.037966135012752866,0.701481373871074,25.70813159381642,366145
161.53,367990,202,1813,3488,1312.4823712200002,-295.75429738061666,0.00075477,0.03832084240292656,-0.021038354148526162,27.691936289770364,366865
163.79,368678,203,1815,3492,1346.56286516,-297.77309313687414,0.0007543393333333334,0.03874944626692344,0.41220819509842177,27.06133164059032,367511
164.01,369374,203,1818,3496,1347.3323451,-295.65439679181134,0.00075386,0.03913575347374987,0.3962359869921649,27.9915488631637,368230
163.94,370054,203,1820,3500,1358.06172256,-300.3533108839348,0.0007534126666666667,0.03885829584923253,-0.3301784244935904,29.48337122219712,368901
164.26,370772,203,1823,3504,1357.62194312,-304.4648842551492,0.0007529273333333333,0.0394570304588838,-0.11774480956973452,31.720798353715377,369629
164.47,371361,203,1825,3508,1350.99103887,-304.24193883825234,0.00075252,0.04020595555136233,-0.31431157500655565,29.38618150169467,370240
164.64,371999,203,1828,3512,1353.54688756,-312.15281926030696,0.0007520793333333334,0.04045700836602761,-0.2139021670040877,30.504956929580025,370901
162.51,372503,203,1829,3516,1329.4901912199996,-313.5228299693901,0.0007517533333333332,0.04103621120462898,0.23308651737806177,32.40300981537634,371390
162.48,373155,203,1832,3520,1304.39194768,-319.13864797206935,0.0007513413333333334,0.04046555164412324,0.7123394303133922,34.15500155105967,372008
165.22,373882,203,1835,3524,1300.6278197899999,-316.81060389927455,0.0007508493333333334,0.040396676297698705,1.5972378383363997,31.281390097481864,372746
167.89,374629,203,1837,3528,1304.40041206,-315.1142393300231,0.00075037,0.04074121168661565,0.8641004856203643,33.22946053267645,373465
168.25,375357,203,1840,3532,1323.95439252,-314.33211107846705,0.000749884,0.04103096658732258,-1.0446688741613916,32.277029770242294,374194
168.22,376065,203,1843,3536,1355.84648457,-315.37999232700895,0.0007493806666666668,0.040677139652626856,-1.4629558679035732,32.34527523585728,374949
170.67,376855,204,1846,3540,1376.53931896,-311.70650386397455,0.0007489186666666668,0.040415922445910316,0.8096539738116326,31.444819239826945,375642
172.97,377692,203,1851,3544,1388.6950671199997,-308.61927831740604,0.0007483260000000001,0.039657534743171366,0.7353727487581116,30.458915960221063,376531
173.24,378519,203,1860,3548,1381.0890669599999,-308.8899786650245,0.0007477593333333333,0.04027056307601395,0.4038393406280831,29.80973612372555,377381
172.32,379197,202,1867,3552,1393.7004734099996,-305.7147862927667,0.0007473066666666667,0.03946220461150696,-0.8430579892520247,33.30733216384362,378060
172.98,379898,202,1874,3556,1401.6756579400003,-307.2066432407924,0.0007468826666666666,0.03946567193738052,0.5574198380693213,29.114006983769404,378696
174.74,380701,202,1883,3560,1404.7392303199997,-305.5361969174718,0.0007463646666666667,0.03918674782183043,0.1470713037005543,29.91220952773235,379473
176.47,381492,202,1888,3564,1416.0242548300002,-307.50783363832244,0.000745806,0.039324332353308664,-0.0460661734462878,29.829101238775692,380311
175.83,382160,202,1890,3568,1416.1170616400004,-307.2830091091018,0.0007453266666666667,0.0395529656598605,1.10863312970789,27.478102520957513,381030
175.99,382965,202,1893,3572,1426.4516614300003,-305.32751431851773,0.0007448386666666667,0.039160841038903674,0.20145687187040173,26.96824117093473,381762
178.46,383867,202,1897,3576,1448.7567993600003,-305.4587072539748,0.000744212,0.03864029124379158,-0.24316448140562627,28.48496013440584,382702
179.15,384617,202,1900,3580,1457.9334287199997,-306.9544119205115,0.0007437506666666667,0.038767313455823085,-0.5005227619746946,28.168775258574097,383394
181.5,385418,202,1903,3584,1459.6594212400003,-304.4579485501491,0.000743174,0.038421329698250996,-0.03906350412804061,26.951719814316366,384259
182.83,386273,202,1906,3588,1476.8448683700003,-303.343936982702,0.00074262,0.0386586097969872,-0.11407589765845752,26.682168343028085,385090
182.98,386976,202,1909,3592,1480.9445644099999,-302.5932772549716,0.000742112,0.038996886597438295,0.7533909450877797,27.908235237815163,385852
182.55,387629,202,1912,3596,1483.80828552,-301.4076164909031,0.000741682,0.03924173910332763,0.682480927394784,26.479081143503603,386497
181.47,388201,202,1914,3600,1489.1103039999998,-302.0505063657407,0.00074129,0.039715876954573175,-0.04979009849053842,28.14221445719401,387085
179.93,388765,202,1916,3604,1503.10251896,-303.1963706792787,0.0007409000000000001,0.039093947110250014,-1.0555977336196012,25.168981773908747,387670
180.31,389392,202,1919,3608,1526.1129551699999,-303.79664851417226,0.000740502,0.03931596265597777,-1.4588633061440524,25.32783368008196,388267
181.42,390141,202,1922,3612,1536.1913875100001,-305.8860201207603,0.0007400379999999999,0.0393399550783925,-0.14700792635359416,24.896956578696646,388963
185.44,391047,203,1925,3616,1570.90329369,-304.73900678080895,0.0007394266666666667,0.03878990188241005,-0.3189089193871494,26.484867482690767,389880
187.49,391904,203,1928,3620,1596.9179324099998,-307.14418144851436,0.0007388426666666666,0.03870625268729007,-0.7164063545524096,25.914905917058224,390756
187.07,392589,203,1931,3624,1631.2739221599998,-305.3391765795256,0.0007383853333333333,0.03871192670378246,-0.32028981886411967,24.56689298780341,391442
186.85,393314,203,1934,3628,1663.1745230600002,-305.72969151750397,0.0007379506666666667,0.0387473067952485,-0.5278940336613716,25.345165144039107,392094
187.18,394075,203,1937,3632,1676.23534219,-307.4463494716546,0.0007373873333333334,0.03842183794730749,0.19990503879693838,26.677733895717523,392939
187.78,394843,203,1939,3636,1671.4695542399998,-308.1639306723666,0.0007369193333333333,0.038964866806252475,-0.819082443000508,25.90036341608787,393641
185.44,395399,203,1942,3640,1679.8654549099997,-308.05442294952974,0.0007364853333333333,0.038816861333740744,0.907563225478883,27.215827929745814,394292
183.22,396014,203,1944,3644,1678.0715610200004,-310.09646069164006,0.0007360886666666666,0.03941245329841762,-1.4961758954844004,26.015588035046214,394887
181.79,396698,203,1947,3648,1676.1783950399997,-309.47614437196313,0.0007356606666666667,0.0388005732717674,0.599789246553328,27.190868784741657,395529
183.27,397524,203,1954,3652,1687.2063181299998,-312.23718941428444,0.0007351,0.03943381754850799,0.12068734629587693,26.638996106928044,396370
183.41,398239,203,1961,3656,1694.7369867099999,-313.3378450181749,0.0007346340000000001,0.039088698414464794,-0.15697097844547694,26.90580923292372,397069
183.31,399032,202,1970,3660,1695.4848351400003,-317.29506563672834,0.0007340893333333334,0.03894431799577147,-0.6094696486697477,26.23147503534953,397886
184.27,399919,202,1978,3664,1696.7865040200006,-319.198464148683,0.0007335873333333334,0.03948691462884184,-0.1407322528583756,28.180505002131227,398639
184.42,400602,201,1986,3668,1699.0160644199998,-322.0043029785156,0.0007330520000000001,0.03949942934065083,0.026071205248240553,27.666785246406505,399442
183.69,401334,201,1994,3672,1687.1478714600003,-321.7659694912197,0.0007325626666666667,0.03996010639847399,0.34862782396711745,29.89297170037622,400176
183.31,402198,200,2002,3676,1676.1122984200003,-325.0992620962638,0.0007320473333333333,0.04036936708898456,0.6317237107842056,30.219649924172295,400949
182.34,402851,200,2011,3680,1669.1596255500003,-328.473340807463,0.0007314793333333334,0.04050216833619695,0.09054816647579796,32.882784080505374,401801
179.35,403353,200,2015,3684,1652.5897516500002,-326.38363794533603,0.0007311426666666667,0.04097419416150415,-1.3863286627344338,29.958020727318452,402306
174.27,403700,200,2017,3688,1599.3744968800002,-328.2425447546917,0.000730926,0.040342002540178924,-1.3245159711526788,31.864382059677787,402631
172.23,404199,200,2020,3692,1572.27036613,-327.62679803566857,0.0007306066666666666,0.04069036479449012,-0.1415587494282123,30.7511146107658,403110
172.11,404840,199,2024,3696,1586.6766382600001,-328.8693469462951,0.0007302106666666667,0.040843073141538296,0.5653404886005846,31.06232790566661,403704
173.23,405524,200,2026,3700,1588.6627796900002,-327.8824065452398,0.00072977,0.04198340404518815,1.4171526369660399,33.22233314292375,404365
175.83,406348,200,2030,3704,1588.59573944,-330.6440974331358,0.000729178,0.04172809493313566,-0.0021088582476930756,29.700435775318784,405253
177.95,407187,200,2033,3708,1596.74977465,-329.97445131310434,0.0007286726666666667,0.041235513216711484,-0.17791514813632708,30.768256730562904,406011
176.57,407798,200,2035,3712,1590.3903066500006,-333.9515200786709,0.0007282453333333335,0.04083030395533727,-0.020066226491276522,29.899354934692383,406652
176.05,408652,200,2039,3716,1597.85890115,-331.88768785889795,0.0007277046666666667,0.041353829857391146,-0.47483366645426245,31.72541025047478,407463
174.17,409321,200,2041,3720,1598.09949767,-331.85364429370776,0.000727216,0.0418608585825643,1.672260881275744,30.164686821602487,408196
174.32,410021,200,2044,3724,1602.8634639699999,-331.1519607463211,0.0007267613333333334,0.041502670853068586,0.15257250095801378,31.525605903100715,408878
175.7,410884,200,2047,3728,1603.0833643800004,-334.7486605986706,0.0007262133333333333,0.04143506449065815,-0.45254025538323334,31.319597233724856,409700
176.28,411703,200,2051,3732,1594.2418595400002,-334.9267618815104,0.000725646,0.04109993930906057,0.21762937804063162,30.744767083062065,410551
176.04,412447,200,2053,3736,1591.51016057,-334.5614694695724,0.0007251466666666666,0.041498410113547976,-0.7863615553630026,30.12325083080091,411300
176.7,413069,200,2056,3740,1586.7661575600002,-337.8053018906537,0.0007247060000000001,0.040841281085329896,0.6075539106831831,30.342347313376035,411961
177.37,413751,200,2059,3744,1592.5661977400002,-334.9541544812791,0.0007242759999999999,0.04141809874551093,-0.44548607950514935,30.202652626849236,412606
177.8,414478,201,2061,3748,1605.16253307,-336.76932838841486,0.000723846,0.04146341667755654,-0.2890861103409215,28.030595990231163,413251
178.99,415423,201,2064,3752,1615.600099,-334.41925283578723,0.0007232506666666667,0.0405448909339487,0.21227847867541844,29.922714412721813,414144
179.56,416195,201,2068,3756,1604.0517881800001,-331.9227097750691,0.0007226686666666666,0.040661269438610155,0.2368018273954038,29.100366301987886,415017
179.03,416935,201,2070,3760,1596.8418325499997,-330.60948162544065,0.000722192,0.040650298955236995,-0.40787500470149807,29.177989506139987,415732
178.11,417730,201,2074,3764,1596.7296376400002,-333.3856699453235,0.0007216353333333335,0.04055209891439158,-0.27137361475303345,30.11759223506949,416567
178.99,418501,201,2076,3768,1605.7898830900003,-335.41831127246775,0.0007211553333333334,0.041473439106574424,0.28989042935671505,29.601873597898685,417287
179.14,419248,201,2079,3772,1611.2252272999997,-338.23218880292666,0.000720634,0.041493379428905526,-0.4239265538867891,31.28684747527918,418069
179.12,420110,201,2083,3776,1614.9455558700001,-338.71204043484994,0.000720058,0.042062828161380364,-0.07033268024217715,31.120607636573556,418933
181.24,420975,201,2086,3780,1624.13143725,-339.7053420455367,0.0007194993333333332,0.04184973845258355,0.4753024070351212,31.1779658264584,419771
185.13,421866,201,2089,3784,1654.0515421,-339.54066253990254,0.0007188933333333334,0.04225555937536942,-0.8343867800569021,29.61116830764278,420680
189.73,422673,201,2092,3788,1708.5628750800001,-339.2909488378395,0.0007183513333333334,0.04163383583279805,-0.20648661645919242,30.979860126036,421493
191.55,423354,201,2098,3792,1741.55716327,-341.9772046540913,0.0007178753333333334,0.04186288416385651,0.5572869448285354,31.03673612694991,422207
191.36,423976,201,2105,3796,1723.6956074500006,-344.6416645922692,0.0007174646666666667,0.04205462321931241,-0.09239151002534854,31.017694647795235,422823
191.68,424692,200,2113,3800,1724.79513165,-345.15052894727717,0.0007169693333333334,0.042794035317806095,-0.5065974258106841,31.502003381943563,423566
190.8,425428,200,2120,3804,1728.5767209399999,-346.16474208547106,0.0007164973333333333,0.04257549719875725,-0.07918901823053312,32.01483667667826,424274
190.77,426264,200,2129,3808,1720.24733102,-347.4839120295375,0.0007159366666666667,0.04232756413907801,-0.5701950980588724,32.90354360788354,425115
193.47,427145,199,2138,3812,1728.0953295900003,-348.4134758470696,0.0007153733333333334,0.04189118053832334,-0.4362073992634868,34.80484515319377,425960
189.96,427648,199,2142,3816,1677.6299428399998,-350.97399480292137,0.000714962,0.04240582415715177,0.30709737190540803,33.47962202924363,426577
186.61,427982,199,2143,3820,1626.8498259499997,-347.6246688277633,0.000714738,0.04270476930671268,-0.6785658119637289,33.62160056314351,426913
186.81,428702,199,2146,3824,1605.71022768,-350.4343483089783,0.0007143506666666667,0.042150234195543694,-0.3170660999772462,33.096513560398876,427494
185.79,429463,199,2149,3828,1597.72378661,-350.173280360335,0.0007137893333333334,0.041616177765157934,0.993588156282565,32.93699564098638,428336
183.96,430099,199,2151,3832,1589.9866023099999,-349.56072376392507,0.000713364,0.041883653995615465,0.12886026759206512,34.66033469306098,428974
183.07,430754,199,2154,3836,1572.5053110699998,-352.72923342010677,0.0007129573333333333,0.04197904183226224,0.940866650208919,32.86311553639068,429584
184.26,431495,200,2156,3840,1577.8815412600002,-351.4978621049361,0.0007124673333333333,0.04281823872165246,0.9275172594821814,34.72212028503418,430319
183.65,432116,200,2159,3844,1567.3747992200003,-352.23592410297516,0.0007120273333333333,0.042882332332291696,0.508508545797576,34.87923714499804,430979
182.16,432694,200,2161,3848,1559.8779064800003,-351.8843747491706,0.00071163,0.04345311882765326,-0.8316293334307736,35.59429705632876,431575
179.42,433365,200,2164,3852,1534.6546468900005,-354.31576374890335,0.0007112066666666667,0.04319284248718604,0.10384513891954474,33.247776388484525,432210
178.32,434027,200,2166,3856,1546.8717015100003,-353.9419440727729,0.000710766,0.042904620845015944,-0.7495917759158395,32.39775279899696,432871
177.8,434715,200,2169,3860,1559.04748872,-354.0352339808716,0.0007102846666666667,0.04282539839033589,1.0384896111595256,34.1447020902762,433593
175.66,435296,200,2171,3864,1554.84444913,-354.65434987921464,0.0007099166666666666,0.042605665645429065,1.317268817496479,34.546148830786684,434145
175.06,436007,200,2174,3868,1548.2061080199999,-357.4551178489983,0.0007094473333333334,0.04249087812680772,0.2475414835540942,33.24958047920099,434849
175.28,436776,200,2177,3872,1556.8844342900002,-357.44912229265486,0.0007089946666666666,0.04286995618825867,-0.9040153310412452,33.36080015273321,435528
175.92,437702,200,2181,3876,1565.1125224000002,-357.2007765463733,0.0007083233333333334,0.04256352469530127,0.42166620985083625,32.09019628577276,436535
175.32,438507,200,2184,3880,1573.62921533,-354.927735421317,0.0007077673333333335,0.04199294992855617,0.49251538481031143,31.766871010916574,437369
174.43,439309,200,2187,3884,1566.53750787,-355.3294356724001,0.0007072553333333333,0.042043020439176064,0.6135863622404495,31.41590263258736,438137
174.51,440124,200,2190,3888,1566.1888013699997,-355.6897304280599,0.0007067373333333333,0.04295132920145989,0.564382965962092,32.0995544052124,438914
174.65,440819,200,2196,3892,1554.61451229,-357.5704585634429,0.0007062366666666666,0.042315945697241814,0.6716757453721145,32.06820582685799,439665
175.95,441571,200,2204,3896,1557.96989767,-360.76519673665365,0.0007057653333333334,0.04314202887316545,-0.40195548892021177,34.96825258890788,440372
176.61,442353,199,2212,3900,1545.59321079,-362.7554931640625,0.0007052306666666667,0.04342946314775362,-0.7753535807132721,35.7839044245278,441174
176.23,443051,199,2220,3904,1532.22290159,-367.42584863039525,0.0007047446666666667,0.0438235962376146,0.5319229110632793,36.024535717350425,441903
172.77,443541,199,2225,3908,1487.6793805600005,-370.7772910639925,0.0007044226666666667,0.04397431370925228,-0.4080263578666831,35.39168494602419,442386
171.0,444245,199,2232,3912,1431.897597,-369.9210122426351,0.0007039786666666667,0.04436073882970959,0.42920338921248913,35.81637432177862,443052
172.53,444901,198,2239,3916,1470.0329267199998,-365.569033225871,0.000703512,0.044151788774114215,-0.3806761569858338,33.24041066850935,443752
174.98,445480,198,2245,3920,1521.6850149099998,-364.9656087941137,0.0007031206666666668,0.04366989942460225,-1.2250182012031818,34.45941994765709,444339
173.84,446086,198,2251,3924,1541.7143247499998,-363.2108346732559,0.0007026993333333334,0.04382227648310601,-0.9776184353858802,34.49223882833104,444971
173.65,446828,198,2255,3928,1561.3132371,-363.99863790478224,0.0007022686666666667,0.043193839380197975,0.495219617200321,32.80774431397929,445617
175.73,447672,198,2259,3932,1582.50855476,-363.3868195215861,0.0007017226666666668,0.04244351383143415,0.18648870227237543,31.328927755355835,446436
178.18,448572,198,2262,3936,1609.2443782900002,-361.0697154060739,0.00070116,0.042330406117634695,-0.5312797483362135,31.99087278960181,447280
179.48,449443,198,2266,3940,1620.09542941,-357.8127312458737,0.0007005386666666666,0.04264270152214547,-0.05393457804487345,32.71658112073728,448212
181.03,450219,198,2269,3944,1643.71571693,-358.7779615870062,0.0007000219999999999,0.04270402030468737,0.7543834882712214,31.50820916853611,448987
183.49,451043,198,2272,3948,1643.7646244899997,-362.703284692512,0.000699414,0.04190583101340702,-0.029728039547249122,31.3317204127236,449899
183.65,451730,198,2274,3952,1649.9929432999998,-361.5907633645194,0.0006989526666666667,0.042341863603464196,-0.1914555180285658,32.17967713730676,450591
184.13,452440,198,2277,3956,1635.81531328,-364.2323676399563,0.0006984893333333333,0.04272092214745024,0.7382057328586993,32.8691564746525,451286
183.14,453029,198,2279,3960,1623.9884736100003,-364.6529072281582,0.0006980853333333334,0.04253764706207257,0.5890337022301418,35.65576517192367,451892
185.81,453877,198,2283,3964,1626.93389965,-366.8086610132334,0.0006975466666666667,0.04230288022330829,-0.5663976207071421,34.986979418384784,452700
187.17,454724,198,2286,3968,1637.2595380399998,-366.17753163213314,0.0006969813333333333,0.042325730880965355,1.2447748935740928,33.8159180516782,453548
187.99,455575,198,2289,3972,1636.4697318899998,-366.03221835884995,0.0006964393333333335,0.04251504937807719,-0.47496132568646504,33.23667928223969,454361
187.54,456456,199,2292,3976,1637.09264181,-364.1426910572806,0.0006958333333333334,0.04245658484050783,1.7565711181042558,33.07273270989542,455270
187.66,457273,199,2296,3980,1638.4088108399997,-365.35100497328085,0.0006952706666666666,0.04251024898538735,-0.4090508850395377,33.15578995138255,456114
186.1,457919,199,2298,3984,1628.54967377,-363.2693304764597,0.0006948346666666667,0.04349216740382345,-0.8562100463007626,33.843284155193125,456768
186.8,458804,199,2301,3988,1628.01074693,-364.57491813449684,0.0006942833333333333,0.043072552052796434,0.22234304509031663,34.00048815001041,457595
186.84,459503,199,2304,3992,1645.80559995,-364.7869991345352,0.0006937953333333334,0.042659589916132806,-0.017402172088623047,37.34480851419856,458327
186.53,460224,199,2307,3996,1648.8781661600003,-366.64658943108753,0.00069328,0.04221734785334726,-0.058514178326699584,34.53714342876873,459100
186.31,460984,199,2310,4000,1661.0342912400001,-363.9084897901191,0.0006928206666666667,0.04253155359479248,-0.04869133950582619,36.134275905421525,459789
188.18,461869,199,2313,4004,1674.73368634,-369.0497116728457,0.000692252,0.04284641347423999,-0.3348764916380009,40.43611837147239,460642
190.35,462576,199,2316,4008,1699.0253288799995,-369.1462832614108,0.000691722,0.043034218755122776,0.23267964468345986,39.947762145652426,461437
188.71,463116,199,2318,4012,1724.9531166099998,-378.5132930440114,0.0006913326666666667,0.0436753639041033,-0.36810417731005446,44.82345540899979,462021
186.61,463562,199,2320,4016,1688.92432194,-383.88304906691945,0.0006910233333333333,0.04446727630213229,-1.3973904239000194,46.45949537736656,462485
185.63,464043,199,2322,4020,1645.3251424800005,-389.5590287428636,0.000690726,0.04680916317380392,-0.26067136434408333,49.7861091026893,462931
183.91,464477,199,2323,4024,1598.2446516700002,-396.282125662039,0.0006904233333333334,0.04641542926027968,-0.14801027323748614,59.05242246335691,463385
181.29,464957,199,2325,4028,1541.8681742500005,-404.205824136734,0.0006901273333333333,0.04773150812252425,-1.1632540277205408,53.217909663915634,463829
177.77,465449,199,2327,4032,1516.0610157200001,-410.65999872997554,0.000689768,0.04786268410959629,0.6925247901617878,54.195220831668735,464368
173.57,465929,200,2329,4036,1496.08963944,-415.5748781146425,0.000689444,0.04833932418489095,-0.19850885281057068,51.643046668081574,464854
169.38,466381,200,2331,4040,1460.3447607699998,-414.557328305002,0.0006891653333333334,0.047644000121597516,0.15590668330758306,53.44762511172537,465272
167.36,466955,200,2333,4044,1424.0566540300001,-417.967752321802,0.0006887480000000001,0.047332917462394694,-0.03505540496171123,55.04786046346029,465898
167.3,467773,200,2336,4048,1413.6841595000003,-419.0932935926649,0.0006882733333333333,0.0481109000466488,0.590804766284095,52.456421265778715,466610
167.38,468468,200,2339,4052,1419.21884926,-420.7302022040645,0.0006877853333333334,0.04721960139299747,-0.6540937388496559,49.6458935797969,467342
167.51,469191,200,2342,4056,1423.3825949499997,-420.63578717912947,0.0006873066666666668,0.04759724974632263,-0.09679686614445278,54.39669701712472,468060
169.61,469990,200,2345,4060,1438.71454891,-420.8858960031093,0.0006868133333333333,0.04773750070525312,-0.4815778674065382,55.29523029546628,468800
169.36,470813,200,2348,4064,1422.5622775299998,-429.6183852064666,0.0006863033333333332,0.04850291799736249,-0.9635358783306104,57.55391289950547,469565
165.43,471267,200,2351,4068,1383.6188734500001,-436.56986243206524,0.0006858746666666667,0.04919873291383619,1.4077722331751947,62.33525002521017,470208
161.1,471685,200,2353,4072,1331.3905794999998,-437.57987396240236,0.0006856173333333333,0.04898381814360619,-0.30190680027008054,59.80681854248047,470594
157.92,472248,200,2355,4076,1271.5351563800002,-439.3525486138031,0.00068528,0.049492131634295444,-0.2017434530585777,58.42970124455809,471100
155.99,472872,200,2357,4080,1210.56998729,-434.7794399604112,0.00068485,0.04939106369982223,0.7007239435961147,56.93036589936582,471745
155.36,473455,200,2360,4084,1173.3707412099998,-429.9835123151741,0.0006844553333333334,0.048607924015530005,0.797030709733899,54.712647022016895,472337
152.55,474059,200,2362,4088,1129.56687868,-430.31688065962356,0.00068407,0.04926951449703087,-0.3646364835175601,59.419302766973324,472915
153.01,474804,200,2365,4092,1099.6166393699998,-429.1412451171875,0.0006836219999999999,0.04990400312202317,0.36831280538014005,56.399520002092636,473587
153.37,475561,200,2368,4096,1099.72567653,-432.04350418228285,0.0006830720000000001,0.05091924978806092,-0.6469660637614963,59.51857168180449,474412
152.58,476242,200,2370,4100,1104.32175226,-432.42847241360715,0.0006826326666666667,0.049804254932089086,-0.0185145015365507,58.06888278422912,475071
149.99,476868,200,2373,4104,1094.58237871,-436.9308930467439,0.0006821973333333333,0.050358705197604714,-0.16172510825547595,59.63818474583978,475724
149.91,477567,200,2376,4108,1102.6226941,-437.2018712236376,0.0006817173333333334,0.04985565257263301,0.7334917313946879,58.56224315624519,476444
148.94,478010,201,2377,4112,1093.73680858,-436.4346077542345,0.0006813966666666667,0.049307597973266566,-0.2065558884324146,58.57122238543855,476925
148.68,478430,201,2379,4116,1092.40829097,-438.32300560875274,0.0006811233333333333,0.04970802966736059,0.9505646249889272,56.78499339956098,477335
148.34,478877,201,2381,4120,1091.86097786,-444.5914957502247,0.0006808213333333333,0.049895060767905904,0.42057187050844713,63.0506727843158,477788
148.31,479308,201,2382,4124,1085.9062249099998,-447.9442903252058,0.000680542,0.04987995206348358,-0.6679827596551628,64.28895113545079,478207
147.42,479699,201,2384,4128,1080.7905466799998,-446.9750215802874,0.0006802733333333333,0.050524358664240154,0.029961350985935758,62.486332947867254,478610
147.41,480190,201,2386,4132,1053.33633741,-447.7556539075128,0.0006799546666666667,0.051348191268485166,0.4446734904215254,65.32994007242137,479088
148.2,480749,201,2388,4136,1019.8069515000002,-450.91127165949155,0.0006795640000000001,0.0515508297538258,0.8312066534426824,63.37776375815506,479674
148.41,481222,201,2390,4140,1000.9219198300001,-456.34463916015625,0.000679256,0.05202476459741592,1.5323654708862304,67.85103305053711,480136
147.8,481735,201,2392,4144,990.2109914099998,-458.8563367207845,0.0006789433333333334,0.05269297560056051,0.20313892364501954,67.70594542821249,480605
146.03,482376,201,2394,4148,985.7879161399998,-461.5578542348501,0.0006785333333333333,0.05382474435342325,1.2247476300677738,70.91097841005067,481220
143.57,482825,201,2396,4152,953.11935763,-467.4804142252604,0.0006781653333333333,0.05464789219200611,-0.8459028454621633,76.95429450988769,481772
142.34,483425,201,2398,4156,940.61839847,-469.7393574305943,0.0006778166666666668,0.054981441183813984,0.3912624818938119,80.52804641723633,482295
140.82,484072,201,2401,4160,926.74108054,-482.89090438350553,0.0006773753333333333,0.05501143665563676,1.3602530398676473,83.84827590450163,482957
140.17,484830,201,2404,4164,916.60804545,-491.09728354274637,0.0006768373333333333,0.056688675103653774,0.2506833879074248,90.09188691696318,483764
139.42,485209,201,2405,4168,895.2112181299999,-501.0876385232677,0.0006765926666666666,0.059448586290945175,1.7993094214926595,99.0971855495287,484131
138.76,485561,201,2406,4172,889.2852806099999,-510.3753772836871,0.0006763606666666666,0.06169766204151432,2.1329878990629076,109.59932951800592,484479
137.17,485965,201,2408,4176,888.72698551,-521.3925559997558,0.0006761126666666666,0.0642606326378882,2.554157733172178,121.90799589157105,484851
135.63,486435,201,2410,4180,904.2550847300001,-535.6743655321075,0.0006757866666666667,0.06707274096041191,0.34363964660380913,128.06909992249032,485340
134.92,486947,201,2412,4184,914.1598354100003,-549.9380499996356,0.0006754506666666666,0.06784478513829743,-0.3011033419352859,132.04425048828125,485844
132.84,487343,201,2413,4188,917.3025376300002,-563.7733495568716,0.0006751579999999999,0.06897355632115436,-0.36287264093275995,131.67696142709383,486283
130.36,487840,201,2415,4192,899.9425326600001,-577.9467182988706,0.0006748853333333333,0.070312625364117,1.384747625693031,145.81204148997432,486692
129.04,488465,202,2417,4196,868.1512924699999,-588.9876936426703,0.0006744580000000001,0.07018736201637196,1.194528930592087,142.43294460368605,487333
127.53,488995,202,2419,4200,827.3555600499999,-602.3021321614583,0.0006740806666666667,0.0708016957949709,0.7587545421388414,160.48405462194373,487899
125.04,489372,202,2421,4204,801.45635079,-615.551792890176,0.0006738053333333334,0.07377538564561427,1.6993081268222852,170.3774703453327,488312
121.63,489730,202,2422,4208,776.2034137800001,-624.5514428149695,0.0006735873333333333,0.0761637797300843,1.089339612544268,186.34143189178116,488639
123.2,490330,202,2424,4212,791.5822544299999,-646.3762265292081,0.0006732146666666667,0.07562279836698012,-0.08677309290929273,184.95232110456988,489198
124.03,490833,202,2426,4216,805.74479404,-667.9266605922154,0.000672832,0.07577495963445731,1.2408207182373319,199.22335891723634,489772
123.03,491180,202,2427,4220,795.8600774099999,-683.0928738242701,0.0006726066666666667,0.07601049130684451,-0.9325234207667803,179.2953906812166,490110
122.32,491540,202,2429,4224,792.3184762499998,-678.5098016357422,0.000672388,0.07683713033795357,0.9266675126552582,185.40083694458008,490438
122.42,491941,202,2430,4228,794.93337034,-677.6776977539063,0.000672116,0.07481546671617599,-0.8476035515467326,191.9326679048084,490846
122.04,492394,202,2432,4232,781.85462229,-677.6380638051256,0.000671812,0.07472774281958554,0.38342870562990133,190.56527488922404,491302
120.84,492833,202,2434,4236,778.5890728300001,-668.9250062715023,0.000671512,0.07347750424518498,1.4044577484830805,171.71477277563253,491752
120.77,493299,202,2435,4240,766.6244895700002,-670.934980803845,0.000671218,0.07347066554368711,-0.14435533156581953,154.26362542545095,492193
120.61,493796,202,2437,4244,758.7113734100001,-662.2855069520043,0.0006708786666666666,0.07199369456435813,-0.7149565214993524,148.51913076932314,492702
119.12,494288,202,2439,4248,752.5418534400001,-651.7555203403,0.0006705566666666667,0.07010535003930113,-0.6698623878242326,141.87974659717867,493185
119.42,494767,202,2441,4252,757.1935244599999,-646.1879054857337,0.000670238,0.06971413344144821,-0.4167781197506448,133.40252891208814,493663
118.66,495291,202,2443,4256,748.1716056100001,-634.3459026432839,0.0006699093333333334,0.0690584893361861,-0.36661047494711996,128.7387558752749,494156
118.22,495894,202,2445,4260,736.1777174399999,-619.199265813253,0.0006694880000000001,0.06822337313409312,-0.5437070727348328,128.4134406583855,494788
117.21,496551,202,2448,4264,739.30335363,-605.8612657533075,0.000669056,0.06743532179915993,0.13466205301075956,128.59650387729172,495436
120.55,497264,202,2450,4268,776.76131418,-596.6900091942321,0.0006685893333333333,0.06660980062281832,-1.2272158825651127,123.76204048319066,496136
122.26,497787,202,2452,4272,817.24843555,-588.7389522038453,0.0006682266666666668,0.06472375693050682,-0.34378755008075257,121.71007564896388,496680
124.65,498430,203,2455,4276,849.62580605,-580.9400429861886,0.0006678113333333333,0.06367828090276037,0.8744002861636025,127.0838638305664,497303
126.67,499102,203,2457,4280,872.55698791,-576.7074827971281,0.0006673773333333333,0.06381685167183111,-0.4755195614732342,118.37252082353757,497954
129.82,499929,203,2460,4284,903.5251698899999,-567.3850322866185,0.0006668666666666668,0.06371197379368512,0.26689672342596205,113.35927830660407,498720
131.08,500451,203,2462,4288,909.73599415,-562.8764446024992,0.0006664573333333333,0.06317910133880011,0.11692762739804326,127.69246292114258,499334
130.12,500852,203,2464,4292,896.7493736999999,-559.465812096229,0.000666156,0.06243295698928145,-0.5173516915394709,120.87209892272949,499786
128.32,501297,203,2465,4296,872.9947041199999,-567.7303545721646,0.0006658893333333334,0.06503731956512764,1.3458820920566033,121.0192558683198,500186
126.93,501688,203,2467,4300,850.0930997,-564.2377146525555,0.0006656233333333333,0.065803400902863,0.07840273035577981,128.17702162409404,500585
129.23,502295,203,2469,4304,819.57241718,-567.5522799491882,0.0006652746666666667,0.06511745747411624,-0.009032372385263443,117.15944331884384,501108
132.04,502934,203,2472,4308,795.23253997,-561.1385233262006,0.0006648046666666667,0.06535586495609845,-0.26081278657211976,113.96736279655906,501813
132.08,503538,203,2474,4312,775.0033704299999,-560.0039920018725,0.0006644253333333333,0.06338134875967483,2.1199611563327885,108.2481118194328,502382
134.05,504238,203,2476,4316,785.4950451299998,-555.835150686251,0.0006639740000000001,0.06439081300683573,-1.1839363745280675,109.89213172756895,503059
138.66,505046,203,2479,4320,829.83024656,-549.4205386921511,0.000663418,0.06272630418761302,-0.16272233401314687,118.8219464835474,503893
142.99,505839,203,2482,4324,862.44173716,-548.9911814619855,0.0006628953333333334,0.06189494770837993,-0.3694896160102472,105.75490000655012,504677
145.08,506449,203,2485,4328,892.1071388199999,-543.7500159740448,0.00066248,0.06053906897432171,2.7314645261503756,102.58392685651779,505300
147.06,507100,203,2487,4332,933.3027576599999,-546.2353787584369,0.0006619973333333334,0.06303385047077321,0.3559292392665837,105.84005000315555,506024
146.88,507521,203,2489,4336,945.35222587,-549.9401994185014,0.0006617286666666666,0.06248076696588536,-0.04402689741115377,106.15236918131511,506427
147.13,508012,203,2491,4340,953.95226107,-559.5945485432943,0.0006614059999999999,0.06430709982911746,0.6775321225325267,110.68590965270997,506911
147.57,508553,203,2493,4344,950.0480470399998,-557.553759765625,0.0006610546666666666,0.06425900680403555,1.203578805923462,115.3185331283077,507438
147.57,509045,203,2495,4348,933.1179732700001,-561.8957231583133,0.0006607193333333333,0.06505404202447783,-0.08318771950660213,111.62481683300388,507941
147.9,509557,204,2497,4352,913.99856262,-554.3761794946755,0.0006603813333333333,0.06484294630539646,0.38733973358846774,109.51730084267392,508448
148.31,510122,204,2499,4356,890.6116792800001,-561.2313138206533,0.0006600133333333334,0.06448962219409494,-0.30332563827501846,114.97396077405686,509000
147.63,510657,204,2502,4360,871.7709079600002,-561.1915410515721,0.0006596406666666667,0.064414150190134,-0.9123112051033535,112.20818366302304,509559
145.67,511118,204,2503,4364,845.3867426500002,-563.2975562915467,0.0006593233333333332,0.06249104404266466,-0.7269034856244138,109.7899125082451,510035
143.82,511646,204,2505,4368,827.5996968100002,-562.4584335478226,0.0006590006666666667,0.06370890575765382,-0.10315869055172004,114.9149169921875,510519
146.24,512411,204,2508,4372,830.5546863200001,-558.4784577650831,0.000658504,0.06276744212201565,0.6144388369742156,108.11659086370744,511264
147.7,513200,204,2511,4376,835.6484320500001,-554.59674518028,0.0006580066666666667,0.061959977041971814,-0.9418738698691465,98.45964538917113,512010
147.26,513828,204,2514,4380,832.7645723699998,-544.949921943772,0.0006575566666666666,0.06135271316472913,-1.7356942980222299,101.24973872010138,512685
146.04,514533,204,2517,4384,827.9550188699999,-540.0449901516155,0.0006570906666666667,0.06111156382719002,-1.0370642000672508,106.56388501528292,513384
148.85,515336,204,2520,4388,844.30480591,-537.1657393212412,0.0006565666666666668,0.06074201589559808,0.23396919755374684,104.66816722645478,514170
151.66,516018,204,2522,4392,862.8553310299999,-536.9611088679387,0.000656114,0.06310805129808383,0.16855180984014992,100.03658370133284,514849
154.35,516732,204,2525,4396,883.32774173,-537.0562744140625,0.0006556386666666667,0.06289828327362952,-0.5812400478383769,100.289199762759,515562
157.73,517461,204,2528,4400,902.2798063400002,-533.6128523349762,0.0006551253333333334,0.06210338606615551,0.5224464898929,89.33006852865219,516332
157.73,518068,204,2530,4404,911.1958512,-531.814195421007,0.0006547126666666668,0.06050018285815087,0.45592274599605137,84.93428659439087,516951
159.92,518926,204,2533,4408,962.8152807600001,-522.370295724469,0.0006541773333333334,0.05803131622200954,-0.8684981133409603,81.68329359956844,517754
161.88,519726,204,2536,4412,1000.79884024,-512.6221760559082,0.0006536606666666667,0.05787305783480406,-0.3820367884635925,80.38162469863892,518529
162.91,520529,204,2540,4416,1000.0360002699999,-503.9717524601863,0.0006531033333333334,0.055830009813819616,-0.3997463590496189,83.4263971559294,519365
162.87,521333,205,2542,4420,991.94626198,-501.0258423561274,0.0006525913333333333,0.05515329169412685,0.6176298212173373,83.76243595744289,520133
161.73,522012,205,2545,4424,999.66479395,-497.00749956551243,0.0006521133333333333,0.05522786628055034,-0.53003059403371,77.96378240208168,520850
161.82,522631,205,2548,4428,1001.0560603400002,-491.48726508322727,0.000651668,0.054835933522227105,0.9357637126794022,81.55145700861898,521518
163.68,523468,205,2551,4432,1014.76244508,-490.7763771136327,0.0006511653333333334,0.05477125535374282,-0.43624331691273355,85.33630793482375,522272
165.77,524098,205,2553,4436,1045.08207442,-491.06301549963047,0.0006506873333333334,0.05507593896441363,-0.9243712304411708,76.35513107196705,522989
166.66,524678,205,2556,4440,1060.94964997,-488.22943715001804,0.0006502953333333333,0.05451685827591516,-0.07921624114747682,75.51871757286821,523577
169.87,525540,205,2558,4444,1071.4889605300002,-484.8802329101562,0.00064988,0.05366452312469482,0.082453284740448,70.24430859375,524200
173.58,526403,205,2562,4448,1108.2782751999998,-475.4380854108007,0.0006491866666666667,0.052743645659104214,-0.04169905609285771,65.39261894419714,525240
175.83,527140,205,2565,4452,1146.91606485,-470.3702421536411,0.0006487046666666667,0.05225539223773636,-0.40340715081152256,65.7159233928597,525963
175.79,527701,205,2567,4456,1181.88085294,-463.9094470480214,0.0006483133333333333,0.05105464160442352,-1.1545396136200947,64.26056799681291,526550
178.64,528521,205,2570,4460,1221.13862098,-459.57929564227027,0.0006477746666666666,0.050814551874775016,-0.6742420425555976,62.91202407987247,527358
181.63,529281,205,2573,4464,1270.49573983,-458.0876575259108,0.000647282,0.051018137578389154,0.2995589630088614,63.47696938826211,528097
184.1,530056,205,2576,4468,1303.19887105,-462.71002822875977,0.000646756,0.05027159195393324,-0.09384248793125152,64.7996272277832,528886
185.92,531003,205,2579,4472,1310.0021039199999,-460.11740883109496,0.0006461873333333334,0.0498505575179132,1.161566384981588,63.53640471782881,529739
185.32,531732,205,2582,4476,1308.5626942800002,-455.8898467103878,0.0006456299999999999,0.04966037044535854,0.7496830831744714,61.87369973645239,530575
185.74,532402,205,2585,4480,1316.63530308,-456.53567521743355,0.0006451660000000001,0.0491782605483387,0.503776120546773,60.61879740762447,531271
186.76,533209,206,2588,4484,1309.41977874,-458.7684299863618,0.0006446526666666666,0.049159373595625507,0.6154903810599754,61.74602808897523,532041
185.94,533930,206,2590,4488,1318.2462870699999,-456.1888804830563,0.0006441733333333333,0.050352773753700744,-0.6887007146883922,60.371215067092024,532760
186.76,534694,206,2593,4492,1349.6821667299998,-458.6201775353234,0.0006436633333333333,0.05049763869930495,-1.167706728518546,58.14117441950618,533525
187.92,535524,206,2596,4496,1384.2808409999998,-460.69735554577835,0.0006431,0.05080477714060462,-0.42028739012498906,59.45597641480798,534370
187.49,536210,206,2599,4500,1416.98899456,-459.5094549005682,0.0006426173333333334,0.050247977715688986,-0.7072242144104484,59.461162086966986,535094
189.48,537016,206,2602,4504,1463.33405016,-458.8252934474571,0.0006420813333333333,0.05104999242386982,0.055510636492102756,62.75763794020111,535898
189.16,537842,206,2605,4508,1467.24776072,-458.4196707919876,0.0006416113333333333,0.050159995271978786,-0.018408095384661056,62.375078589995326,536603
188.59,538585,206,2608,4512,1459.77602531,-454.5728838932564,0.000641094,0.049634655882997994,0.5974701166651738,61.26305030280077,537379
191.04,539633,206,2612,4516,1498.72294653,-457.3345537250545,0.0006404026666666667,0.05002297016278821,-0.9875319458189464,61.67867223259543,538416
191.62,540495,206,2615,4520,1529.0908166600004,-455.742387264823,0.0006398226666666667,0.050087611672383,1.0893352751570624,59.25253034213891,539286
194.72,541484,206,2618,4524,1547.2798897600003,-453.4110627699529,0.0006391893333333335,0.04889363869368242,-0.18563087842537968,57.372788366242126,540236
194.67,542098,206,2621,4528,1551.0090078800006,-455.52508615892987,0.000638698,0.049189282826675,-0.3149169202922851,59.59785354969113,540973
192.56,542724,206,2623,4532,1533.6513448800001,-456.71486597475797,0.0006382986666666667,0.04883271002251169,-0.3826350109732669,59.70949342976446,541572
195.35,543633,206,2627,4536,1559.7350559899999,-453.7281446668837,0.0006377526666666666,0.048953648739390905,-0.7490554650624593,60.347989078097875,542391
194.28,544106,206,2629,4540,1559.2540474899997,-454.7045725399686,0.0006373293333333334,0.04906925969977969,0.30069349137778134,56.40303519337448,543026
191.07,544647,206,2631,4544,1559.8768202500003,-450.0763840332031,0.0006369926666666667,0.04936508631706238,-0.10701555728912354,56.258410888671875,543531
189.58,545361,207,2633,4548,1538.6817933200002,-449.2205591094628,0.000636552,0.04914574752028069,1.3260741863357888,56.80812383501717,544192
190.38,546178,207,2636,4552,1551.0752941700002,-445.32480154232104,0.0006360313333333334,0.04991151113063097,-0.16846894488042716,56.67810759252431,544973
192.04,546905,207,2639,4556,1555.7092637199996,-442.4313894688398,0.0006354966666666666,0.04945800958693713,-0.8506795763969421,55.94271013106423,545775
190.48,547569,207,2642,4560,1543.1535877399992,-445.87877484097504,0.0006350266666666667,0.04945465771715498,0.320496172201438,56.848047621263184,546480
190.76,548357,207,2645,4564,1546.0745006999998,-444.59767429077823,0.0006345733333333333,0.04935022036014999,0.3312820156634842,51.65415282275795,547160
190.68,549124,207,2648,4568,1547.36988109,-440.5837299626048,0.0006340633333333333,0.048854325766243586,0.15227159639684165,52.950209436184025,547925
190.32,550035,207,2651,4572,1548.68951065,-441.40634416459915,0.0006334553333333333,0.04776693566761038,-0.5357042814160252,54.51500031754777,548837
191.81,550913,207,2654,4576,1557.09947297,-439.2700173624881,0.0006329020000000001,0.04728753900694363,-0.30600834830763374,50.534663650590154,549667
194.18,551820,207,2658,4580,1573.2170682299998,-438.66393386088146,0.000632264,0.04650542330447868,-0.10652215250938997,50.45393949773814,550624
193.1,552519,207,2661,4584,1591.1778275899999,-436.5861400073727,0.0006317653333333333,0.04661702645930233,-0.19042350440625325,49.43041668822434,551372
195.23,553453,207,2664,4588,1605.0763726799998,-435.7102612251843,0.0006311993333333333,0.046893435526332815,0.35975060241046924,50.56785885699384,552221
195.58,554252,207,2668,4592,1619.4711807499998,-432.3986722754423,0.0006306333333333334,0.046416855027909,-0.11086952907067758,49.18124847815781,553070
196.74,555198,207,2671,4596,1637.8865330699998,-431.89937473350847,0.000630034,0.04602833056796185,-0.1689222946133412,47.132631194423624,553969
199.89,556199,207,2675,4600,1655.4518972999995,-430.9264165242513,0.0006293646666666667,0.04615569938905537,-0.40847236340244614,46.36924351056417,554973
198.06,556822,207,2677,4604,1645.4419397,-427.5119506481082,0.0006288806666666667,0.046310833352076454,0.37257493200690245,44.86836107387099,555699
195.94,557436,207,2680,4608,1633.2992867099997,-427.29733234273976,0.0006285,0.04681529592851113,0.20088008107810185,44.697579640355606,556270
196.73,558258,208,2683,4612,1656.4782274900003,-426.7727846519969,0.0006279706666666667,0.045302178031791034,-0.9995348264123792,49.0280103950857,557064
196.17,559250,208,2686,4616,1649.29026134,-429.00492594401044,0.0006273273333333334,0.04579093787405226,-0.30399099614885117,44.41997652689616,558029
196.46,560141,208,2689,4620,1646.5487770900002,-423.9245654246846,0.0006267380000000001,0.04620089458271128,-0.9364687475513239,47.03958856864054,558913
195.85,561069,208,2693,4624,1646.3174015099999,-429.3650427924262,0.000626126,0.04633413111934295,-0.08532301075438149,48.13931249960875,559831
198.27,561925,208,2696,4628,1671.93017448,-426.45600131722387,0.0006255166666666668,0.046506850941236626,-0.8630931064139965,46.406806839344114,560745
202.37,562961,208,2700,4632,1709.29792409,-424.3262500446104,0.0006248826666666667,0.046140481219735255,-0.49191357269635627,44.75491078272214,561696
200.71,563704,208,2704,4636,1698.15071342,-423.52821790623364,0.0006242566666666666,0.04598346093833197,-0.6126334407838319,45.733587288956265,562635
204.57,564563,208,2706,4640,1741.6087075099997,-422.28934487735523,0.00062379,0.0447866876335705,0.005427619288949405,42.47183164708755,563335
206.83,565330,208,2709,4644,1759.36336244,-416.3299035644531,0.0006232666666666667,0.044945465964930396,0.5367822415488107,44.52409222194127,564120
206.31,565992,208,2712,4648,1785.19906124,-415.5862658691406,0.000622792,0.044308877319097516,0.4540535936355591,41.03589747619629,564832
204.91,566669,208,2715,4652,1762.61285955,-412.30047228445414,0.000622332,0.04490089596681345,-0.9076315600887622,40.71065574845457,565522
205.08,567413,208,2717,4656,1758.3279547099999,-412.2994180027443,0.000621878,0.04481163288501999,0.9878540993491306,41.40873756891565,566203
206.77,568246,208,2720,4660,1769.63638018,-416.283538335868,0.0006212953333333333,0.04451486756914689,-0.4044528740196831,42.36154143141192,567077
208.45,569202,208,2724,4664,1785.97897835,-416.55933842514503,0.000620684,0.044212796654777994,-0.24908122352578424,41.886503515821516,567994
209.24,570048,209,2727,4668,1794.5202644200003,-419.64323159592664,0.0006201353333333332,0.044174308948848974,-1.4820687503957037,41.308092904921196,568817
208.01,570836,209,2730,4672,1811.61543545,-413.7607221381609,0.0006195833333333334,0.0452542208395032,0.4919064093467801,39.792840968730836,569645
208.18,571731,209,2733,4676,1848.0902926699998,-415.5151578256212,0.0006189966666666667,0.04528658794411478,-0.24790667200928743,39.634526559434796,570525
209.67,572787,209,2737,4680,1863.8856090000002,-414.0747309800221,0.0006182833333333333,0.044559635906877004,0.45032427530117636,39.42118341078138,571595
211.5,573669,209,2741,4684,1877.3825216900002,-413.5522709420547,0.0006176766666666667,0.04508311117413958,-0.1306287662785044,41.207404954631336,572505
209.6,574413,209,2743,4688,1870.6121777399999,-413.47634695870534,0.000617208,0.04511396672044481,0.9800093742779323,40.84446126665388,573208
209.97,575249,209,2747,4692,1876.7310703099997,-414.4617857354455,0.0006166106666666666,0.04447713762397048,0.2793048021683633,40.80129108668371,574104
209.44,576142,209,2750,4696,1866.51848861,-419.34996289704975,0.000616044,0.044666617049982676,-0.9491636429962359,42.78785060079474,574954
208.23,577022,209,2754,4700,1850.6319947900004,-418.42218159300626,0.0006154146666666666,0.0450245366999793,0.16965824845405555,43.03738239748928,575898
209.87,577809,209,2756,4704,1858.3138508500006,-420.7044998515736,0.000614922,0.04508612184277312,-0.2664151628586379,41.73225697604093,576637
211.78,578614,209,2759,4708,1875.0997593900001,-422.4563312630379,0.0006143926666666666,0.04490160774342052,-0.48994190156147743,40.61113721038659,577431
211.85,579443,209,2762,4712,1872.5107543200002,-421.9092520625213,0.0006138546666666667,0.04535855621588035,-0.03878072702168116,42.24073126537552,578238
208.65,580115,209,2765,4716,1866.53529783,-420.5011616222964,0.000613356,0.04518832752637088,0.2644177214265457,42.266347903923446,578986
206.81,580822,209,2768,4720,1859.37200114,-421.0782531738281,0.0006128993333333333,0.04528898655854423,0.1394041443693227,39.439884106866245,579671
205.61,581630,209,2771,4724,1867.29471842,-421.8931469602633,0.000612388,0.04437500779247526,1.2927598166586785,38.67372957219932,580438
205.99,582524,209,2774,4728,1876.2202033099998,-418.9132982336956,0.000611824,0.044110384502488637,0.1369591008061948,38.13963268114173,581284
202.95,583256,210,2777,4732,1868.53882653,-415.516189987595,0.00061131,0.043512661392624316,-1.6912885363037522,37.11038581229545,582055
204.15,584119,210,2780,4736,1893.6062672500002,-419.00921741330245,0.0006107353333333334,0.04319290204892331,0.49656977561803967,36.35544492971843,582917
203.46,584909,210,2783,4740,1897.3421812300003,-414.37396240234375,0.0006101653333333333,0.043103778744258255,-0.035398320498200235,36.57113577750734,583772
205.6,585890,210,2787,4744,1927.5889414999997,-417.9686848144531,0.0006095586666666667,0.04425651380419731,-0.3869812371730804,36.975184478759765,584682
208.15,586807,210,2791,4748,1949.2761555499999,-417.5624106065282,0.0006089186666666666,0.04306920909516092,0.3331847235841571,37.626493723887315,585642
211.8,587849,210,2794,4752,1982.9191424800001,-419.34982172648114,0.0006082866666666666,0.043187420116737485,0.787560235708952,38.14061346054077,586590
211.81,588594,210,2798,4756,1999.1729493999999,-420.7121333129017,0.0006076873333333334,0.04258565401248898,-0.0836580421062226,37.63743947076459,587489
212.26,589472,210,2801,4760,2012.8034986599994,-418.3857095832499,0.000607174,0.042382951364175886,0.00539166346574441,37.41645041082659,588259
212.57,590459,210,2804,4764,2000.1133663899998,-415.1226021902902,0.0006064813333333333,0.04194101999417888,-0.24807699554386328,36.33714456019607,589298
213.12,591360,210,2808,4768,2001.2631166799997,-412.82381266932333,0.0006059153333333333,0.042917117431399324,-0.2664424613598854,36.284337474453835,590147
212.36,592072,210,2810,4772,1998.94010982,-414.12943050448456,0.0006053873333333332,0.042700824437028204,2.302153565364177,37.84977179799,590939
212.29,592960,210,2814,4776,1991.0701840300003,-413.1718141087946,0.000604866,0.04352353362120547,0.13523698696550332,36.96830817888368,591721
209.76,593763,210,2817,4780,1976.04206421,-414.18905710290977,0.0006042853333333334,0.04324050985828594,0.6097512924008899,37.09086951503047,592592
208.9,594559,210,2820,4784,1969.0546079800001,-417.3015190392882,0.0006037533333333333,0.04400105341969423,0.33127038592669233,39.678937873648636,593390
210.25,595438,210,2824,4788,1968.18507378,-423.31704754299585,0.0006031546666666667,0.044229946806336996,0.5082512481345071,39.1575745123404,594288
210.67,596316,210,2827,4792,1956.4065332599996,-424.5968480514268,0.0006025753333333333,0.04438766557723284,0.2473113579770266,40.15196890750174,595157
210.81,597223,210,2830,4796,1970.23698734,-426.0499485560826,0.0006019900000000001,0.04465210262668847,-0.31422310765437816,41.46385195507981,596035
210.14,598036,211,2833,4800,1979.18750242,-427.8926701178917,0.000601386,0.04429405150361932,-0.9025460596267993,42.38144779205322,596941
206.73,598482,211,2835,4804,1952.1376388100002,-429.76981988354265,0.0006010873333333333,0.04439789641683347,0.1697872476042988,43.194394298803026,597389
209.21,599535,211,2839,4808,1962.4405561199999,-431.54305237296995,0.0006004626666666666,0.044773906924006505,0.3602683037284791,42.71062784870779,598326
210.49,600492,211,2842,4812,1954.40016534,-429.43696053318246,0.0005998206666666667,0.044307609753949304,-0.5869644252711503,41.631292040385894,599289
212.53,601368,211,2846,4816,1949.66693656,-430.85697606404625,0.000599226,0.04463595752604306,1.1135556777318318,43.84528923034668,600181
212.84,602106,211,2848,4820,1939.0115345499999,-429.97627813967665,0.0005987073333333332,0.04495534647493004,0.9292287978133714,42.56896353043573,600959
213.67,602997,211,2852,4824,1941.15681775,-426.5582612690173,0.0005981266666666667,0.04400816473521684,1.2229768652664987,42.3702920612536,601830
211.48,603672,211,2854,4828,1925.8652282600003,-429.70024178244853,0.0005976820000000001,0.04524300452745096,-0.2903227044100111,40.86440356211229,602497
212.42,604498,211,2857,4832,1934.6655947599997,-426.1760892646257,0.0005971426666666666,0.044765721382789836,-0.010237402139708054,43.64544215535009,603306
211.18,605237,211,2860,4836,1915.7655723199998,-427.6804352778538,0.0005966626666666667,0.04462199385283859,0.6656662574998892,39.56533649468877,604026
211.46,606055,211,2863,4840,1915.17760209,-429.095632240989,0.0005960993333333334,0.04476207161152905,-0.1509864094582471,42.295693241466175,604871
209.17,606807,211,2866,4844,1899.56676144,-431.4114138345583,0.000595576,0.04466561346328089,-0.10207004880453173,43.315135431515664,605656
207.79,607586,211,2869,4848,1890.5089304800003,-432.287711415972,0.0005950693333333333,0.04418558183325721,0.4242242465593985,42.09096513475691,606416
205.69,608418,211,2872,4852,1893.0368634900003,-435.56561597489633,0.00059453,0.044420133181516594,-0.7734822581447132,45.275735981656474,607225
208.83,609477,211,2876,4856,1916.2057259399999,-441.8540965033121,0.0005938440000000001,0.04587981179923159,0.60669951837779,48.71359947697744,608254
208.96,610368,211,2879,4860,1905.95891143,-447.37145146388633,0.0005931973333333333,0.04546845105348849,-0.6661153596990249,55.32576847450406,609224
205.85,611044,212,2882,4864,1884.3510506,-453.5079843232126,0.000592758,0.04648837103988185,0.12262141849055434,56.35826852971857,609883
204.74,611834,212,2884,4868,1863.36037716,-459.80967456619175,0.0005922733333333333,0.04589875290073411,0.6748909061354709,53.44724558130165,610610
205.33,612605,212,2887,4872,1867.19567609,-458.02437496700804,0.0005917246666666667,0.04716701668661994,0.2896827214473003,50.36963670060441,611433
204.3,613390,212,2890,4876,1853.2130385,-453.90802627011954,0.0005912133333333334,0.046160282814000024,-0.7579032584845301,47.65716116112399,612200
202.86,614049,212,2893,4880,1835.9346400100005,-451.44668329412286,0.0005907726666666666,0.04520568156784231,0.06646255200559442,45.46036331870339,612861
200.71,614630,212,2895,4884,1818.1264090799998,-448.94848097416394,0.000590368,0.04398789390790881,-0.5159520517315781,44.20086689999229,613468
200.23,615461,212,2898,4888,1815.19378461,-445.10745650310906,0.0005898306666666666,0.04404056910045293,-0.49453541089077385,43.96096039596869,614274
199.68,616284,212,2901,4892,1818.4820612199997,-438.6168459436576,0.0005892833333333334,0.043777463618170455,0.32062321871959515,41.8997689796786,615095
197.78,617001,212,2904,4896,1802.66659018,-432.71609005512005,0.0005887713333333334,0.04315001372522956,0.04663865998287329,45.19375426017198,615863
198.85,617921,212,2907,4900,1809.53311722,-428.52685015597325,0.0005881879999999999,0.04353420546481967,-1.7500491443915889,42.48578856155457,616738
204.58,618940,212,2911,4904,1855.3666412599996,-429.01640995462145,0.0005875546666666666,0.04284409991470142,0.10492997590582169,39.69236352075985,617688
204.31,619966,212,2915,4908,1867.0794109300002,-428.5469467115845,0.0005868386666666668,0.04266133045218308,0.08537281094689857,40.019683146993444,618762
203.58,620850,212,2919,4912,1887.2204284900001,-425.113723677427,0.0005862220000000001,0.042487789853121426,-0.33721169420910363,38.96557054664883,619687
203.9,621758,212,2922,4916,1902.68458105,-423.6556365966797,0.0005856793333333333,0.04178362081034316,1.4625691420502134,36.895321199629045,620501
204.98,622604,212,2925,4920,1917.52290258,-425.6567824372148,0.0005850533333333334,0.04255179228442433,-0.2862219739276751,36.01172271660999,621440
205.16,623513,212,2929,4924,1930.92191222,-423.13801303611797,0.000584468,0.04194138760721018,-0.27365756791255197,36.4497014157058,622318
206.73,624345,212,2932,4928,1934.5371180400002,-422.47860046386717,0.0005839166666666666,0.04160052601248026,0.23947801172733307,37.33294280052185,623145
206.63,625161,212,2935,4932,1939.0247174900003,-424.479679087046,0.0005833580000000001,0.04236508265540406,0.2695587042215708,36.233176123129354,623983
206.26,625863,213,2938,4936,1942.6414532500003,-425.3644868532817,0.0005828786666666666,0.041962572858513646,1.3296641825387876,38.10394745071729,624702
205.85,626640,213,2941,4940,1952.3581442099999,-425.98663677946894,0.000582348,0.04318408936339339,-0.8538605172399412,38.010603731778005,625498
206.6,627467,213,2944,4944,1977.6961035999996,-428.65860875993326,0.0005818306666666666,0.04284060124483743,-0.5324966623547763,37.81529320974718,626274
207.21,628307,213,2947,4948,2000.7051152299996,-428.8072500745651,0.0005812706666666667,0.04309847646305714,1.3113033583598772,41.09501341645941,627114
206.84,629102,213,2950,4952,1980.5451941599997,-431.8937881057327,0.0005807713333333333,0.04375601710902678,-0.1069797979818808,42.57186671076594,627863
205.3,630007,213,2954,4956,1948.05442456,-430.67306956209876,0.0005801073333333333,0.043129486616614254,0.2534719428350759,38.3820963571238,628859
206.04,630972,213,2957,4960,1953.13457971,-431.3032350658876,0.0005794853333333334,0.04329955981294644,0.40324811445726894,40.55531957634257,629792
208.39,631883,213,2960,4964,1978.0893542800002,-429.98837620934773,0.000578886,0.04291278797873231,0.6021432014398796,42.18472755786984,630691
210.16,632850,213,2964,4968,2006.31136432,-431.19986053205963,0.0005782659999999999,0.043091120787410654,-0.22890780216608292,39.516522790631676,631621
210.99,633704,213,2968,4972,2013.7309180500001,-430.8917232128458,0.0005776626666666667,0.04277972475446146,0.6068694804786542,41.10344641799227,632526
212.7,634660,213,2971,4976,2027.4330916299996,-432.5114473717235,0.0005770453333333335,0.04268459018285029,-0.8910745758319569,38.838055227404446,633452
214.43,635492,213,2974,4980,2049.5197961900003,-430.97164642333985,0.0005764973333333333,0.04189589034765959,-2.242418038845062,37.22912496566772,634274
216.73,636303,213,2978,4984,2064.32084013,-432.13434367836595,0.000575908,0.042380205773843264,-0.29613710948807037,38.82743848012593,635158
215.37,636998,213,2980,4988,2076.70417163,-437.0748705560761,0.0005754493333333333,0.04187113399795025,-0.9128392228501381,39.372694522659216,635846
215.34,637818,213,2984,4992,2079.4877895400004,-434.21370437770213,0.0005749100000000001,0.042949612532715196,0.0009096863779049475,37.76211403411569,636655
215.94,638595,213,2987,4996,2084.1696603,-436.1245271433955,0.0005743813333333334,0.04310071978556073,0.7698347484288008,42.30454866782479,637448
214.29,639350,213,2989,5000,2074.27986699,-438.5217223488605,0.000573914,0.043507306165800196,-0.5400236109995471,42.031862851869256,638149
212.38,640178,213,2993,5004,2059.2015185299997,-440.7423115868925,0.0005733486666666667,0.044692932279362024,0.6358848581755214,44.15384663989365,638997
209.24,640890,213,2996,5008,2015.8593119999998,-444.6809375120862,0.000572846,0.044811813400523495,-0.7434964882265224,44.91588790818016,639751
208.14,641664,213,2998,5012,1997.6960895500001,-446.6909582033679,0.0005723726666666667,0.04489650429036487,0.3392253814645074,43.90965933349002,640461
209.49,642707,214,3003,5016,2002.4551928900003,-452.1020233281985,0.0005716533333333334,0.04526389075373007,-0.008675444076250786,45.06515434297059,641540
210.25,643629,214,3006,5020,2023.5027271799997,-452.5511217331138,0.00057109,0.04525240215017656,-0.9202280707423462,46.4263220474859,642385
211.99,644712,214,3010,5024,2030.9025269500003,-452.42749562657866,0.0005703573333333334,0.044491695632275785,0.3606313171243309,43.92792693116611,643484
213.11,645656,214,3014,5028,2037.4969301400001,-455.73020724826387,0.0005697186666666667,0.044678239673376086,0.5364633033010695,46.600642920600045,644442
213.62,646523,214,3017,5032,2026.6651244400002,-458.4538671389148,0.0005691346666666666,0.04470546880913018,-0.5250095217975218,45.977157365030315,645318
215.08,647371,214,3021,5036,2025.1172310700003,-461.01097634055395,0.0005685553333333333,0.04443880207836628,-0.7997691642154346,48.16856450167569,646187
211.0,647740,214,3022,5040,1959.6509656000003,-460.67368974356816,0.000568234,0.04555375228539623,-1.1943998609123558,50.689046892626536,646669
205.77,648044,214,3024,5044,1886.0742938699998,-463.21486905725993,0.0005680259999999999,0.04598300086288917,0.15599329006381152,52.0818296292933,646981
204.22,648729,214,3026,5048,1820.1186184899998,-465.7137964619279,0.0005676780000000001,0.047414325989818124,0.4868457159159873,58.013902293562325,647503
203.57,649459,214,3029,5052,1784.0057212699999,-466.1208508734167,0.0005671166666666667,0.04757008703767195,-0.06157609097350984,51.012620576034635,648345
202.94,650301,214,3032,5056,1788.2801790799995,-466.92876828596894,0.0005666146666666668,0.046647737840278036,-0.0009637391007186583,49.12959253707988,649098
202.63,651235,214,3036,5060,1785.5869712700003,-458.4884278160274,0.0005659673333333333,0.046248755751046845,-0.24762376335552305,48.18582688526166,650069
201.53,652036,214,3039,5064,1779.1707278000001,-457.9191085740263,0.0005654706666666667,0.04537722347258347,-0.22716021713952125,46.77458512254537,650814
200.12,652862,214,3042,5068,1756.6325993100004,-456.8485322404004,0.00056489,0.0445977371291593,0.23384977665989987,43.898278572298736,651685
200.09,653713,214,3045,5072,1730.5598296599999,-455.8488959061472,0.000564342,0.045287550613284114,0.6045994328825097,44.18211473163805,652507
198.31,654491,214,3048,5076,1722.2644896000002,-453.5470209676753,0.0005637846666666666,0.044621611220969096,-0.8063839500543302,43.57060635279095,653343
197.98,655290,214,3051,5080,1727.58847437,-451.7745758727357,0.0005632853333333334,0.04432161674312838,0.4455276858675611,45.306127799736274,654092
198.65,656168,214,3054,5084,1733.0554363499998,-452.08917388373,0.0005626919999999999,0.0446217649374356,0.042898876811261706,43.76526410384535,654982
199.53,656951,214,3057,5088,1721.33052479,-454.96789536520697,0.0005621446666666667,0.04448754512748428,0.8311474541915911,42.67205068998248,655803
199.4,657758,214,3060,5092,1701.6633299500004,-452.1400503678755,0.0005616266666666667,0.044222075047648766,0.5398093272339214,45.616542469371446,656580
199.74,658569,214,3063,5096,1703.9169555600001,-454.3344982398484,0.000561106,0.0443290290004479,-0.24015165945726955,42.77969218728071,657361
201.21,659471,215,3067,5100,1726.46361382,-457.6844036021131,0.0005604733333333334,0.0449458869927107,-0.6835173320897082,44.98257233234162,658310
200.9,660268,215,3070,5104,1748.8698302700002,-455.5492207345787,0.0005599553333333334,0.04544134502030589,-0.3424162480728758,43.865149550642705,659087
202.04,661094,215,3073,5108,1762.8187262800004,-454.19577780469507,0.0005594113333333333,0.04499710030479781,0.250551413385104,45.713035760238824,659903
202.02,661866,215,3075,5112,1764.5723574400001,-455.0262451171875,0.000558892,0.045095234599737626,0.05201988133057108,44.687943080686175,660682
199.76,662683,215,3079,5116,1741.74925972,-454.3006735950259,0.0005583560000000001,0.045124732425913736,0.8301540074036948,47.39660688620716,661486
199.92,663621,215,3082,5120,1738.1693039399997,-454.8348779296875,0.000557744,0.044759667035606174,-1.1146755242347717,46.230500318739146,662404
197.12,664424,215,3086,5124,1704.5943085799997,-458.7097019504856,0.000557196,0.044326919877717086,0.0657488913149447,45.08676707637203,663226
197.68,665424,215,3089,5128,1714.7355594499998,-456.1793420046371,0.0005565686666666668,0.04376231066093145,-0.3853800577043697,44.95762386069393,664167
199.31,666454,215,3094,5132,1735.7108219799995,-458.18783600476326,0.0005558546666666666,0.04223270421581609,0.4413758700802213,44.11720879223882,665238
199.51,667322,215,3097,5136,1741.0679702500004,-458.3654664533411,0.0005552713333333334,0.04368119208296768,-0.03504583557603859,43.781481264137,666113
206.12,668352,215,3101,5140,1798.16258191,-451.3311360677083,0.0005545853333333333,0.042586631016846385,0.5191027004028035,44.435272222738774,667142
213.14,669358,215,3105,5144,1876.3489852400003,-448.64448896505064,0.0005538986666666667,0.04346717927226071,-0.8718689611907733,42.10130152459872,668172
215.76,670305,215,3109,5148,1936.8121357299997,-447.99511103269435,0.0005532833333333334,0.043396023657767714,-0.2423904257662156,44.54625678663494,669095
215.68,671027,215,3112,5152,1981.2740678999999,-446.7424852833244,0.0005527759999999999,0.04314461274084097,-1.1677779988472505,42.21567625436724,669856
214.96,671797,215,3115,5156,1975.12973065,-445.9584066560953,0.0005522560000000001,0.042973874413436,0.1191648534028837,41.29372328578836,670636
214.29,672664,215,3118,5160,1967.6774536800003,-445.5142013962204,0.0005516946666666667,0.04301045911537634,1.5355678274824813,42.78227713301375,671478
212.5,673286,215,3121,5164,1965.2806624200002,-444.92186071933844,0.0005512399999999999,0.04346450805090941,0.537200750830846,39.18586217440092,672160
212.02,674064,215,3124,5168,1991.3551529900003,-443.3014985141375,0.0005507373333333334,0.04362390752857095,-0.7330678405351196,45.277637456426554,672914
210.24,674737,215,3127,5172,1997.7680223200005,-446.4695463180542,0.0005502833333333333,0.04392585353925824,-0.35814851969480516,42.5045422077179,673595
212.81,675772,215,3130,5176,2019.2281943,-448.50879097782916,0.0005497099999999999,0.04504281969811128,-0.6013074370108887,42.05481340895138,674455
216.41,676931,215,3134,5180,2029.4158514199999,-449.6393283857667,0.0005489233333333334,0.045235504493063926,-0.42883314026726616,42.48504373420524,675635
216.74,677842,215,3138,5184,2038.0461257899997,-453.47896491156683,0.0005482466666666667,0.04462066717972659,-0.4498816171679834,42.76476653898605,676650
217.73,678724,216,3142,5188,2058.9220913900003,-454.6364425909324,0.0005476680000000001,0.04392201410698109,1.1336057628275917,42.03820827359059,677518
219.84,679742,216,3145,5192,2094.5867386799996,-448.6264176418212,0.000547,0.04348258502704049,0.78620465816511,40.10324000322282,678520
218.31,680400,216,3148,5196,2085.32121391,-444.5925303565131,0.000546492,0.04242564784362912,0.12693881491820017,42.30791334311167,679282
217.26,681197,216,3151,5200,2056.29461908,-444.2450663248698,0.0005460053333333334,0.042557790326193355,-0.39446842899689305,40.9287643799415,680012
216.93,681961,216,3154,5204,2047.6455453799997,-443.4253730961842,0.000545472,0.04261118612192535,0.7329692570446747,40.97259848458426,680812
216.26,682720,216,3157,5208,2059.29793695,-451.21202596028644,0.0005449526666666667,0.04400771987934907,0.7810816621780395,41.868006235758465,681591
216.59,683525,216,3161,5212,2064.55601715,-449.02297933827276,0.0005443893333333334,0.04383624864985113,0.22208463212718135,43.12262563290803,682436
213.69,684052,216,3162,5216,2038.481967,-450.95883885136357,0.0005440866666666666,0.044704014607877644,-0.17849645570472436,44.43755651403357,682890
212.57,684878,216,3165,5220,2010.8558194,-451.881781582157,0.000543572,0.04413199819656401,0.9471282570147207,50.04991272693028,683662
213.4,685764,216,3169,5224,2010.1137688800006,-454.21071075586883,0.0005429566666666667,0.04473771045101438,-0.49302977265943077,50.02509541903141,684585
213.17,686741,216,3172,5228,2015.04980858,-458.15279776783194,0.0005423299999999999,0.04418917863700364,0.8955607711192933,47.72703173530661,685525
210.41,687495,216,3176,5232,1977.75618385,-458.6250027305201,0.0005417946666666667,0.0444071124846998,0.07662557802702251,48.54821421974584,686328
210.47,688369,216,3179,5236,1975.0639359800005,-460.2352873351285,0.0005412586666666667,0.04326850881948132,0.8674331207654467,47.79587093656532,687132
210.83,689435,216,3183,5240,1978.2556771099999,-458.521348712825,0.0005405493333333334,0.04342436655854978,0.28565908555223163,47.802055398957066,688196
209.35,690293,216,3186,5244,1966.70431853,-458.7507788689582,0.0005399673333333334,0.04281909943936945,0.6092614305543376,44.48001310327551,689069
209.43,691248,216,3190,5248,1965.9501905600002,-457.0566506385803,0.0005393146666666666,0.0419273524506328,0.5640622535720468,41.75346233447393,690048
210.38,692065,216,3193,5252,1973.53196625,-457.22669282349403,0.0005387626666666668,0.04254781478231058,1.24316421394828,41.311764195280254,690876
212.43,693040,216,3197,5256,2016.05349936,-455.2139523949954,0.00053818,0.04165637367727733,0.8862435563956157,40.95185568781182,691750
212.14,693878,216,3200,5260,2039.22035119,-452.06646425235346,0.0005375566666666667,0.04272595753673441,2.0918403997184325,40.09036017945094,692685
214.31,694717,216,3204,5264,2052.60486521,-450.74515545065634,0.0005369806666666667,0.041351934563992596,1.1089074678227382,39.391844347648814,693549
215.4,695604,216,3207,5268,2053.50142541,-447.64731408219313,0.0005364413333333333,0.04172165819459198,0.38234394788742065,39.52683713291231,694358
216.2,696357,216,3210,5272,2061.7194025700005,-451.074503103892,0.000535892,0.04261857290597012,0.4283755760019024,40.808454275131226,695182
213.57,697129,216,3213,5276,2039.8047157400003,-447.1274688880481,0.0005353686666666666,0.041988956308021595,1.4720820044971885,48.35781621683331,695967
208.9,697821,216,3216,5280,2010.1998638300001,-448.48253943087786,0.00053491,0.04351329805671111,1.5923830895028876,42.332308752296946,696655
207.64,698606,217,3219,5284,2007.8473628599997,-448.3934898376465,0.0005344086666666666,0.04325409442105371,1.1287252967772277,45.780371500098184,697407
206.12,699336,217,3222,5288,1997.2072790200002,-449.5611247546567,0.0005338873333333334,0.0434172727130904,1.3293810066918434,42.84477580591963,698189
203.41,700083,217,3224,5292,1971.3024444899995,-450.6359500996551,0.0005334173333333334,0.04369451896401874,-0.04764327180315876,44.938206589012815,698894
205.65,700965,217,3228,5296,1988.0351966400003,-453.57821418703065,0.000532836,0.04456606526072173,0.2213386452013208,43.81795833646789,699766
206.55,701852,216,3235,5300,2014.00285947,-454.5193312653398,0.000532262,0.044929416108447896,-0.25144909361822415,44.55104949411038,700627
209.04,702865,216,3239,5304,2025.9791561599995,-456.6810747206419,0.000531558,0.04460349555682222,0.0365703081004711,45.27960182482357,701683
209.51,703671,217,3242,5308,2029.8519338699996,-459.4920631641904,0.0005310159999999999,0.04535710391909795,1.5215711364579514,44.92790160533122,702496
210.86,704611,217,3245,5312,2029.7053088599998,-463.20492008754184,0.0005304653333333333,0.04520715872890183,1.0369225559490067,46.648934194019866,703322
214.54,705506,217,3249,5316,2067.7583473199998,-466.876864755754,0.0005298086666666666,0.04576262402877533,0.6762978554629594,50.218666680425194,704307
213.55,706233,217,3252,5320,2065.2707807800007,-470.32068931765673,0.000529326,0.04628255220538959,0.4091875153343852,53.273768145863606,705031
212.86,707050,217,3255,5324,2070.62908991,-475.3344239285944,0.0005287533333333335,0.04706727113927343,0.4977118031968796,49.78472054249956,705890
211.99,707940,217,3258,5328,2057.0984057,-479.6465134990814,0.0005282066666666667,0.0469626578668209,-0.1299908308133687,51.31301296356062,706710
214.25,708920,217,3261,5332,2074.43453968,-484.5111638849432,0.0005275726666666667,0.047322002630600164,-1.2526116291165867,54.87892842808843,707661
213.54,709723,217,3264,5336,2051.32547763,-486.28532659090484,0.00052702,0.04704329867560703,0.5146305437844533,53.95975736471323,708490
209.08,710343,217,3267,5340,2006.17387713,-490.36312800816125,0.00052653,0.047887482174805235,2.193959561416081,54.06982479095459,709225
205.7,710863,217,3269,5344,1958.1446454299999,-489.50923810686385,0.0005261819999999999,0.047497811960056424,-0.9720305012805122,56.929363693509785,709747
203.73,711621,217,3272,5348,1930.9602974999998,-485.7175165146433,0.0005257066666666667,0.046846175166480826,-0.015275154750384585,58.699274652291344,710460
204.13,712478,217,3275,5352,1925.3883046199999,-484.9014846959065,0.0005252166666666666,0.04706187861174652,0.5598787877363028,50.43935101302629,711195
203.92,713432,217,3278,5356,1904.0227196600003,-481.2832578865078,0.0005245386666666667,0.04568295335260833,-1.3442214706633564,55.785923256691326,712212
205.43,714421,217,3282,5360,1898.7624029200003,-479.6991858194041,0.0005238813333333333,0.04569320858911027,0.15839860910593076,48.37400017671807,713198
206.5,715367,217,3286,5364,1906.2112529399997,-477.87672475422397,0.0005232413333333333,0.044137358558520176,0.6202863722897032,49.798540599038155,714158
207.03,716307,217,3289,5368,1897.6883112199998,-473.6896712474334,0.000522614,0.044666347380440966,-1.1309953889785669,47.44142471215664,715099
209.97,717354,217,3293,5372,1916.76409907,-478.4417583264803,0.0005218986666666668,0.04423140416804113,0.5188010153017546,47.48945454379969,716172
212.81,718410,217,3297,5376,1947.4677748900003,-473.3871648167327,0.0005211746666666666,0.04458343644521765,-0.07888570608254468,47.32132532960743,717258
213.79,719200,217,3300,5380,1972.2330499100003,-477.2192475545472,0.0005206993333333334,0.044434965480098405,1.8272176724112494,45.123306443019466,717971
214.33,720039,217,3303,5384,1981.25963673,-471.01729538861446,0.0005201153333333333,0.04435169716895211,0.7463759283224741,43.764946283078665,718847
217.2,721056,218,3307,5388,2001.7259268399998,-471.04464186537325,0.0005194746666666667,0.044304793585815704,-0.682103214953183,51.252511227865355,719808
217.72,721855,218,3310,5392,2012.36161838,-469.37653532851164,0.0005189066666666666,0.04339074687606792,0.6298492677925807,43.99878364408077,720660
218.06,722771,218,3313,5396,2015.6263447600002,-469.09369645028744,0.000518336,0.04347191780875876,-0.7634590639258331,43.06676505646616,721516
218.87,723739,218,3317,5400,2015.0951049199998,-467.48380502911124,0.0005176913333333333,0.042931375621389524,-0.1704794886900898,44.76026960017563,722483
217.46,724611,218,3320,5404,2001.8128137299998,-465.4027998447418,0.000517026,0.043687362151104026,-0.16540846973657608,42.62132027745247,723481
220.61,725732,218,3324,5408,2023.6000166799997,-463.6241305106027,0.0005163933333333332,0.04371978136045592,-0.4351086405345372,41.9912268284389,724430
223.01,726912,218,3329,5412,2060.1404631,-462.75568058805646,0.0005155253333333335,0.04345714393417415,-1.2948390884594347,45.61919401276786,725732
224.66,727972,218,3333,5416,2073.3826176700004,-461.3386659690802,0.0005148433333333333,0.04353607697881383,0.754914480362007,42.44258442199487,726755
226.03,728836,218,3336,5420,2095.3697313,-463.47819654403196,0.000514228,0.043603434437705625,0.3818849880368479,44.766262277480095,727678
227.85,729835,218,3340,5424,2116.77933839,-458.7627726059293,0.000513596,0.0428486205637455,0.5506819213321635,40.40550561763314,728626
227.56,730696,218,3343,5428,2113.4015316100003,-455.4849433898926,0.0005130146666666666,0.042277219779789446,0.01975457400083542,39.13138383865356,729498
226.43,731563,218,3346,5432,2110.3111284799998,-456.1018742826796,0.0005124546666666667,0.04170383286383963,2.079630824708447,41.0210060630877,730338
227.06,732429,218,3350,5436,2141.9199661099997,-454.7831694367644,0.0005118506666666666,0.04191664875650303,0.4118095909878289,40.34274674287606,731244
231.34,733477,218,3354,5440,2210.93139793,-456.3104672315644,0.000511144,0.04131244500703097,0.6130017420140709,41.916555982848905,732304
236.31,734494,218,3358,5444,2279.41016633,-456.1018514737216,0.000510484,0.041904240345413034,-0.7604633604396474,43.03182498585094,733294
240.74,735695,218,3362,5448,2320.55175766,-457.05989672254015,0.0005097953333333334,0.04173681852440317,1.499145688293697,39.724075564137706,734327
244.14,736892,218,3366,5452,2353.35917625,-460.7395566045021,0.0005090046666666667,0.04186574428589368,0.21217386333309873,40.5984039501268,735513
243.46,737778,218,3370,5456,2363.7949008,-460.6701514781605,0.0005082846666666668,0.042460801953619176,0.4151413230462508,39.54281983115456,736593
241.2,738541,218,3373,5460,2357.2977295100004,-460.46784632980444,0.0005077786666666666,0.04267979959014115,-0.034701144619352496,39.55430327251459,737352
239.09,739276,218,3376,5464,2327.37467789,-462.912474216559,0.0005072840000000001,0.042344362976459354,-1.2121521631876628,39.93464029752291,738094
238.1,740117,218,3379,5468,2325.2090568599997,-459.9111072379099,0.0005067286666666667,0.04196767855278203,0.6057471569994806,39.67707913358446,738927
235.4,740894,219,3382,5472,2308.04461631,-458.8154312659954,0.000506176,0.04255058410866507,-0.1404595361358818,45.20579711870215,739756
234.04,741814,219,3386,5476,2294.72750363,-456.28024793247096,0.0005056006666666666,0.042871341829138675,-0.8514743412750355,43.341695813165195,740619
235.14,742714,219,3389,5480,2297.3304509799996,-457.0645931162733,0.0005049873333333333,0.04148980225337313,0.3223427762376501,38.963313561297475,741539
236.62,743701,219,3393,5484,2290.01886543,-454.71881829538654,0.0005043433333333334,0.04223317986414317,-0.1799995968899419,40.773006885282456,742505
236.83,744739,219,3397,5488,2293.2056976100002,-457.85376116643187,0.0005036540000000001,0.04256313588531291,-0.053056426126448834,40.73368622826748,743539
240.83,745938,219,3402,5492,2340.4188596,-455.33863180487816,0.0005028706666666667,0.0425373538667281,-0.003013666212206056,41.376132135560525,744714
242.07,746978,219,3405,5496,2362.4197061100003,-456.7436080852728,0.000502238,0.04212440649798403,1.3057285381861383,41.536437488975324,745663
242.74,748013,219,3409,5500,2384.06605015,-458.0699621291388,0.0005015166666666667,0.042145135235928353,0.6582146292641049,39.553171839032856,746745
242.87,748898,219,3413,5504,2398.58276037,-461.43167651873176,0.000500878,0.04205815169786542,0.2771147770585174,38.58925499199586,747703
241.96,749928,219,3417,5508,2404.9125651800005,-461.3604693520663,0.0005002273333333334,0.04200286008586172,1.1117606270906613,41.704657360439384,748679
240.73,750985,219,3421,5512,2391.4176505500004,-459.9952233355978,0.0004995286666666666,0.04186308968650258,-0.04471947110217551,38.286185836791994,749727
239.99,751971,219,3424,5516,2385.2124373,-462.3276226489575,0.0004988740000000001,0.04202126716445019,-0.7514686731549053,40.41641361682446,750709
242.0,753036,219,3428,5520,2393.5450209299997,-460.5112735887288,0.0004981233333333333,0.042364846537952965,0.13945386839299068,43.4807892617909,751835
244.55,754290,219,3433,5524,2386.84070175,-466.9891626363065,0.00049733,0.04217252323015699,-0.16802131390508687,44.08757253561296,753025
245.64,755260,219,3436,5528,2397.68286847,-474.19792851861916,0.0004966893333333333,0.04326995098436216,0.15647708132581892,46.75583234822975,753986
246.0,756163,219,3440,5532,2420.3938856699997,-481.14982738192117,0.00049602,0.043862731181203374,-0.1314568640220733,52.03585879007975,754990
246.01,757030,219,3443,5536,2422.99295406,-482.99266300644985,0.000495434,0.044517114065414254,0.1293920212013777,66.19078628185183,755869
243.06,757783,219,3446,5540,2383.82440673,-486.18561578969485,0.0004948913333333334,0.04571594394071669,-0.5859065749606148,63.10717174655101,756683
238.05,758299,219,3448,5544,2323.95995867,-489.3988889421735,0.0004945633333333333,0.045017984243375914,0.9265001586505345,69.04804586683001,757175
231.79,758874,219,3450,5548,2270.37030704,-491.9397374646417,0.0004941873333333334,0.04603172730782936,-0.7349804508275,65.0623693005792,757739
226.75,759567,219,3453,5552,2224.01710879,-497.9956776417085,0.0004937240000000001,0.04555275196032803,1.8911439537131873,62.829435418122,758434
224.08,760186,219,3455,5556,2188.8319449200003,-500.42125104631697,0.00049332,0.046431356923920766,-1.340185809476035,66.71355307442802,759040
224.58,760999,220,3458,5560,2189.6167836600002,-502.1054374646841,0.0004927706666666667,0.047507695853710175,0.6872774628723193,65.16742396804521,759864
223.77,761653,220,3461,5564,2183.37228942,-501.67589650074194,0.000492348,0.04656513541021161,-0.04590807580415097,60.37851510500775,760498
221.63,762280,220,3463,5568,2172.9350068199997,-504.2040731562009,0.0004919166666666667,0.04713346905209733,-0.3919074467892917,56.993126323388054,761145
221.95,763089,220,3466,5572,2162.6314457199996,-504.19708099998377,0.0004913926666666668,0.046532031086841556,-0.0032008386746481743,60.72184978184364,761931
220.42,763856,220,3469,5576,2138.50030325,-504.3151911838799,0.0004908993333333333,0.04682837298531441,0.7744349393115681,56.49131561084917,762671
219.21,764635,220,3472,5580,2117.05705964,-509.7060543679442,0.0004903686666666667,0.04684912179309036,0.44659771438668533,57.53540134929238,763467
216.93,765394,220,3475,5584,2099.7511954899996,-513.5673921671345,0.0004898586666666667,0.04710491810312223,1.4350537768560439,58.22197391759211,764232
214.3,766169,220,3478,5588,2069.51534249,-515.8543290958849,0.0004893513333333333,0.04728143480281497,-0.22025843498318695,59.28310722528502,764993
210.83,767021,220,3481,5592,2016.9620447599998,-516.7995905360102,0.0004888326666666667,0.047724438113567635,0.09439662731055057,59.0894423150397,765771
209.3,767908,220,3484,5596,1989.1727862700002,-516.6090826452131,0.00048819466666666665,0.047590530989967156,-0.6065531397712302,57.2955455215725,766728
207.31,768744,220,3488,5600,1956.9672216300003,-522.3919944523266,0.0004876166666666667,0.04734468642833098,1.7626951505553048,67.05497377023757,767595
206.13,769511,220,3491,5604,1936.1720272599996,-522.5494698302386,0.0004871053333333333,0.047427360308633,-0.5509716909225673,63.70993885057702,768362
205.01,770429,220,3494,5608,1895.4233402499997,-522.5139091528204,0.0004865586666666667,0.0477872109798153,0.11806139193083111,62.22110483634985,769182
199.46,770931,220,3496,5612,1828.8253488000003,-519.7292386911212,0.00048613266666666665,0.04679342231502498,0.13861082896699,65.01433192900498,769821
194.9,771461,220,3498,5616,1777.13700277,-522.7985054129985,0.00048580000000000004,0.047726278373999384,0.08031423234227877,61.4752929175078,770320
192.35,772271,220,3501,5620,1762.9161216800003,-524.5713306295461,0.0004852566666666667,0.047932227474005745,0.049948064417674624,61.08286484904673,771135
187.4,773030,220,3504,5624,1751.2980638599997,-526.1100410523453,0.00048476333333333335,0.047814317017309066,0.5730063459737514,62.24199273334286,771875
185.9,773850,220,3507,5628,1745.5905562300002,-527.3651434063341,0.00048423000000000004,0.047427734903741685,-0.2601927958036724,67.38320382588218,772675
185.41,774704,220,3510,5632,1721.5392121,-522.858886551071,0.0004836626666666667,0.0456968350642985,0.9603364110647977,60.10188721038483,773526
185.33,775563,220,3513,5636,1718.26726658,-520.1313684028491,0.00048309199999999996,0.04579353260627964,-0.12081616018947802,59.002741395381456,774382
188.82,776665,220,3518,5640,1742.0155816499996,-513.339683083927,0.0004823986666666666,0.04635360576760243,1.087774975115762,59.71531173762153,775422
192.57,777556,220,3521,5644,1780.6272996100001,-512.7379127458341,0.0004817733333333334,0.046701377699140866,1.6479811527136434,55.35180423714522,776360
194.14,778288,220,3524,5648,1792.7790197000002,-514.788743960312,0.0004812526666666667,0.045600797859282276,-0.9801971168299906,59.47003507925794,777141
195.04,779071,220,3527,5652,1807.75737345,-515.4783252177795,0.00048077133333333333,0.0466044215839699,1.2739899158477783,61.62356508875186,777863
199.02,780088,220,3531,5656,1846.2892555899996,-515.4498715608016,0.000480084,0.04661274748475184,0.6902533682438696,57.06412592047288,778894
200.83,781082,220,3535,5660,1864.5637317100004,-518.1220066998455,0.00047941333333333336,0.04709207377321011,-0.19647420721279607,56.79522671570649,779900
202.29,781882,220,3538,5664,1889.6886012500001,-517.8271927422073,0.00047885999999999995,0.04717814162146622,0.1201542777760985,59.24364390106976,780730
202.58,782538,220,3541,5668,1892.9400483900004,-517.0666940594247,0.00047843533333333336,0.04716385404954958,0.09243005975175299,70.286627458604,781367
201.27,783216,221,3543,5672,1880.3852813699998,-516.4828027997698,0.00047795133333333327,0.04730020510032773,-0.2755331067102296,60.63825237183344,782093
201.04,783960,221,3546,5676,1872.90625618,-524.9859826591578,0.0004774793333333334,0.04725653985829166,0.3634485059909606,61.44300336516305,782801
200.71,784706,221,3549,5680,1868.24395925,-524.5725345311989,0.00047701400000000005,0.04776566820853043,0.14898465909258857,59.050941287535025,783499
202.23,785617,221,3552,5684,1883.23097401,-530.8885047837059,0.0004763913333333334,0.047349102795124054,2.124219134597495,60.80348252778006,784433
204.15,786584,221,3556,5688,1888.49873839,-532.1568073638498,0.00047578,0.048214351694571646,0.19484754498690776,64.40019738184263,785350
204.51,787472,221,3560,5692,1886.7165074900006,-535.8196348748813,0.0004751693333333333,0.04866776059674953,2.7962627028892055,62.08110714485632,786266
205.01,788409,221,3564,5696,1880.9422321700001,-539.8090465545654,0.00047451200000000007,0.0492100495689859,-1.0019120052456856,66.49983162879944,787252
204.47,789191,221,3567,5700,1872.63101971,-540.683535713681,0.00047401400000000003,0.0501440084307869,0.9012084851375205,64.222635103788,787999
205.24,790035,221,3570,5704,1877.17045208,-543.7740676815499,0.0004734366666666666,0.05013962079012444,-0.5895866510234301,65.74390309973609,788865
203.84,790813,221,3573,5708,1877.5957495399996,-539.9239339566012,0.0004729186666666667,0.04942314687330242,0.2382862365573918,61.3487852079059,789642
208.17,791748,221,3577,5712,1929.0665878200002,-540.0789836027184,0.00047233,0.05000813209584781,1.5343817032113367,64.05512622132593,790525
211.08,792569,221,3580,5716,1960.9335300699997,-540.3509666567943,0.00047172133333333335,0.049963947339746795,1.1638771903808,63.85610960350662,791438
211.06,793377,221,3584,5720,1964.4945583600002,-540.5653582981655,0.0004711933333333334,0.050422825085531385,-0.669817078858614,63.68340580804007,792230
214.26,794456,221,3587,5724,1986.1685721900003,-542.855133502804,0.00047058466666666666,0.05015686036724793,-0.15481956486116377,63.780838626170016,793143
213.83,795233,221,3591,5728,1984.1133041899998,-539.9113807944984,0.00047000866666666664,0.0493376698162589,0.9355248329522726,63.06794162563511,794007
213.93,796097,221,3594,5732,1981.4344979300001,-538.5541863962382,0.0004693713333333334,0.04947891280430706,-1.9305765095378171,71.0143669833656,794963
214.3,796993,221,3597,5736,1980.61377936,-534.8594549204737,0.0004688593333333333,0.048278461640592116,0.3216990219103381,78.27869080000394,795731
213.01,797966,221,3601,5740,1958.80428513,-537.0985240055965,0.00046818000000000006,0.047181962817334215,0.11583796739578248,67.900918505742,796750
211.06,798662,221,3604,5744,1946.1309275800002,-539.8744886489142,0.0004676666666666667,0.0486470451135011,1.6246587407021296,76.96691708337693,797520
211.95,799483,221,3607,5748,1949.61271137,-537.5194292652363,0.0004671453333333333,0.048875902057150186,0.892417236250274,66.85624122619629,798302
213.42,800413,221,3611,5752,1946.9140806799999,-535.5494182203535,0.00046654666666666667,0.04966116381003867,-0.39781768249111926,65.73555234217748,799200
211.27,801215,221,3614,5756,1934.48100495,-535.3925388196376,0.000465996,0.04888234894079064,0.921154389830784,65.82317629909016,800026
209.15,801997,221,3618,5760,1924.71997208,-533.5946454952924,0.0004654446666666666,0.04795327578217555,-1.1568495426422511,62.43487337552584,800853
208.6,802742,221,3621,5764,1926.3217906700002,-532.1864522946108,0.0004649713333333333,0.04883834520343003,0.5548289006303071,64.94457793995073,801563
211.14,803652,221,3625,5768,1942.91580702,-535.2553763724662,0.0004643453333333334,0.04841009255599331,0.3964007342183912,61.475217169684335,802502
213.27,804543,221,3628,5772,1959.0030097099998,-537.2265663338666,0.0004637866666666667,0.047765190521227054,0.44167376403233516,72.2009917024392,803340
214.7,805430,221,3631,5776,1965.66256279,-539.8980634416853,0.00046321000000000003,0.048833313417069764,1.120808999392451,70.37763871173469,804205
215.84,806290,221,3635,5780,1963.8659777399998,-545.89695052739,0.00046258933333333333,0.048558894491873644,0.6994223210483931,68.2704264202389,805136
213.15,806932,221,3637,5784,1930.0881810499998,-547.1657151442307,0.0004621606666666667,0.04865113442333845,2.1500361470075755,80.20541402376615,805779
210.54,807638,221,3640,5788,1919.5829450600002,-549.4620671426096,0.00046168600000000005,0.04912440933447371,1.0419565814156686,73.8777151415425,806491
208.26,808298,221,3643,5792,1899.1803848,-551.113611453917,0.00046123066666666667,0.048591528474012526,-0.10200586896844027,68.79227815023283,807174
207.34,809143,221,3646,5796,1874.1974687800007,-553.6058041023808,0.0004606766666666666,0.0492820436936184,0.27582552279839967,66.67125844689055,808005
207.11,809902,221,3649,5800,1877.84384357,-552.3930946060374,0.00046018666666666666,0.049803493874548355,0.5215925506398648,61.14736612537239,808740
206.33,810668,221,3652,5804,1874.63557697,-549.2448091052827,0.00045964666666666666,0.04998098410784252,0.003329579224662175,69.8535061911931,809550
204.96,811309,221,3654,5808,1862.2689569899999,-550.1666834337958,0.0004592413333333333,0.04995489893802281,-1.55649180823359,62.11063114034719,810158
202.5,811998,222,3657,5812,1833.3719026400004,-545.5626904356714,0.00045877666666666674,0.04965029214965362,0.5433269233680239,66.69595903508804,810855
201.4,812709,222,3659,5816,1819.0871767300005,-547.5833864130525,0.00045830666666666665,0.048977768335204855,0.31717921322227544,64.82238265795586,811560
199.94,813371,222,3662,5820,1800.86356695,-547.1764665818372,0.0004578613333333334,0.048553789515566353,-1.1377398182224754,61.86241718317499,812228
198.04,814260,222,3665,5824,1771.4628939000002,-547.0020863076915,0.0004573080000000001,0.049293264240512384,0.02283343607964723,67.22030946482782,813058
200.08,815241,222,3668,5828,1771.14317275,-546.7797468345584,0.00045669000000000005,0.04822732643259846,-0.9353489677869636,65.54281683186538,813985
199.0,815997,222,3671,5832,1767.3104037900002,-548.4298469347832,0.00045615133333333334,0.04897685535252094,0.026261918819867648,69.34936892680632,814793
198.4,816833,222,3675,5836,1756.540246,-550.4236221313477,0.0004555900000000001,0.04876145578147668,-0.5662146559301412,68.65693839091175,815635
196.35,817601,222,3678,5840,1765.3341477099998,-553.6842397054037,0.00045506999999999996,0.04957083905095695,0.24935510145720616,79.1429672241211,816415
197.24,818386,222,3681,5844,1766.2155189,-552.157712104993,0.00045456399999999997,0.049951309648652874,-1.6143797689523451,72.90592159369054,817174
197.85,819268,222,3684,5848,1769.1988190799996,-553.4575741087617,0.0004539386666666667,0.04964596161510757,-0.9727231976115256,73.25325197083144,818112
196.43,820056,222,3687,5852,1741.00127077,-552.5333899072854,0.000453414,0.04963056247187666,1.2752060635262226,69.03928069608757,818899
197.19,820934,222,3691,5856,1756.3448403999998,-555.8453102276954,0.0004528593333333333,0.05090229285808353,0.4813623728948238,70.99786987965241,819731
197.17,821714,222,3694,5860,1764.1662551099998,-554.8604219876803,0.00045230400000000005,0.050200250859443955,0.23262639534779084,66.12050084823217,820564
200.12,822754,222,3698,5864,1776.8322658200004,-555.1434855297945,0.00045167333333333336,0.05013643504038963,0.6155871338717385,68.04313478361064,821510
199.88,823640,222,3702,5868,1767.7965526500002,-553.6509814495807,0.00045105,0.04940911058102038,-0.10643128894425773,68.26072482129076,822445
198.67,824410,222,3705,5872,1769.0021671499999,-551.498374410195,0.00045050933333333335,0.04969342097197429,-0.35126789961711014,68.9808185501854,823256
199.22,825352,222,3708,5876,1775.92996384,-546.7223648563509,0.00044991400000000004,0.049246944452760406,0.8706228463880478,63.142083181214225,824149
200.1,826300,222,3712,5880,1790.5894508499998,-547.4191512699941,0.0004492853333333333,0.04827236225254728,0.4101461869845458,62.40451563252092,825092
204.18,827350,222,3716,5884,1832.0048143799995,-545.1545472183848,0.0004485973333333333,0.04717075032734774,0.151169025316471,60.4662206076025,826124
207.65,828403,222,3720,5888,1861.61401105,-543.2107267773841,0.0004478886666666667,0.0468961980409366,0.21601135449961198,59.29479542251461,827187
210.39,829337,222,3724,5892,1908.3000622699997,-538.8127632526437,0.0004472786666666667,0.04699652751136308,-1.2610151033208827,60.827257137105924,828102
210.78,830221,222,3727,5896,1940.5566237000003,-541.2499408486449,0.00044666399999999994,0.04694332105755315,-1.8385743241251251,69.23261866942354,829024
211.64,831066,222,3731,5900,1941.5416717800003,-540.0002880950473,0.00044610000000000006,0.046198905515137,1.56387876085381,60.54667393129263,829870
212.5,831918,222,3734,5904,1958.8033961700003,-542.3675020425627,0.00044556733333333333,0.04766312064510761,1.8101621718689946,62.96454456064961,830669
214.33,832742,222,3737,5908,1979.53869889,-546.3180819203654,0.0004449886666666667,0.04863203106173481,1.411010940473868,69.16854204884564,831537
214.47,833445,222,3740,5912,1999.4226105300002,-550.2982155267447,0.0004444753333333333,0.04917367163794172,1.7263204543137112,63.84975952897335,832307
214.85,834194,222,3743,5916,2028.9917292199998,-550.5177726152648,0.00044401533333333334,0.04920720592758816,-0.6297590945668788,72.87206691287342,832997
217.06,835077,222,3746,5920,2052.48786659,-555.8578001234266,0.00044343,0.049193998902208276,2.221889457768864,65.44679669274224,833875
215.63,835823,222,3749,5924,2060.8366023900003,-555.5614620184748,0.0004429226666666667,0.049747367465646015,-0.9436937356894871,72.12341829215956,834636
215.25,836766,222,3753,5928,2057.2662518399998,-553.4707170670408,0.00044227666666666666,0.04848696179877078,-0.988139132255225,65.9541056482925,835605
215.31,837528,222,3756,5932,2059.4057906699995,-555.9823977448219,0.0004417133333333333,0.04834158942103386,-0.05777017848436222,62.38434611475745,836450
214.64,838297,222,3759,5936,2041.3881138099998,-554.0341999642801,0.00044122799999999994,0.04801552937734847,-0.47392001728083466,69.64131438492129,837178
214.17,839018,223,3761,5940,2028.1624295899999,-555.3535353008069,0.00044077333333333336,0.048455831594765186,-0.7287345544288033,63.88722747668886,837860
214.39,839825,223,3764,5944,2021.81544971,-551.3604520651011,0.00044028000000000003,0.049071955405032404,-0.5299228355288506,65.62076542927669,838600
212.23,840491,223,3767,5948,2008.4855542300002,-554.3757175941251,0.0004397593333333333,0.049564144495180096,-0.05073491833304281,66.03989412555586,839381
212.22,841278,223,3770,5952,2029.65114425,-553.4185287825023,0.0004392746666666667,0.0496245949948562,0.46668734623275643,66.28385182737394,840108
210.32,841966,223,3772,5956,2003.6138039100001,-555.5174184827948,0.00043879133333333333,0.050129225973657626,1.6198992094202855,68.07421784904135,840833
209.23,842637,223,3775,5960,1975.9810575100003,-555.7289509618005,0.00043831733333333335,0.050830238121886584,0.8265146219453147,64.72117591680482,841544
206.33,843387,223,3778,5964,1957.4784405700002,-552.928154612272,0.00043785799999999995,0.05083558745860483,-0.41507421811801964,69.64804699546413,842233
205.88,844228,223,3781,5968,1953.5154787399997,-558.4046314563828,0.0004373266666666667,0.05097091706235882,-0.4547386608625713,69.10540823994378,843030
205.22,844932,223,3783,5972,1954.01151605,-563.2287627575445,0.00043683399999999993,0.051379984244704247,-1.8687823905664331,76.83805905136407,843769
203.78,845730,223,3786,5976,1953.1230110800002,-564.942275390625,0.000436326,0.05005430383980274,-1.5856897547245026,69.94542448425292,844531
202.69,846569,223,3789,5980,1947.1399818499997,-566.612047749181,0.00043577866666666664,0.0495896224853813,0.41687256610521706,66.48848586954097,845352
200.35,847385,223,3793,5984,1926.25551702,-567.2030414003315,0.0004352266666666667,0.048359650373458865,1.4167198224501176,69.5661166566791,846180
197.82,848185,223,3795,5988,1896.7797780600001,-564.6797310071114,0.00043471933333333334,0.04873056663916661,-1.2836369392199394,63.83036064734826,846941
197.4,849077,223,3799,5992,1884.18866157,-560.6693032004616,0.00043411933333333333,0.04745903190842924,0.30706161579346275,62.22202974207261,847841
198.95,850116,223,3802,5996,1906.4479003899999,-557.9588227741459,0.00043350999999999996,0.047716517406732925,0.2918548753842171,62.96695335664897,848755
198.92,850958,223,3806,6000,1913.60341705,-548.9825646816156,0.00043283400000000005,0.04887812923735533,-2.0487839056131167,64.01405444512001,849769
199.84,851902,223,3810,6004,1903.6429397999998,-550.6928739107572,0.0004322633333333333,0.04810422590145698,-0.062340871875102705,66.66448484567495,850625
197.68,852510,223,3813,6008,1882.2826792299998,-548.9044209269734,0.00043172999999999996,0.04894048074719968,-0.28283934701572766,70.11366990324738,851425
197.41,853186,223,3815,6012,1854.8232681999998,-549.8167553413205,0.00043135333333333336,0.048283935251941044,-0.6362727873209046,69.78824120033079,851990
198.55,854049,223,3818,6016,1850.6123685700002,-551.1758187430246,0.000430788,0.04846512976856459,0.8479385474371531,68.60522095210969,852838
196.95,854772,223,3821,6020,1817.54170025,-552.0990576971145,0.00043028,0.04804965913561838,1.5241492812832196,69.66612193697975,853600
198.06,855629,223,3824,6024,1813.59701766,-557.0230760627619,0.00042968066666666674,0.04974143456813344,-1.302495619438214,70.1708320106208,854499
195.93,856359,223,3827,6028,1804.0314518599996,-560.2214913875499,0.00042920266666666664,0.04966004105641487,2.0210428868836545,68.4468726503088,855216
195.75,857103,223,3830,6032,1800.9295700899997,-562.6874817557957,0.0004287053333333334,0.049209185066106526,-0.4990086399990579,69.97136586645375,855962
196.42,857939,223,3833,6036,1825.9950379100003,-566.6874452136811,0.0004281773333333333,0.049427609535909835,-0.6370308555307842,73.58407997857957,856754
197.87,858805,223,3836,6040,1833.5722659200003,-567.7289168371409,0.0004275913333333333,0.050098262374152505,-0.91798415455208,80.04989944024109,857633
197.56,859581,223,3839,6044,1851.1448264499998,-571.5719625065835,0.00042706666666666673,0.048967330727014646,-0.6820877415410588,72.92345087715749,858420
199.17,860408,223,3842,6048,1862.01975931,-572.5345097417417,0.00042652666666666674,0.049349170866543834,-1.0300035253167152,76.96129539738531,859230
198.33,861111,223,3845,6052,1839.1127061700004,-572.9276944673978,0.00042602399999999994,0.04930131635986842,1.6407137150947864,75.29884625948392,859984
197.51,861717,223,3847,6056,1809.5131625699996,-578.9267097921933,0.00042564199999999995,0.05041797352297341,4.0755292720654435,77.15652387282428,860557
196.07,862244,223,3849,6060,1784.8378714899998,-580.7519851192351,0.0004252553333333333,0.05242985685265834,-0.7976308830322758,89.22971513194423,861137
195.91,862978,224,3851,6064,1763.4543175900003,-581.8565476361443,0.0004249006666666667,0.05264021806857165,-1.3623107128283556,76.99163013346055,861669
195.34,863762,224,3855,6068,1742.929781,-588.8158075241815,0.0004242973333333333,0.05345922548856054,1.11557137759733,87.51222082030722,862574
195.68,864500,224,3858,6072,1727.5840398,-592.2020635190217,0.000423798,0.052604012075603376,-0.5341533900047681,83.4001316046863,863323
194.13,865143,224,3860,6076,1707.39642986,-593.7705387213291,0.000423354,0.05366014930395744,-0.46633356198286396,92.31425617902707,863989
192.6,865829,224,3863,6080,1697.6411286100001,-598.5594173855252,0.0004229000000000001,0.05310346566968494,0.551100300749143,83.68160582648383,864670
191.78,866563,224,3865,6084,1699.2582209900002,-601.2150768280029,0.0004224146666666667,0.05388297061435878,1.8120060965418816,81.76525521278381,865398
191.2,867305,224,3868,6088,1700.2311023299999,-602.6390784581503,0.0004219426666666667,0.05478571539667124,-1.2110457263576488,80.64242990811665,866106
191.04,868181,224,3872,6092,1688.0245582999999,-605.6642042404103,0.0004213733333333334,0.05391679013862994,-1.2641854633652203,102.31682404070669,866960
188.56,868972,224,3875,6096,1655.72879029,-604.4417669648808,0.00042082133333333336,0.05393036979281507,0.29677372210398667,83.46675312349582,867788
187.9,869748,224,3878,6100,1640.4431787300002,-604.1161851479974,0.00042027666666666667,0.05480894835954401,-0.9810139196859279,85.32415158983687,868605
189.31,870833,224,3882,6104,1640.61978629,-604.8972275443699,0.00041956400000000004,0.05484507183503846,0.2513307183980942,89.64785400058912,869674
190.51,871561,224,3885,6108,1652.66682699,-606.2961805811468,0.0004190966666666667,0.052679531838534015,-0.9292368873860102,82.0354422803195,870375
191.62,872348,224,3888,6112,1658.4270443799999,-605.8269829868285,0.00041855200000000004,0.053533253036747296,0.11913455517824031,85.42714191468293,871192
190.64,873113,224,3891,6116,1644.9815474,-598.7293625217014,0.00041803866666666667,0.05403609244359864,1.1810469267103407,86.13970889621311,871962
191.74,873946,224,3894,6120,1655.0574438699998,-600.8344830768864,0.00041751400000000007,0.05346051376403832,-0.8751450379689535,80.31412543320074,872749
190.96,874725,224,3897,6124,1640.1414309300005,-595.1460571289062,0.00041695666666666665,0.054673974615771594,-0.35564010986467687,78.23734947762838,873585
191.12,875471,224,3900,6128,1632.9186498000001,-590.7957404149722,0.0004164853333333334,0.05351270420570352,-0.5236882287073353,77.31538507818631,874292
191.56,876259,224,3903,6132,1646.18478978,-584.5954869446142,0.0004159466666666667,0.052196754714963156,0.3445809496847611,83.09724070373194,875100
191.33,877072,224,3907,6136,1639.8067464299997,-583.2092984586149,0.0004154053333333333,0.052908572816365476,-1.0732185885712908,76.90122829127957,875912
189.9,877795,224,3909,6140,1638.08710796,-583.7984409430088,0.00041491866666666666,0.05108019770720066,0.9577898276157868,76.96469133817233,876642
191.68,878749,224,3913,6144,1648.0731101800002,-584.187941092032,0.00041435999999999996,0.05172812067731111,0.13164445592297447,79.17080238130357,877480
192.48,879656,224,3916,6148,1651.7169035700003,-586.4826827752786,0.000413732,0.05094579503428741,-1.757484392308798,79.95750245891634,878422
193.9,880501,224,3919,6152,1684.9593873600004,-585.5857519105423,0.0004131313333333333,0.05114254182161287,-0.19860670802205108,93.81547198184701,879323
197.9,881507,224,3923,6156,1731.73137032,-583.5517173832299,0.00041247199999999994,0.051300094407211005,1.036050253953689,79.49777903108516,880312
202.9,882534,224,3927,6160,1775.00617206,-583.5907294090758,0.0004118266666666667,0.051523425271536444,-0.13559628090959913,81.93327907805747,881280
207.05,883683,224,3931,6164,1803.1210590100006,-579.1764812704957,0.00041110466666666667,0.05016918647114509,-0.49412896309369875,85.6048162954825,882363
209.03,884665,224,3935,6168,1819.9248356400005,-578.7444501456567,0.0004104093333333333,0.04984457837575573,-0.7835938926470482,73.14003121327546,883406
209.26,885426,224,3939,6172,1831.7296128399998,-580.6247692871094,0.0004098166666666667,0.0495325077076753,-0.7040928514798482,80.23162574768067,884295
211.22,886265,224,3942,6176,1847.6882451200001,-578.3613459406672,0.0004093326666666667,0.0515433029951276,-0.949447609605016,73.10941114683409,885021
211.79,887008,224,3945,6180,1868.0418166099998,-578.1579218777744,0.0004087966666666667,0.05121554601514204,-0.7609702595932917,73.53725617582148,885825
212.29,887792,224,3947,6184,1878.6142560800001,-572.5961167725874,0.00040827800000000004,0.05093729629186151,-1.7800514210073441,77.39958323345283,886603
213.56,888661,224,3951,6188,1894.91920717,-572.4250490762354,0.0004076953333333333,0.049711477359741685,0.7632272408260563,69.8159748325503,887477
213.45,889526,224,3954,6192,1906.5810787,-570.8883032937651,0.00040715466666666665,0.049466127656327866,-0.018870579386220394,75.10813170497858,888288
214.94,890466,224,3958,6196,1912.0665158799998,-572.4437708804481,0.0004064893333333334,0.04884404547904667,0.18471616255609613,83.36418746145148,889286
215.5,891298,224,3961,6200,1910.66668285,-569.8129341702502,0.000405878,0.04853870642974096,-0.6726936651628559,71.8439413439326,890203
211.25,891958,225,3964,6204,1872.9158836299998,-566.3303754757612,0.00040546000000000007,0.05018956115485257,0.8966879004087204,73.77517657809787,890830
209.31,892492,225,3966,6208,1842.09341692,-565.1042122133316,0.0004051106666666666,0.05011103843008318,0.8315923021685693,70.79379636702998,891354
208.32,893180,225,3968,6212,1825.9360297599999,-565.1802014473157,0.0004046793333333333,0.05070060951969563,0.9563280872809581,71.05922139485678,892001
208.47,893960,225,3971,6216,1817.62006017,-562.9350346859699,0.000404166,0.050641991043557766,0.34659724054248653,74.14414241456765,892771
208.31,894777,225,3974,6220,1819.8103962699997,-562.5552394978671,0.00040361333333333336,0.04981339643378138,-1.3783884931308954,67.75042012745367,893600
210.67,895792,225,3978,6224,1855.4092580600002,-559.5708706855773,0.0004029413333333334,0.049102802795823665,-0.13130891639739276,69.61997596025466,894608
212.85,896756,225,3982,6228,1894.3904528400005,-553.229096685137,0.00040229800000000004,0.04888809756708464,-0.043318387387054305,68.85227225508008,895573
213.22,897581,225,3985,6232,1894.8078374599997,-552.1882764239643,0.00040174,0.04769688938246217,0.45865094024081565,68.4356921528661,896410
213.05,898377,225,3988,6236,1891.87505318,-555.4115433840408,0.0004011946666666667,0.04883187974697536,-0.49691552722576965,68.98666257956593,897228
214.04,899199,225,3991,6240,1908.6440656199995,-558.2065288181411,0.00040066466666666665,0.04836107438752771,1.676991818670454,74.64891614860663,898023
213.63,900112,225,3995,6244,1898.1533071400002,-557.774003951276,0.00040007599999999997,0.04931211792176864,-0.8944488724724191,68.3949842453003,898906
214.68,901124,225,3998,6248,1907.11192257,-559.5785109075417,0.0003994506666666666,0.049563458745935526,0.464524124485563,69.78592599815582,899844
215.0,902001,225,4002,6252,1919.55682696,-561.281149046116,0.00039880533333333334,0.04983070921770769,-0.04607166724182418,69.42738971439019,900812
212.28,902735,225,4005,6256,1893.62088625,-565.2001634342655,0.0003983293333333333,0.05068354932650639,-0.16662437900616106,75.45243296046166,901526
209.95,903529,225,4008,6260,1871.9543220699998,-567.0815892712824,0.0003978006666666667,0.05064574223507214,0.634295818253691,75.67593492780414,902319
206.01,904284,225,4011,6264,1869.22589285,-567.4901942469138,0.00039728200000000005,0.049936951915038885,-0.7845688952925456,75.2329497363686,903097
205.52,905217,225,4014,6268,1895.45011696,-566.7461210915405,0.0003966966666666667,0.04928002656517525,0.16549349100881033,75.91352909830361,903975
206.59,906085,225,4018,6272,1920.1372304,-569.692844891789,0.000396058,0.0505655234246844,2.2355847701881872,76.3395222750577,904933
207.42,907007,225,4021,6276,1943.5941395000002,-571.3359667827629,0.00039549400000000003,0.05054273609222704,1.1422479104444472,75.19321576157057,905779
207.15,907723,225,4024,6280,1913.3306657700002,-576.1700478830645,0.0003949453333333334,0.05042128781637838,0.4683380838363401,79.50731501425466,906602
207.41,908533,225,4027,6284,1890.1677608000005,-577.499385395988,0.0003944806666666667,0.051449157664033233,-0.2591026454675393,83.72093224134602,907299
204.78,909139,225,4029,6288,1872.0098251300003,-581.6507082751198,0.00039405800000000003,0.05189400351178037,2.64533366252036,88.9577945235872,907933
203.32,909858,225,4032,6292,1848.80728359,-587.6416529966205,0.00039354999999999994,0.05398433707821905,0.5606709701961345,89.53883721855249,908695
200.57,910523,225,4035,6296,1832.4361126700003,-599.0485658707157,0.000393092,0.0557886655772886,2.3028892551698994,98.00653440413936,909382
198.24,911122,225,4037,6300,1813.9984897,-609.1197451799276,0.0003926573333333333,0.05695788310476522,1.8820172261925383,107.49014559271615,910034
196.71,911629,225,4039,6304,1805.4130813800002,-616.9451536773354,0.0003923146666666667,0.06015132323548358,1.2591585177247242,119.7568850773637,910548
195.17,912009,225,4040,6308,1777.1484846800004,-630.6718191227443,0.00039203600000000007,0.06127915384484009,2.0109806757577706,121.85609876605827,910966
191.3,912310,225,4042,6312,1744.5185635100001,-640.5358695414529,0.00039183599999999995,0.06168140732307932,0.35071525822824506,128.44884673161292,911266
186.6,912620,225,4043,6316,1694.4491721100003,-647.9679944837416,0.0003916466666666667,0.06118698956797252,-0.23002103695998322,132.30630111694336,911550
182.34,913011,225,4044,6320,1634.0414943699998,-654.5061628395152,0.0003913946666666667,0.06051751361968361,-0.8809443132899631,123.99307935482987,911928
176.86,913478,225,4046,6324,1546.5665656,-656.7522474627629,0.0003911146666666667,0.059173685716134364,-2.5266603688213314,121.41050114141446,912348
173.79,914135,225,4048,6328,1505.88044318,-663.831342028333,0.00039067533333333337,0.059570716911709155,-1.0746639928260406,110.63954152689351,913007
173.77,914958,225,4051,6332,1488.74241351,-657.3099232549253,0.0003902020000000001,0.05749308348268918,-0.6283147377164467,110.1619180596393,913717
173.31,915708,225,4054,6336,1474.88471848,-647.8719150431485,0.00038964466666666667,0.05667427512641731,-0.08332470470891339,104.93518605890633,914553
172.4,916439,225,4057,6340,1445.3610251700002,-636.0343871321414,0.0003891520000000001,0.05613630157581136,-0.9687862520568942,99.72130397492391,915292
170.7,917182,225,4060,6344,1426.2066845600002,-629.7082236753691,0.0003886626666666667,0.056564246141992576,0.650269639874817,96.36692197607198,916026
168.56,917980,225,4063,6348,1416.53051066,-622.4695541706491,0.0003881486666666667,0.054913769515746454,-0.4097748408292202,102.51867870574301,916797
167.72,918773,225,4066,6352,1386.4212478799998,-616.3591616291645,0.0003876206666666666,0.05573050340652958,-0.5684856257655404,100.2668150909676,917589
168.08,919543,225,4069,6356,1389.76182046,-613.5298171270462,0.00038710000000000003,0.05522069365394359,1.5542292294859075,97.35838141408907,918370
170.54,920583,225,4073,6360,1407.2088144699999,-609.8009994445059,0.00038645,0.05579094802923048,-0.28473883794869487,101.98159441001985,919345
171.66,921450,226,4076,6364,1402.7408525999997,-611.9265838475619,0.0003858533333333334,0.05499829301511608,0.5609264261480691,105.34827662666063,920240
169.49,922166,226,4080,6368,1379.98636976,-611.8554440452939,0.0003853186666666667,0.0555152127075763,1.125048044465837,106.61706917172387,921042
169.32,923017,226,4083,6372,1346.26553566,-613.1985646475733,0.00038476,0.055461777110411004,-0.45648377026076864,101.65553307322274,921880
168.36,923843,226,4086,6376,1316.5395286799999,-609.3107781661184,0.00038420466666666666,0.056203828944840974,-0.4698080694989154,101.09337592543217,922713
170.4,924763,226,4089,6380,1333.7943619600003,-608.900989641462,0.00038363599999999997,0.055143511685587114,0.313191294670105,102.24861766270229,923566
170.23,925556,226,4092,6384,1337.0883065799999,-607.492860185339,0.00038307,0.055371260183288695,0.8601689511157097,100.35036403574843,924415
171.26,926265,226,4095,6388,1327.4057794500002,-607.0457079541552,0.00038260133333333337,0.05511474337142248,0.5961228327436762,111.36667503105416,925118
170.22,926880,226,4097,6392,1311.29468878,-615.7705068119237,0.00038218866666666663,0.05740988550738233,0.12487455469663025,110.10937787665695,925737
170.5,927573,226,4100,6396,1308.70078427,-621.2314405653212,0.0003817473333333333,0.05840301364660263,1.4126775387260648,118.41360965304905,926399
172.94,928416,226,4103,6400,1339.0987202000001,-636.3794500177556,0.0003811733333333334,0.05892909736919009,-0.8260054248423616,127.69450261770201,927260
175.8,929209,226,4106,6404,1371.02007181,-646.9380403328768,0.00038065266666666663,0.06095272517113975,2.001787362934707,130.3652658834086,928041
178.66,929875,226,4109,6408,1414.64011251,-655.0446312747785,0.0003802133333333333,0.06270886754700497,0.37973179390181355,128.0013013811254,928700
183.09,930619,226,4111,6412,1472.8773872100003,-659.3387678816512,0.00037972533333333335,0.06198334695922362,-0.018709947289647283,126.60275689202386,929432
187.37,931357,226,4114,6416,1524.68055475,-656.9472502809663,0.0003792093333333333,0.06103828120664511,-0.3249988662463993,120.73594452415765,930206
191.84,932195,226,4117,6420,1591.1850847800001,-656.5304377016814,0.0003786693333333333,0.06047366642109726,-1.146299335749253,119.98114126454229,931016
195.81,933059,226,4121,6424,1665.1610109,-658.7741046662027,0.00037810600000000007,0.05957914060576165,0.7828245061509153,128.5006775551654,931861
197.66,933901,226,4124,6428,1691.5298624800002,-657.3736409505208,0.00037751466666666666,0.05973195391041892,1.4403498340220677,123.57880648658389,932748
199.06,934864,226,4127,6432,1718.56089783,-658.0936349535746,0.0003769193333333334,0.06017514995284497,-0.2281412524836404,126.00852306305416,933641
198.68,935576,226,4130,6436,1726.4389310199997,-665.2468648381258,0.000376386,0.060862682525712156,0.8045493857398707,130.72356682422898,934441
197.81,936220,226,4132,6440,1705.2337146700002,-673.4257774875589,0.00037596600000000004,0.06378601802742645,-0.7138812443981432,136.90360155497513,935071
196.39,936821,226,4135,6444,1680.8417569599997,-677.2385378555513,0.0003755573333333333,0.06439553332370772,-0.7594760257593343,140.50002847590918,935684
192.4,937220,226,4137,6448,1624.59633515,-689.1131551991339,0.0003752273333333334,0.06479499840002129,-0.4730923823688341,140.85163497924805,936179
188.04,937577,226,4138,6452,1570.1151248899998,-695.7950789288776,0.00037500466666666666,0.06553781132509069,-0.08380437042655015,150.00664176010503,936513
185.49,938092,226,4140,6456,1519.5524421,-698.3148137574555,0.00037471066666666664,0.06586032216587374,1.0088503613907804,155.74493514850576,936954
181.17,938700,226,4142,6460,1483.6993377199997,-705.4949317700936,0.0003743013333333334,0.06597928019861381,-1.3120236225200421,156.9931729634603,937568
179.27,939377,226,4145,6464,1470.80137773,-704.9494674117477,0.00037386200000000003,0.064970681946429,-0.5506632980846223,146.10384308345735,938227
179.17,940083,226,4147,6468,1445.5474662299998,-700.4620853253265,0.0003734113333333333,0.06504643801136396,-1.734167434979434,148.0162136400517,938903
178.67,940884,226,4150,6472,1451.16380786,-690.4092719306773,0.00037286333333333335,0.06442120617331423,-0.7297184677685008,135.71141545912798,939725
178.12,941655,226,4153,6476,1461.67435369,-685.500464562925,0.00037235666666666665,0.0641653096506015,-1.1297603419407662,136.20297154243747,940485
177.01,942464,226,4157,6480,1464.6644973199998,-683.8886844800866,0.00037180000000000004,0.06274469127959531,0.33348390686771145,139.46938116654107,941320
175.79,943135,226,4159,6484,1450.75692506,-677.5707673222186,0.0003713413333333333,0.06283805591155248,-0.7265982807400715,136.74867703541216,942008
175.86,943851,226,4162,6488,1445.43877564,-678.578277415475,0.000370888,0.06281899231470238,0.009837574877981412,140.79352216127901,942688
176.76,944556,226,4165,6492,1437.72071283,-677.8887741088868,0.00037037933333333327,0.06335989865474403,0.7902066357433796,143.34893755912782,943451
177.48,945321,226,4167,6496,1434.4889040700002,-679.5695666190906,0.0003699273333333334,0.06465758268649761,0.5014415973272079,141.06623073480068,944129
175.88,946004,226,4170,6500,1407.37081047,-679.881590138311,0.000369444,0.06421114986195513,-3.2153760172102763,141.39440117711607,944854
177.42,946951,226,4173,6504,1397.98136216,-680.3199190848214,0.00036885,0.06262172028422355,1.2429901392119271,140.61426858084542,945745
179.24,947799,226,4177,6508,1426.44789742,-677.7004656831095,0.0003682846666666667,0.06247359877529223,-1.8155372049197678,135.19669685679034,946593
180.75,948694,226,4180,6512,1440.1760961100006,-676.5676315813832,0.00036768999999999994,0.06432881495822662,0.43054256620000325,139.17910672590065,947485
180.49,949406,226,4183,6516,1439.0679965499999,-671.6790758977171,0.00036717733333333337,0.06276814332689906,-0.9530646234262184,143.13671590461107,948254
179.99,950194,226,4185,6520,1433.7280698099996,-671.1190070657169,0.00036669,0.06317569933393423,-0.42154313045389513,148.46441430484546,948985
178.38,950897,227,4188,6524,1420.1104778699996,-674.1402243477958,0.0003661413333333333,0.06291060293359416,-0.2531043222972325,153.3877124786377,949808
175.11,951412,227,4190,6528,1365.45108611,-671.3577045641447,0.000365826,0.06319486598173778,0.9846142248103493,147.24838450917025,950281
171.18,951982,227,4192,6532,1321.31775799,-670.1636908169451,0.00036543800000000005,0.0624334422678783,1.3390095727197056,144.7744970387426,950863
169.73,952549,227,4194,6536,1293.7874976199998,-677.5925572549144,0.00036506133333333334,0.06231126484851683,2.1969962135437995,144.93077141546433,951428
170.73,953293,227,4197,6540,1312.9533554,-675.9624449033995,0.00036461733333333334,0.06272068764712359,-0.8590125953828966,151.18617825894742,952094
172.01,954022,227,4200,6544,1331.75302401,-676.2526013056437,0.00036411533333333335,0.0633718112949282,0.8462781372169653,143.70931164423624,952847
175.52,954772,227,4203,6548,1365.77749003,-675.1343770345052,0.00036358800000000003,0.06480167045568426,1.5717021390795707,134.7224376678467,953638
178.99,955476,227,4205,6552,1416.1977702699996,-672.6142586928147,0.0003631373333333333,0.06406158602868135,0.047196587117818684,135.9620128411513,954314
179.71,956063,227,4208,6556,1463.2692619900001,-665.6100949815884,0.0003627326666666667,0.0635052646516235,0.9389854794854571,136.81098306254975,954921
179.99,956699,227,4210,6560,1484.01744145,-664.6221741734289,0.0003622966666666667,0.06332175256632969,-0.3961099646368079,132.18741700398988,955575
180.93,957470,227,4213,6564,1461.8271701600004,-668.0162334442139,0.0003617866666666667,0.06215002093813382,-0.9691067989915609,121.927310526371,956340
181.45,958228,227,4215,6568,1453.7416236300005,-662.2745571714458,0.00036132066666666663,0.06234888375426332,0.12601152243036212,132.44009804003167,957039
182.26,959110,227,4219,6572,1459.67315679,-661.2127676614901,0.0003607393333333333,0.061903426778025746,0.5584291516280756,127.23960098638767,957911
184.36,960091,227,4222,6576,1452.65561189,-662.000634431839,0.00036012066666666666,0.06205695231619757,-0.3245718963444233,128.21011412143707,958839
184.37,960901,227,4226,6580,1445.94972828,-659.378672880285,0.000359536,0.06299231216019276,0.036303208154790545,134.7749600503959,959716
185.91,961726,227,4229,6584,1468.0215319499996,-658.5093765704952,0.00035898399999999996,0.06394165723818784,-0.4517768732985558,127.43698307505825,960544
186.82,962533,227,4232,6588,1499.5522626299996,-657.7739638083892,0.00035844333333333333,0.06352961231120594,0.08628466740952737,130.17576611104437,961355
188.7,963426,227,4235,6592,1537.3673865899996,-659.875758730132,0.00035785999999999994,0.06391570588638043,-0.36567694796570416,124.64393030363938,962230
187.26,964047,227,4237,6596,1525.3930033300003,-661.1843626929111,0.0003574113333333333,0.0638060160591954,0.25207695316095824,129.6870626230709,962903
188.44,964848,227,4240,6600,1554.80275944,-659.5755508967808,0.0003569206666666667,0.06317892956680485,-0.19764556948627746,133.70618745258875,963639
187.46,965697,227,4243,6604,1561.30475085,-662.3008226297669,0.00035636999999999995,0.06301298241872909,0.5438732474537219,139.30813268887795,964465
187.51,966550,227,4247,6608,1535.5200496400003,-671.5075419581214,0.000355776,0.0628735510415809,-0.5614014079404431,142.2788113261378,965356
185.77,967271,227,4249,6612,1501.90832445,-669.1526629473713,0.00035526533333333333,0.062208730375041835,1.1032268557999585,140.58337567303633,966122
186.02,968008,227,4252,6616,1512.02245257,-667.7021272620376,0.00035477666666666665,0.0629226411787831,-0.009429286025008378,139.31085310176928,966855
184.33,968627,227,4255,6620,1491.5155786299997,-665.5261717204806,0.0003543166666666666,0.06323785683776759,0.12083243644690211,139.88610450326138,967545
181.01,968998,227,4256,6624,1438.59889029,-660.1295195788872,0.0003540566666666667,0.06431271226667776,1.5852451295387455,145.2095272715499,967935
180.42,969454,227,4258,6628,1418.5981516699999,-664.3943060672644,0.0003537866666666667,0.06353667553401354,-1.6960863028511857,150.57598345207447,968340
181.5,970132,227,4260,6632,1407.6059418699997,-664.5789832481971,0.00035339866666666663,0.06355298967697681,2.0587478634638665,143.45333580603966,968922
182.42,970791,227,4263,6636,1409.71626034,-665.5796690882898,0.0003528986666666667,0.06349346918460413,-1.433532209686153,143.56815827090438,969672
180.87,971380,227,4265,6640,1379.9270035999998,-666.8893282837663,0.00035252266666666667,0.06433747233422987,-0.14064025366964517,142.68152440545018,970236
180.82,972104,227,4268,6644,1401.6102341300004,-672.9597197741997,0.00035204800000000004,0.062136057718861396,-1.873345384147109,143.385180496588,970948
179.99,972771,227,4270,6648,1431.1407303199999,-670.5855208176833,0.0003516033333333334,0.06263584495545962,0.9524789196558487,145.7413166730832,971615
180.68,973544,227,4273,6652,1464.40457978,-669.2264542118196,0.0003510926666666667,0.06256084930374875,2.915020863581363,145.85850517870642,972381
182.29,974292,227,4276,6656,1475.3899453299998,-671.1637422635957,0.0003505986666666666,0.06352567092164771,0.46899660105829116,138.73340358981838,973122
183.67,975066,227,4279,6660,1471.9620315,-671.0158368539119,0.00035008133333333335,0.06456238382320473,-0.035646407068639564,143.74526341756186,973898
181.78,975648,227,4281,6664,1497.2423230900001,-670.6099332682292,0.0003496726666666666,0.06499004100759824,0.46713857968648276,146.2170063273112,974511
180.03,976231,227,4284,6668,1519.29744916,-670.3270690459058,0.0003492733333333333,0.06668372323414437,1.3867674855361307,145.54238289280943,975110
178.09,976919,227,4286,6672,1504.44560557,-673.8922492689122,0.0003488433333333333,0.06699529070346082,-1.1504313997883615,153.2452664401362,975755
176.16,977707,227,4290,6676,1500.0249962300002,-674.5832970660666,0.00034831666666666674,0.06617787736560045,-0.3704984020809882,153.30375149692944,976545
175.44,978445,227,4292,6680,1495.7700931,-680.4634459390805,0.00034783733333333336,0.06510894650841034,-0.682145138007368,148.32937159014574,977264
173.28,979054,227,4295,6684,1486.4434161,-686.3420294103488,0.00034740533333333333,0.06653631342128968,1.0731760506898584,151.71770541768677,977912
171.81,979714,227,4298,6688,1467.5101233199998,-692.0411346215996,0.0003469913333333333,0.06780667158125116,0.9203801318038282,148.8845382800205,978533
168.89,980315,227,4300,6692,1444.4368850600001,-697.3373555376486,0.0003465526666666666,0.06732727143844944,0.09179632027456365,176.13658830139534,979191
169.74,981021,227,4303,6696,1451.32879143,-700.8579881293922,0.00034612466666666665,0.06695930649076352,-0.45680861838126297,174.76369027315715,979833
167.05,981553,227,4305,6700,1399.19729894,-704.527673791956,0.0003457206666666667,0.0680300705594781,0.9545077975885368,157.64774638046453,980439
165.33,982230,227,4308,6704,1379.1625782400004,-706.6129696719296,0.00034529333333333336,0.06897660787705776,-0.12928006407264228,167.20692075716033,981080
162.59,982809,227,4310,6708,1359.1692341599999,-704.8989470108696,0.0003448913333333333,0.06801651671960735,1.2982018175332442,170.29167379849198,981683
162.67,983538,228,4313,6712,1378.38442882,-701.0044179815995,0.00034443666666666663,0.06766877668468575,1.0307634086985338,160.48310562936882,982365
161.84,984192,228,4315,6716,1378.0059847499997,-700.6750720214844,0.00034398333333333334,0.06709486976265908,0.25579816778500875,165.453046875,983045
163.46,984973,228,4318,6720,1397.9629295900002,-703.287317207532,0.0003435006666666667,0.06677182267109553,0.18380094124720647,159.22078544421075,983769
167.08,985706,228,4321,6724,1447.6393734899998,-700.945817650263,0.0003429886666666667,0.06581801801320895,1.579153882798238,155.8191639502444,984537
170.37,986491,228,4324,6728,1503.9403980900001,-703.6384317215962,0.00034250000000000003,0.06673430677634387,-1.923999192726672,157.07859901926625,985270
172.03,987335,228,4327,6732,1545.17531257,-702.1062845238505,0.0003418986666666667,0.06676313034894708,-0.16820052646855427,158.9548888689621,986172
173.69,988160,228,4330,6736,1585.3892370200003,-701.5401223637003,0.0003413626666666667,0.06782013392115867,0.5594529010707217,153.4227788376706,986976
176.95,989075,228,4334,6740,1630.2359265300004,-697.5256929486711,0.000340784,0.06756464357130995,-0.3564371377508217,151.05463929933921,987844
180.88,990192,228,4338,6744,1633.99856444,-696.8118038250569,0.0003401306666666667,0.06699502042769473,1.212907604330801,154.34884564629917,988824
181.77,990948,228,4341,6748,1622.7472027299998,-695.6000628201467,0.00033949933333333337,0.06888163606372644,-0.7451982948015321,158.92146466812997,989771
181.93,991737,228,4344,6752,1602.70130375,-696.9632942544755,0.00033895866666666663,0.06881055430551271,-0.04267314061447604,164.8016526495392,990582
181.45,992437,228,4347,6756,1597.86054797,-696.5641591061828,0.0003384953333333334,0.06783514565998508,0.11157479337466661,170.96554651568013,991277
181.48,993214,228,4349,6760,1595.6769563899998,-702.8497192382813,0.0003379893333333334,0.06816564730058114,0.5442876597245534,169.12309487660727,992036
184.91,994139,228,4353,6764,1614.7478523300003,-703.8460912570148,0.000337372,0.06733002820590013,0.09016724287624091,172.51689311820016,992962
188.4,995071,228,4357,6768,1632.0671013100002,-707.430531461474,0.0003367606666666667,0.06878185180396261,0.5969551228721377,173.72570550945443,993879
190.53,995972,228,4360,6772,1631.20294811,-709.6327972412109,0.00033612866666666663,0.06929127024787088,0.12722062343551266,181.12604547316027,994827
189.5,996657,228,4363,6776,1626.4452166300002,-708.169181780134,0.0003356633333333333,0.06929883922849382,0.36835874148777553,186.0970071847098,995525
187.08,997153,228,4365,6780,1609.24663611,-705.9179508778271,0.00033528599999999996,0.06905021699587943,-0.08183468046767936,176.1666505086488,996091
186.35,997689,228,4367,6784,1600.96101516,-709.5331294072139,0.00033496999999999997,0.06708928681426234,-2.2048217143331255,186.7332934094714,996565
185.65,998279,228,4369,6788,1567.6161225199999,-710.0103759765625,0.00033457466666666667,0.0675277408884197,0.6552014248292954,172.59434865732663,997158
184.77,998792,228,4371,6792,1527.34902324,-711.6842152471128,0.000334226,0.06858459387136542,0.8297652337862098,174.30596399721892,997681
182.25,999246,228,4373,6796,1490.4422196899998,-713.6053009033203,0.0003339213333333333,0.06897887425316919,1.11434379796828,175.98623448033487,998138
181.94,999747,228,4374,6800,1468.54898282,-712.1628004171081,0.0003336046666666667,0.07040114353521396,-0.6776641289056358,184.16773029909297,998613
182.02,1000432,228,4377,6804,1488.9631516399998,-713.439113641876,0.0003331666666666667,0.07074852760126388,-0.6346004932534461,184.91051557952284,999270
183.82,1001191,228,4380,6808,1521.9867995,-723.3029859311113,0.0003326486666666667,0.07146674067339051,-1.3173730629626836,189.88057944039318,1000047
185.76,1002114,228,4383,6812,1529.34053918,-726.3885492645534,0.0003320526666666667,0.07081543997061991,0.569065737249577,194.01338249814194,1000941
186.19,1002811,228,4386,6816,1526.3598652500002,-731.8138270577984,0.00033158600000000003,0.07146842840188991,0.6696325490574637,186.3962757773028,1001641
186.64,1003637,228,4389,6820,1535.2552968100003,-729.747437686012,0.0003310573333333333,0.07132766573202043,-0.33071365838959105,189.97684598650252,1002434
187.21,1004427,228,4392,6824,1557.90165854,-729.242367994339,0.0003305053333333333,0.07063441863034499,0.18277688204923415,212.26235272412632,1003262
187.65,1005256,228,4395,6828,1571.5009860300001,-730.4934314676465,0.00032994933333333333,0.07076567859125779,0.6932867433992737,186.37278583338443,1004096
185.99,1005934,228,4398,6832,1574.69691298,-735.2922799246652,0.00032948466666666665,0.07031499842802684,1.2203831854320708,191.84405241466703,1004793
183.65,1006525,228,4400,6836,1546.32844165,-739.682272183693,0.00032910133333333337,0.07071758383664034,-0.14404137154756966,196.65906472933494,1005368
182.12,1007287,228,4403,6840,1533.6417594299999,-736.5942964939712,0.00032863,0.07187911476186246,1.4349466734538878,226.69926981843275,1006075
179.17,1008109,228,4407,6844,1506.8957340700001,-740.1115133666992,0.00032801533333333334,0.07307628091424703,-1.24611454308033,213.25014469146728,1006997
179.22,1008870,228,4409,6848,1483.84218788,-742.5141352900753,0.00032757533333333335,0.07162666169029695,0.8095810612042745,199.7095851191768,1007657
177.77,1009514,228,4412,6852,1431.23041382,-741.1039142517382,0.00032708533333333334,0.07175640462403092,-1.2471612674767891,194.9606620387027,1008392
176.5,1010087,228,4414,6856,1363.1583005300001,-732.5633964538574,0.0003267026666666667,0.0735735577181913,-0.6565823890268803,188.99023473262787,1008966
174.55,1010669,228,4416,6860,1339.70189607,-735.9021688509388,0.000326336,0.07353273121749654,-0.35734888385323915,193.41696282394793,1009516
170.83,1011222,228,4418,6864,1313.65816163,-734.1746560121194,0.00032593266666666666,0.07205760657277882,-2.446183758923131,191.94023041032318,1010121
171.58,1012229,228,4422,6868,1295.2857747,-729.1811278493781,0.0003253966666666667,0.07070329846618206,0.42684053943345424,204.5667176748577,1010925
173.16,1013288,228,4425,6872,1310.87448154,-723.7156040495242,0.00032470866666666664,0.06901590466808695,0.15643120410120612,197.0289042119749,1011957
175.29,1014186,228,4429,6876,1328.66296878,-713.0389109749106,0.00032404733333333337,0.06836718858326253,1.2097125361807903,190.55277999953844,1012949
180.46,1015199,228,4433,6880,1373.8714290599999,-700.3164184190031,0.0003233906666666667,0.06706591194199625,0.5549860565090476,184.0899248449973,1013934
183.37,1016026,228,4436,6884,1395.6317247200004,-694.1264444986979,0.00032278066666666675,0.06682195863973947,-0.23538175703566752,207.70295574046946,1014849
187.93,1017072,229,4440,6888,1440.5912864799998,-689.9072184244792,0.0003221286666666666,0.06841010948022207,-1.000321939587593,180.11123984654745,1015827
191.23,1017915,229,4444,6892,1491.4660877899996,-692.1901702184111,0.00032150266666666674,0.06797801975381973,-1.0235508519764904,180.0998360620786,1016766
193.36,1018582,229,4446,6896,1529.7304707800001,-695.9877551396688,0.00032106066666666666,0.06787298243337621,-0.27838365981976193,178.31096402804056,1017429
195.3,1019277,229,4449,6900,1585.8917299600005,-694.4463292772525,0.000320576,0.06849056625059832,-0.40304012666238803,184.8906100977247,1018156
196.58,1020090,229,4452,6904,1595.83028815,-692.6375645977233,0.0003200833333333334,0.06827304531448389,0.39031107282433897,186.52157920215262,1018895
197.05,1020896,229,4455,6908,1598.4614002799997,-690.7403439113071,0.00031955733333333336,0.06870101202678468,1.094584068549531,180.88594382149833,1019684
196.11,1021725,229,4458,6912,1599.5196938800002,-686.4249599042457,0.0003189613333333333,0.06912462393777648,-1.059102057517691,173.35883142707053,1020578
197.25,1022536,229,4461,6916,1602.4479024700004,-687.0143858443859,0.000318448,0.06792678525165995,0.6612492878307668,180.22617925599565,1021348
197.46,1023383,229,4464,6920,1607.0078094699995,-686.2513018886439,0.00031789333333333335,0.06958235411695315,-0.8292161003824626,180.6779108001855,1022180
195.39,1023966,229,4467,6924,1558.15141597,-689.5181163919383,0.00031744600000000004,0.06985483170840247,0.20276728477971306,194.25688487085802,1022851
189.73,1024229,229,4468,6928,1511.42286176,-704.5583946814904,0.0003172246666666667,0.0717342924613219,4.852323869558481,214.64017451359675,1023183
185.87,1024521,229,4469,6932,1464.92068067,-700.3964103929924,0.00031703133333333333,0.07380031862042168,2.1310614455829966,204.87703774192116,1023473
182.73,1024798,229,4470,6936,1447.46765598,-706.6118421957526,0.000316848,0.07527343183755875,1.8954319131206459,211.44058743329114,1023748
177.91,1025078,229,4471,6940,1419.8950840000005,-710.2297799246652,0.0003166606666666667,0.074457108016525,-0.07906152691159929,204.12495160784042,1024029
173.47,1025456,229,4473,6944,1394.18516596,-717.148575415978,0.00031643,0.07365009131339881,-2.8303670974878163,206.49175467857947,1024375
170.61,1025931,229,4474,6948,1377.60101606,-723.4512029577185,0.00031612266666666665,0.07145762857463625,-0.3832867410447862,215.05355750189887,1024836
170.96,1026610,229,4477,6952,1399.4523552100002,-725.6658293071546,0.00031574866666666667,0.07141214295437462,1.9952017723729736,227.7642438788163,1025397
171.8,1027267,229,4479,6956,1450.29746134,-728.3584993150499,0.000315318,0.07331610574490494,0.22341018873784277,211.0593294567532,1026043
172.62,1027931,229,4482,6960,1452.3036545200002,-731.9040043528487,0.0003148346666666667,0.0747644415624985,0.16498195252767422,210.54245367282775,1026768
174.89,1028711,229,4485,6964,1438.75770391,-737.4301788794813,0.00031430533333333334,0.07431187106268054,2.9871514881322834,202.4769545811687,1027562
173.38,1029567,229,4489,6968,1431.00544875,-740.4406450510932,0.0003137680000000001,0.07415383139150677,-1.7668630770857343,197.28656139301256,1028368
170.83,1030371,229,4492,6972,1422.6144290999998,-743.2172498914931,0.0003132126666666667,0.0733502022922039,-0.4145624703831143,222.79820488823785,1029201
169.3,1031116,229,4497,6976,1393.58256319,-736.3174044414632,0.00031264800000000006,0.07218271732619665,-0.004545950195164356,230.40427872741105,1030048
162.39,1031438,229,4501,6980,1312.41296615,-738.9825648477632,0.00031245199999999996,0.07279973017842803,0.13039737041682414,191.00900498481647,1030342
158.38,1031864,228,4506,6984,1263.8985655899999,-736.0266632904877,0.00031218800000000003,0.07192326508261063,-0.8606743683686128,213.87728036416544,1030738
155.61,1032633,228,4517,6988,1241.77234107,-729.3207340178752,0.000311672,0.07344107520329528,1.5723786940466624,231.18715729451102,1031512
153.37,1033252,228,4526,6992,1234.74856518,-731.2282795153166,0.00031126466666666665,0.07351026319359479,3.098132747098019,227.18114696301913,1032123
153.7,1033952,228,4534,6996,1240.72546096,-729.5824640956494,0.0003108886666666667,0.07480078081198789,-0.3821772041670773,204.79809192342495,1032687
151.81,1034458,227,4542,7000,1219.7438304399998,-728.8962434957956,0.0003104566666666667,0.07537451295452263,-0.025927697884217473,218.57586145764998,1033335
149.06,1034996,227,4550,7004,1182.46414925,-731.2998422045226,0.00031010666666666663,0.07442034562246515,-0.5921336215570432,253.57952908857152,1033860
148.42,1035738,227,4560,7008,1169.7577603799996,-730.5828981752749,0.000309628,0.0751581879125701,-0.07603932006491555,221.2640289730496,1034578
146.41,1036366,226,4568,7012,1155.2508850599997,-736.0612669599817,0.00030922266666666664,0.07388873838205287,0.1058607447020551,210.28577926311087,1035186
144.82,1037018,226,4577,7016,1152.06894691,-737.0179887936439,0.00030878000000000004,0.07300056530921548,-0.8897524063969836,211.56899694748867,1035850
144.57,1037840,226,4588,7020,1140.5596860199998,-734.7196694470326,0.00030826866666666664,0.07310801050668463,-0.20929910447619376,203.61412405311515,1036617
146.56,1038622,225,4599,7024,1170.84602938,-731.1751108424548,0.0003077313333333334,0.07271615124959997,0.5305658833865814,234.05673478886405,1037423
151.95,1039424,225,4610,7028,1201.6448867099998,-731.1681400074679,0.0003072006666666667,0.07307558511109913,1.933003120913225,208.54609967400046,1038219
158.13,1040334,225,4623,7032,1237.6452203300003,-726.8150910133539,0.00030653200000000004,0.07322846904050472,0.381663403400155,211.3307445437409,1039222
161.17,1040915,224,4632,7036,1249.65546449,-725.8326555139878,0.00030613133333333333,0.0739501422161565,0.869073739823173,219.8203660179587,1039823
164.43,1041521,224,4640,7040,1248.2613728999997,-725.0387775289602,0.00030574000000000004,0.07367880236485909,0.8373411108707559,243.713472879344,1040410
167.25,1042181,224,4649,7044,1273.43117213,-728.745893747793,0.0003053306666666666,0.07376008144037871,-1.1045278280468311,220.87039598367983,1041024
170.29,1042960,223,4660,7048,1308.0476868500002,-727.1783699245627,0.0003048306666666667,0.07225446898592722,-2.335347219071257,231.81843195923972,1041774
170.92,1043702,223,4670,7052,1331.78253362,-728.7100012207031,0.00030433200000000004,0.0711991961300373,-0.2910058840115865,235.08925496419272,1042522
171.77,1044444,223,4679,7056,1348.7870325199997,-732.7631016945352,0.000303828,0.073313086464697,-0.4106238228934152,230.12177611370475,1043278
173.94,1045325,222,4691,7060,1389.9623289999997,-734.2777739734184,0.00030328200000000004,0.0745376880212528,0.7360016747218806,246.22960822873,1044097
174.84,1046195,222,4704,7064,1400.3855780500003,-730.7437622070313,0.0003026966666666666,0.07715062742883509,-0.5273835027759726,226.90687907825816,1044975
173.02,1046869,222,4715,7068,1394.64731328,-735.5356154221755,0.000302222,0.07815690458967135,0.8756650447845459,227.91268357496995,1045687
170.75,1047446,221,4724,7072,1361.76205544,-737.6793731489992,0.0003018086666666666,0.07655641631363264,-0.488872650791617,236.7364006291807,1046307
167.58,1047874,221,4730,7076,1347.69829014,-734.0101787860577,0.0003014906666666667,0.07677000352682975,0.8403519965135134,237.84813161996695,1046784
169.7,1048408,221,4738,7080,1388.3449334700001,-735.701389622044,0.00030115999999999997,0.07540492847696081,-0.9895785805341359,220.90616875725823,1047280
171.65,1049029,221,4743,7084,1425.2534917900005,-733.8898660714286,0.00030075200000000005,0.0747348888857024,-0.0886302409853254,224.20696672712054,1047892
172.16,1049849,221,4747,7088,1452.6594362399999,-731.0458627965329,0.0003002066666666666,0.07533437399751078,-0.58400091507139,221.60026773049015,1048710
172.17,1050469,221,4749,7092,1464.4948925699996,-732.9016554983039,0.00029980666666666665,0.07519735435121938,-0.6405937389323586,229.0327101255718,1049310
173.57,1051309,221,4753,7096,1492.3337829700001,-730.9001392107554,0.0002992586666666667,0.0760072456971969,1.6403179459003587,225.3847081475925,1050132
176.35,1052093,221,4756,7100,1520.7051255699998,-732.4807147590482,0.0002987186666666667,0.07634222701343955,-0.055246898714376956,224.89959016138192,1050942
180.43,1053039,221,4760,7104,1541.66419895,-735.9536150334554,0.00029809466666666664,0.07777136988474422,1.4357218286067104,231.23265703557212,1051878
183.24,1054062,221,4764,7108,1555.7937702899999,-737.8431637942136,0.000297462,0.07748568229950391,-1.5465131788463382,236.62595870468644,1052827
186.62,1055028,221,4768,7112,1562.38630856,-745.639791117086,0.00029680600000000004,0.07686551950581662,-0.8201069099046451,237.32236814292477,1053811
189.62,1055980,221,4772,7116,1565.7209988500001,-749.6940709894353,0.00029616,0.07639535523273729,0.04565480351448059,241.4120009682395,1054780
186.23,1056463,221,4778,7120,1513.4996821800003,-751.4949222959322,0.00029573666666666664,0.07620911726663852,0.9344048874131564,231.33457788927802,1055415
181.91,1056813,220,4785,7124,1463.6735638,-748.4982268098113,0.0002955306666666667,0.07682729793059362,-0.523990231674987,238.6179583660968,1055724
179.63,1057387,220,4796,7128,1412.10018931,-750.6199883889026,0.0002951746666666667,0.07578654511003044,0.7661149126338208,226.25892266701527,1056258
176.41,1057975,220,4808,7132,1364.8256598199996,-752.2637031157435,0.00029477933333333327,0.07599693628566526,-0.3661765888403942,234.4463534242169,1056851
176.91,1058606,219,4821,7136,1354.7225773799998,-749.0708718601661,0.0002943773333333334,0.07615540766074688,1.2049160577073883,217.81992600839348,1057454
177.71,1059292,219,4835,7140,1359.3845887699997,-744.2370524856279,0.0002939013333333334,0.07722852734040539,0.037732700413128116,228.09741002208781,1058168
177.67,1059948,218,4847,7144,1341.81530464,-743.4320394155142,0.00029348266666666666,0.07723703426686493,1.550059955667805,237.65673467275258,1058796
176.06,1060566,218,4860,7148,1328.72937944,-744.6444777336674,0.00029304799999999996,0.07645151888330777,1.618992428848709,232.25680475649625,1059448
176.37,1061339,217,4874,7152,1314.14771881,-746.1167490366342,0.0002926226666666667,0.07795943573519991,-0.40081257820129396,252.09285369048249,1060086
176.68,1062112,217,4890,7156,1281.92264704,-750.0244455162001,0.0002920546666666667,0.07691597687137638,-0.03838057313228677,235.81305465230182,1060938
177.12,1063037,216,4908,7160,1242.52980814,-746.9639477357546,0.0002914906666666667,0.07613578070384419,-0.4093834334589735,235.2406038192125,1061784
175.89,1063784,215,4925,7164,1249.97669822,-744.9616582720112,0.00029091066666666666,0.07577645002682674,0.2572555898136123,236.01215802584446,1062654
177.2,1064589,215,4940,7168,1265.30571417,-742.9832489416988,0.00029040466666666666,0.07606901779836495,-1.478172347146509,234.6066442145125,1063413
178.13,1065259,214,4955,7172,1281.22678358,-741.9952705784848,0.00028991466666666664,0.07518963564775492,0.9098650562135797,229.047396910818,1064148
180.72,1065946,214,4967,7176,1282.6679872299997,-742.4991650851267,0.0002895146666666667,0.07562038799126942,-0.24233431261290544,237.39880822139716,1064748
183.58,1066766,214,4983,7180,1306.9150000500001,-742.0151393724525,0.0002889580000000001,0.07570669764049963,-0.28691979738825185,233.7477928567048,1065583
185.91,1067620,213,5000,7184,1309.89200555,-743.533848304533,0.00028841266666666663,0.07543546988465692,2.1318372514961803,228.143786931442,1066401
184.03,1068252,213,5015,7188,1291.2948361100002,-739.9049077394629,0.0002879313333333333,0.07583699124951322,0.9229111360902545,221.81686811687567,1067123
183.59,1068828,212,5026,7192,1279.3994062000002,-738.1188468933105,0.0002875373333333333,0.07547448499826714,0.10855016903951764,230.7726091146469,1067714
181.52,1069461,212,5038,7196,1245.41141342,-740.1303199445698,0.00028714733333333334,0.07447710171551772,0.8711191608872212,232.58293022907955,1068299
180.77,1070170,211,5052,7200,1234.39640633,-738.578423017337,0.0002866946666666667,0.07505704977630097,-0.4799223910143346,229.6507376211661,1068978
180.25,1071064,211,5071,7204,1240.6782392900002,-735.9453974756701,0.0002860786666666667,0.07579488817859313,0.28582568980496503,237.77294329939218,1069902
174.3,1071492,210,5081,7208,1205.45683052,-734.0439738821476,0.00028573199999999997,0.0764380839276821,2.106691210827929,258.50372866366774,1070422
168.46,1071874,210,5088,7212,1169.8647573100002,-738.2809582385388,0.00028547999999999996,0.07860107294150762,3.5478113915894056,248.78666318117916,1070800
163.97,1072377,210,5098,7216,1130.3303026,-740.8108615319705,0.00028515400000000003,0.0809564650131082,2.3388618450720333,265.13201822817905,1071289
163.88,1072851,210,5108,7220,1142.2612454799998,-746.0122700352823,0.00028484466666666667,0.08340755567675637,-0.26943083924631916,258.9138867778163,1071753
165.64,1073377,209,5118,7224,1155.08415527,-751.1864099573206,0.000284512,0.0823434371639181,0.647234132334038,272.73263278537326,1072252
165.97,1073984,209,5129,7228,1182.7874292200001,-757.5845575395799,0.00028413600000000005,0.08139615930271464,-1.8167472150152093,259.9904861955453,1072816
166.44,1074619,208,5143,7232,1210.87905304,-761.9732108529158,0.00028367200000000006,0.08189231210102246,0.8902049993905495,260.38977879802076,1073512
166.94,1075300,208,5155,7236,1227.3647643400002,-762.6480428565363,0.0002832713333333333,0.08129943810079408,-1.562487140205336,260.20629039314224,1074113
165.9,1075882,208,5168,7240,1249.8863204,-762.6037489149305,0.00028283266666666665,0.07972470599192161,4.301170201654787,258.7419674343533,1074771
164.07,1076355,207,5178,7244,1248.75031325,-761.1413940429687,0.000282506,0.08131425210407801,0.3536824004990714,251.80837707519532,1075261
162.16,1076782,207,5186,7248,1224.98549518,-766.4131854513417,0.0002822433333333333,0.0812956401673348,-2.440025569304176,262.81238672007686,1075655
160.93,1077432,207,5199,7252,1216.77720243,-764.0531854912787,0.00028182399999999996,0.08003302445948714,-0.2456072217757159,248.72440549642732,1076284
160.84,1078196,206,5214,7256,1229.1733127500002,-755.9404443811487,0.0002813093333333333,0.08024546963933074,0.48721124287004824,258.61980523003473,1077056
158.14,1078851,206,5227,7260,1239.74235946,-751.7460372359665,0.0002808826666666666,0.0798497861734143,0.31185362339019773,229.33913834183303,1077696
155.93,1079377,206,5238,7264,1227.4690839300001,-739.788734788161,0.00028048200000000003,0.07987280562520027,-0.11962759632330675,237.56741168682393,1078297
152.7,1079859,205,5248,7268,1215.2338503899998,-742.3933821458083,0.0002801666666666667,0.08134072223821512,1.1149014383554459,238.19904430095966,1078770
152.07,1080466,205,5258,7272,1211.35946184,-738.0294098140687,0.00027984,0.08028302118768842,-1.1654235265386386,259.9639584999385,1079260
150.88,1081034,205,5271,7276,1227.61172566,-734.7640650742719,0.0002794186666666667,0.07992545114893491,-0.8376122299505739,241.27747049137037,1079892
147.7,1081536,204,5281,7280,1183.56844448,-733.3743365119485,0.00027904799999999995,0.07970675352741691,0.027227048312916474,278.99601458381204,1080448
144.17,1082037,204,5292,7284,1135.9768027,-732.1039964415187,0.00027871933333333335,0.08021033190780406,-0.5107741355895996,236.2280747667491,1080941
143.24,1082576,204,5303,7288,1093.67327417,-732.9252960205079,0.0002783553333333333,0.08039786677275385,-0.2321293341262,277.17932161603653,1081487
145.42,1083370,203,5316,7292,1094.3940652800002,-735.2005860834008,0.00027791866666666663,0.08100215544501149,-0.34213216323776546,248.8814286311784,1082142
145.67,1084028,203,5330,7296,1092.4381212299998,-740.6114303686057,0.000277444,0.08034076380312064,0.2640164934905471,264.40827203252513,1082854
145.74,1084744,202,5344,7300,1095.7579382099998,-740.7771645964478,0.00027699733333333334,0.0795740278826343,-1.4800173798911005,272.23667468613,1083524
143.9,1085454,202,5359,7304,1091.01861077,-741.4207073010897,0.00027647999999999995,0.07937223459348867,-0.24319971862592196,239.22391771015367,1084300
146.97,1086189,202,5375,7308,1110.47525825,-741.1254517644899,0.00027596200000000004,0.07987909362866329,-0.2608657726365277,253.73370791704227,1085077
150.57,1086931,201,5389,7312,1133.0408302199999,-740.0992042508187,0.0002754720000000001,0.07941341322061797,-0.6105035564264356,249.0158759371162,1085812
151.22,1087499,201,5401,7316,1134.9200484,-737.543336621758,0.0002750973333333333,0.07923550118191712,-0.080245159921192,235.93052943223188,1086374
152.15,1088066,201,5412,7320,1137.48392551,-730.838286985834,0.00027471333333333337,0.07960418405303035,0.7194887812597206,227.98661197524473,1086950
153.97,1088774,200,5425,7324,1157.51359464,-724.8071340585684,0.0002742793333333333,0.07846816237290184,-0.3665933372912469,234.85555059259588,1087601
155.26,1089510,200,5440,7328,1172.4705477100001,-718.9301809757313,0.0002737826666666666,0.07775413333735567,-0.12652064840844338,242.0814532340841,1088346
157.8,1090399,199,5457,7332,1175.3747504499997,-717.3493603270258,0.000273216,0.07811123237537979,0.32930720960674575,218.02123824076438,1089196
158.48,1091148,199,5473,7336,1186.7854274799997,-713.2158264809466,0.00027267333333333334,0.0769005657589816,0.8079236433544057,222.33144240683697,1090010
161.68,1092050,198,5490,7340,1191.5388037399998,-711.0244994634696,0.0002721026666666667,0.07808424305656682,-0.20550301706366858,224.2231552063712,1090866
165.57,1092912,198,5508,7344,1214.6413539699997,-710.6266593239524,0.0002715153333333333,0.07754434042356231,0.3013104306025939,243.9434479453347,1091747
168.53,1093635,198,5522,7348,1252.78437225,-711.9089503818088,0.000271042,0.07680017397635513,-0.2521413539846738,267.84235297309027,1092457
169.24,1094356,197,5537,7352,1289.3303107699999,-707.0722881663929,0.0002705293333333333,0.0760288759642704,-0.7145911848003214,255.55448601462624,1093226
170.33,1095229,197,5554,7356,1314.8888013,-706.1928764301571,0.0002699893333333333,0.07558883685883278,0.7160542903702116,231.22504646009435,1094036
171.44,1095995,196,5569,7360,1347.4284919800002,-708.5163397619567,0.000269478,0.07501571349383611,1.817355956825508,228.6234423642231,1094803
173.37,1096714,196,5583,7364,1367.54017856,-709.9732120921776,0.00026897266666666667,0.07756734381681718,0.6048638738176357,255.81674693365517,1095561
175.69,1097428,196,5598,7368,1380.7166042300003,-711.5569086371528,0.0002684726666666667,0.07594833711783092,-2.5135077675183615,233.84102450900608,1096311
178.24,1098290,195,5613,7372,1404.9488159699997,-714.0560651506696,0.0002679926666666667,0.07690761487912662,1.4522788909268496,255.22176049143224,1097031
179.49,1098983,195,5628,7376,1416.54792754,-716.7391898677034,0.00026748000000000006,0.07780005473573252,-0.2280696503021432,230.0380161693261,1097800
181.72,1099708,194,5643,7380,1442.7626609199997,-716.9144748263889,0.0002669733333333333,0.07796143860452705,0.0413711408774058,239.11992636786567,1098560
181.34,1100171,194,5652,7384,1467.6703091600002,-713.4004933283879,0.00026665399999999996,0.07836982586349432,-0.5994830945363412,250.18189034095178,1099039
182.0,1100776,194,5664,7388,1491.5476017099998,-712.6446927897135,0.00026626000000000004,0.07767385462919871,0.8652909064292907,257.89306111653644,1099630
180.01,1101371,193,5677,7392,1471.3691918,-718.7773992365056,0.0002658453333333334,0.07910460662661177,0.5111765204053936,248.0090447628137,1100252
179.21,1101949,193,5688,7396,1456.5992995499996,-719.9872272198016,0.00026546,0.07924989937589719,-1.7098940051518954,260.58270345834586,1100830
178.3,1102574,193,5701,7400,1441.91046296,-720.8360700796771,0.00026503333333333334,0.078010966446226,-1.126944762192025,245.8259584540563,1101470
178.32,1103286,193,5714,7404,1439.5698669899998,-726.2172903507313,0.0002646226666666667,0.0795043613365356,1.8653618131123535,252.63692328270446,1102086
177.19,1103908,192,5728,7408,1426.1757375700001,-732.3616179289642,0.0002641633333333333,0.08034580498933792,0.23913093584555167,259.1631135163484,1102775
175.24,1104455,192,5739,7412,1400.96483736,-731.3163915323028,0.0002638033333333333,0.08051955932421041,2.1094163411052516,274.78569615140873,1103315
174.89,1104988,192,5749,7416,1408.0275571399998,-730.0741882324219,0.00026346599999999996,0.08104144725001465,-1.6550585011304435,264.976109908799,1103821
176.77,1105743,191,5764,7420,1436.1155055400002,-732.8726421569038,0.0002629746666666667,0.08267944584332822,-0.15859538521377825,268.1566938801385,1104558
175.53,1106327,191,5778,7424,1445.0583682899999,-735.1453453112559,0.00026251000000000003,0.08232290957384049,-0.9527952617900387,267.8485628358877,1105255
175.15,1107025,191,5791,7428,1448.3414739000007,-739.9665078827829,0.0002620706666666667,0.08110142713694861,0.03666341575709256,291.5775954506614,1105914
173.4,1107739,190,5805,7432,1450.5955631200004,-741.0845158274581,0.0002616213333333334,0.08185668301776172,0.8564256114688346,280.9007409568725,1106588
172.39,1108387,190,5818,7436,1438.66562514,-742.8434132035957,0.0002611673333333333,0.08069262272083616,-0.7932572705918047,265.72824078295605,1107269
170.81,1109131,190,5833,7440,1436.4709166,-739.8455330403646,0.0002607120000000001,0.08184762203031117,0.5610677072736951,272.13596516927083,1107952
165.68,1109480,189,5842,7444,1393.4229144499996,-745.3366506291532,0.00026038799999999996,0.08321893621964016,2.0354186649295105,271.60452358202,1108438
161.09,1109744,189,5847,7448,1336.6485127099995,-743.1101016638414,0.00026021133333333337,0.08409723316161137,2.219696085408049,287.56519216861363,1108703
157.07,1110063,189,5852,7452,1266.6773725100002,-746.9333668023768,0.00026003600000000006,0.08521279640180963,1.8699112358227583,284.8174720011966,1108966
153.18,1110547,189,5863,7456,1197.5046253100002,-744.6662606698495,0.00025970533333333337,0.08707769855305,1.030534604743675,292.067808815285,1109462
151.17,1111112,189,5873,7460,1133.75842992,-748.3491365507051,0.00025934933333333335,0.08661056958235704,0.27678843597313024,285.5983242678952,1109996
149.43,1111657,188,5885,7464,1110.24435582,-750.583747200344,0.000258972,0.08753420485426551,0.01934011863625568,266.40851941316026,1110562
147.9,1112218,188,5896,7468,1102.5300363499998,-749.9722004828052,0.00025860266666666667,0.0863640715724954,1.3662432448886266,267.76716114650264,1111116
144.09,1112699,188,5906,7472,1077.2362199999998,-753.0971110715705,0.0002582806666666667,0.08665931477385053,-0.4546199451058598,266.3043937036547,1111599
143.21,1113304,188,5917,7476,1063.8174130099997,-745.8070082231002,0.0002579153333333334,0.08489040708677335,-1.4085609118143718,278.53362678759026,1112147
142.66,1113974,187,5930,7480,1052.9485755099997,-743.0054563051694,0.00025746733333333337,0.08504500878708703,-0.3540800566023046,283.00874734853767,1112819
144.92,1114663,187,5944,7484,1058.79111476,-745.8990109846897,0.0002570246666666667,0.08437242478932311,-2.0077958531027673,284.105208940954,1113483
145.89,1115365,187,5958,7488,1067.05794675,-740.8345167619468,0.0002565613333333333,0.08235536461328938,0.38087204860074675,311.98282339277057,1114178
144.22,1115793,186,5967,7492,1068.74137441,-742.1546333714535,0.00025626866666666673,0.08273796599946524,0.07100597180818256,275.2931823730469,1114617
143.13,1116262,186,5977,7496,1061.23105186,-746.1660627885299,0.00025590533333333333,0.08301522040908987,-1.0143299888480792,292.34124778978753,1115162
141.83,1116757,186,5987,7500,1053.4214006,-738.5504714302394,0.00025559,0.08396121341249217,0.7769391685724258,315.5344402479089,1115635
141.11,1117397,186,5999,7504,1045.0634782899997,-743.1312167697482,0.00025517733333333336,0.08422840262452762,1.0650524377822876,303.13174591064455,1116254
141.48,1118056,185,6012,7508,1058.11020368,-747.2620615641276,0.00025475800000000006,0.08534641741878457,0.12454589704672496,292.2701019287109,1116883
142.47,1118702,185,6026,7512,1065.97252362,-755.8302007501776,0.000254274,0.08683850860053843,0.4889829841527072,307.7579046075994,1117609
141.48,1119136,185,6035,7516,1060.58094852,-755.1270111972846,0.0002539833333333333,0.08765138591666824,2.743214808621453,340.4942259557039,1118045
140.49,1119792,185,6046,7520,1047.8232982700001,-762.8831827205463,0.00025363599999999995,0.08947013916760466,-0.6239455237875889,340.23611795467184,1118566
142.18,1120545,184,6063,7524,1038.5175587299998,-769.9868746982531,0.000253088,0.08787228861886463,0.32710918985056076,316.6955973593037,1119388
139.84,1121009,184,6073,7528,1026.26242604,-773.285223943537,0.00025273,0.0873040078038519,-0.0660467646338723,333.15308643687854,1119925
137.46,1121485,184,6082,7532,1016.0651477199999,-766.6085669362647,0.00025241133333333334,0.08705809368537022,-0.2246377834906945,303.2432196201422,1120403
135.94,1121981,184,6092,7536,999.49854994,-765.0918735601963,0.00025211133333333333,0.08705374044485581,-0.6551082480666984,303.0311793139857,1120853
134.37,1122568,183,6103,7540,984.59746268,-766.6842460300611,0.00025177133333333335,0.08565988262062488,-0.31697119526241135,292.3205367378567,1121363
137.81,1123261,183,6117,7544,1029.84548709,-766.7643073767274,0.0002512833333333333,0.08616735748759466,0.35293026785155635,332.0284511240283,1122095
142.29,1123973,183,6131,7548,1083.4466313100002,-772.6486162458148,0.0002508013333333333,0.08639387311857372,1.1416018541370119,317.03437596275694,1122818
147.48,1124811,182,6148,7552,1148.2291012800001,-775.7498714192708,0.0002502486666666667,0.08849084936910205,0.9416859616173638,325.1566619873047,1123647
149.66,1125513,182,6163,7556,1199.25318664,-778.4364022990219,0.0002497626666666667,0.08713951792198284,-0.6837480577803751,299.07549303360565,1124376
151.3,1126242,182,6177,7560,1235.12930864,-786.3452767112038,0.00024930266666666666,0.08712118173187429,-0.2004502605308186,322.647885686701,1125066
153.99,1127056,181,6193,7564,1248.4648461900001,-789.2312021157177,0.00024875133333333334,0.08758543904141053,-0.6095799508783006,301.54234251042004,1125893
156.79,1127897,181,6210,7568,1234.36578643,-792.3114530572481,0.00024822599999999994,0.08925230587213233,0.44788849810093784,324.25767407577,1126681
159.45,1128644,181,6226,7572,1225.82410632,-790.9340786166958,0.0002476553333333333,0.08895243704319,0.11743475173736785,318.09519110192787,1127537
160.41,1129345,180,6240,7576,1221.8320335899998,-791.8472322332796,0.0002472133333333333,0.08888855675067851,0.5995153557686579,338.35187179323225,1128200
161.87,1130161,180,6255,7580,1240.77431023,-797.4767111598856,0.00024673800000000004,0.08744822531053335,-0.04670628787267326,324.33047802613515,1128913
163.48,1131011,180,6272,7584,1262.0864064400002,-798.3294055320529,0.00024613933333333336,0.08877230550460664,1.1704956439172798,319.54631506878394,1129811
164.31,1131796,179,6289,7588,1279.02375218,-800.4242108478638,0.00024556000000000003,0.08899234825574258,-0.15825098896948037,344.26966452483396,1130680
164.82,1132275,179,6300,7592,1283.1694826400003,-804.8773561433982,0.0002452066666666667,0.0891101316527556,1.652390586055872,338.69361248453157,1131210
164.56,1132718,179,6309,7596,1290.41841595,-808.7533604645532,0.0002449253333333333,0.09182663249575403,1.6732447038997302,358.562438460421,1131632
162.84,1133041,179,6315,7600,1282.05615644,-810.6012858072917,0.0002447006666666667,0.09345104535420735,3.3933210531870523,353.48134847005207,1131969
160.25,1133422,179,6323,7604,1264.5994308799998,-816.2700638620477,0.0002444413333333333,0.0947547518893292,0.2409089075891595,374.96493048416943,1132358
158.4,1133896,179,6332,7608,1238.73360942,-824.5717023714321,0.0002441513333333334,0.09443884700771392,0.6162171682973546,358.753158449188,1132793
157.47,1134449,178,6343,7612,1231.90381716,-828.4318554370434,0.00024379399999999995,0.09543501319629806,1.2883311316564485,388.7998237114448,1133329
158.11,1134947,178,6355,7616,1218.88828096,-842.585834940926,0.00024341800000000002,0.09619341399825987,1.961475148552754,380.9897576003778,1133893
157.0,1135492,178,6364,7620,1176.225621,-848.9193777901786,0.0002431186666666667,0.09889153738816579,1.0544676928293137,390.5045631045387,1134342
153.3,1135875,178,6374,7624,1132.8627098100003,-852.4016801550033,0.00024278200000000006,0.09871100919677857,1.3913460703606302,379.22988079963847,1134847
153.44,1136353,178,6382,7628,1096.4294887,-858.1804876641913,0.00024253800000000004,0.09933090754426442,0.5549175906312335,373.45438686831966,1135213
154.04,1136889,177,6391,7632,1062.80977703,-860.2016489313937,0.00024225133333333337,0.0986992641427051,-1.8606690469829517,439.3583089894262,1135643
155.13,1137494,177,6405,7636,1055.5886774099997,-857.5902518717448,0.00024178,0.09786083842317263,0.20663296222686767,377.4183750406901,1136350
154.95,1138063,177,6417,7640,1038.54994796,-851.5042925382916,0.00024137266666666667,0.09865228753340871,0.942203413499029,406.69340996993213,1136961
153.08,1138569,177,6427,7644,999.8740420699999,-851.8059124946594,0.00024104800000000005,0.09909618541132659,-0.24064660025760531,350.3452287912369,1137448
149.79,1138952,176,6435,7648,963.5521303899998,-841.6893464509432,0.0002407533333333334,0.09879351561670904,-2.3391080246315346,350.77461132702524,1137890
145.43,1139354,176,6443,7652,922.1819891399999,-842.4190435236151,0.000240506,0.09680309038270604,-1.4145477663386952,357.60008544921874,1138261
143.43,1139856,176,6454,7656,897.3972620399999,-846.8621671652492,0.00024015266666666668,0.0953941630034507,0.39337665068952343,360.56611536726166,1138791
141.27,1140369,176,6463,7660,874.26513113,-839.5584177117598,0.00023984866666666672,0.09498261570146209,0.5504135432996248,373.7763875860917,1139247
138.51,1140907,176,6474,7664,859.0227351499999,-846.0792640586952,0.00023949333333333334,0.09577982688879037,-0.3263549220252347,380.72350400454036,1139780
137.53,1141650,175,6488,7668,861.1913141199999,-849.3066047845884,0.00023904400000000005,0.09646591344891592,0.6043748467467552,379.22227566741236,1140454
137.34,1142378,175,6502,7672,870.7347256299998,-851.2340424636315,0.00023855666666666665,0.09526136419040034,-0.9724848088861882,366.428605704472,1141185
138.79,1143224,175,6518,7676,873.82185956,-855.5502674042866,0.0002380646666666667,0.09395069168656284,0.41100150814855285,396.677444138452,1141923
140.36,1144197,174,6539,7680,865.04068779,-851.8826034268466,0.00023734800000000002,0.09540639018470591,-0.3384695863723755,369.47822592995385,1142998
141.31,1145142,174,6558,7684,867.6313951499999,-849.0322971489593,0.00023669933333333337,0.0955779475394551,-0.04112717600269172,377.7526734330272,1143971
140.11,1145807,174,6571,7688,845.4891621099999,-842.7643360137939,0.0002362186666666667,0.0937072220724076,-1.5315676264464855,366.7913938522339,1144692
142.44,1146519,174,6586,7692,840.3620550800001,-837.9494183001741,0.0002357613333333334,0.09290388562364282,-0.09780468316893504,370.7438876295337,1145378
144.86,1147204,173,6599,7696,847.0847065599999,-839.0203164310778,0.00023530733333333332,0.09390069758993085,0.10451191225967839,375.3627341749978,1146059
148.36,1147877,173,6613,7700,866.6544744999999,-837.8610846899837,0.00023484666666666665,0.09403023136661232,-0.15412250143944184,390.82488105200616,1146750
150.97,1148519,173,6626,7704,874.5992788599999,-839.2441804623176,0.00023443999999999998,0.09421042009385046,-0.29729780929531163,377.93466241345436,1147360
153.37,1149233,173,6640,7708,898.9359819499997,-839.5048787225153,0.0002339673333333333,0.09487951596833996,0.8377160319347972,387.64786529541016,1148069
152.29,1149678,172,6650,7712,886.2516356100002,-838.1254914936267,0.00023359333333333333,0.09655690650668061,-0.5921851752097147,422.26861625805236,1148630
149.58,1149905,172,6655,7716,875.7236889899999,-836.6219365737018,0.00023343266666666664,0.09629304268780876,0.2698459432405584,368.5453334135168,1148871
146.37,1150129,172,6660,7720,882.26416187,-843.5200469970703,0.0002332846666666667,0.09698297878106435,-0.5429259836673737,369.8505167643229,1149093
145.06,1150381,172,6665,7724,885.83432826,-847.2765645980835,0.0002331253333333333,0.09717524307779968,0.21245457790791988,370.00034379959106,1149332
143.12,1150665,172,6670,7728,885.8212837000001,-840.7517716691301,0.00023293733333333333,0.09604227734175888,0.40278320376937454,396.7482984388197,1149614
140.91,1150980,172,6677,7732,888.9579696600001,-844.7287957607172,0.00023273466666666665,0.09609615239195335,-1.4277039093848987,375.788819533128,1149918
139.89,1151483,172,6685,7736,874.76474623,-848.3667041296246,0.00023247600000000002,0.09565271145996006,-0.5430376680417993,436.8138701340248,1150306
141.48,1152211,171,6700,7740,890.86781559,-851.4829198592748,0.0002319753333333333,0.09490294101146551,-0.17679922733551418,392.8405354817708,1151057
145.57,1153126,171,6718,7744,925.88413314,-851.5104667909684,0.00023137733333333332,0.0945932358022659,-0.6565326884869607,380.883729873165,1151954
150.57,1154009,171,6736,7748,960.8206585700001,-844.8608609286222,0.00023076933333333337,0.09480941309170289,-1.1066801363771612,381.93788493763316,1152866
154.33,1154787,171,6751,7752,1000.56826342,-840.6335637273015,0.00023029733333333337,0.09280204994452966,0.2620729961910763,405.37392561629014,1153574
154.92,1155348,170,6763,7756,1014.87346055,-834.4719924926758,0.00022987133333333333,0.09313987211013834,1.1611907860885065,371.6990276972453,1154213
157.75,1156144,170,6779,7760,1044.6154341899999,-827.2929248741938,0.00022934333333333334,0.09458041180495265,0.7948496808360904,386.7539307943867,1155005
160.19,1156926,170,6793,7764,1065.47417861,-821.7333117728625,0.00022886533333333337,0.09266261214559729,-0.9239797210280514,375.26407243472676,1155722
159.4,1157590,170,6807,7768,1069.29185775,-825.5111908685593,0.00022837866666666662,0.09294237835066659,-0.7659494621413094,375.6613916669573,1156452
158.27,1158205,169,6819,7772,1088.1972120199998,-819.1824416640383,0.000227974,0.09283209684657755,-1.1086694168748323,399.19537429335696,1157059
156.88,1158912,169,6833,7776,1098.5191300499998,-817.2611660766602,0.000227506,0.09251279693096875,0.5742297518253326,381.071102142334,1157761
155.14,1159711,169,6849,7780,1114.0948536100002,-808.9516022422097,0.00022700466666666664,0.09265063381330534,-0.019306505606933075,356.17603891546077,1158513
151.53,1160295,169,6862,7784,1099.28118267,-805.4343416238133,0.00022655400000000004,0.09340185870098162,-1.3540169189247904,348.86759784553624,1159189
152.38,1161045,168,6876,7788,1127.52259766,-802.6424737410111,0.00022612600000000005,0.09221690499477765,1.3120156208222562,381.61194931377065,1159831
151.69,1161688,168,6889,7792,1139.81512194,-809.2925771911288,0.00022565999999999998,0.09462800687128077,0.7823450441568927,385.0366651191086,1160530
151.4,1162344,168,6903,7796,1139.0686304600003,-803.2645283749229,0.00022522466666666664,0.09466113870669353,0.5034400028617758,392.1902134543971,1161183
149.99,1162876,168,6915,7800,1133.61522661,-807.823314686112,0.00022481399999999997,0.09613853129487353,2.0953609655956327,400.28868962786527,1161799
150.34,1163553,167,6927,7804,1146.93696172,-801.0184710847229,0.00022442866666666674,0.09627913226600454,-1.1690574804273974,361.26424606707917,1162377
150.98,1164331,167,6942,7808,1150.1896094200001,-805.3342463505733,0.00022390200000000005,0.09481193323607569,-0.6259015070927607,373.72433273513593,1163167
152.7,1164948,167,6956,7812,1165.7448996399999,-805.8589947542405,0.00022343199999999997,0.09445430015657037,-0.5707687471002181,368.5867903602315,1163872
153.91,1165296,167,6963,7816,1170.9453082500002,-811.6987643771702,0.00022320333333333332,0.09379046213709646,-1.085460080868668,372.8854473961724,1164215
155.26,1165655,167,6971,7820,1173.93478464,-807.7923004932893,0.00022294533333333332,0.0943138926075055,0.9250050441831605,380.1527884719718,1164602
159.6,1166341,167,6983,7824,1173.32101417,-807.7035081011694,0.00022254733333333332,0.09662123221271443,-0.04397990493654455,374.78208606647996,1165199
162.98,1166963,166,6997,7828,1176.52582342,-799.3996464202763,0.00022209,0.09687751583381049,-0.019189199885806522,375.2399393324686,1165885
163.38,1167318,166,7004,7832,1185.3915286000001,-802.9622388008313,0.00022185733333333335,0.09636416286230087,-1.349411116196559,369.04734567495495,1166234
164.48,1167931,166,7015,7836,1216.36444975,-797.2327086619841,0.00022148933333333333,0.09681595556246929,0.5215695508015461,414.72764567839795,1166786
164.5,1168661,166,7029,7840,1239.43317802,-797.1009431828213,0.00022102333333333336,0.09606753538052241,-0.42709364897787233,391.6108903615488,1167485
163.26,1169452,165,7045,7844,1250.04620119,-786.6220775486267,0.00022051,0.0942250422979753,0.30755754229948695,399.5054307131423,1168255
162.87,1170296,165,7063,7848,1262.48346907,-790.5622701729293,0.00021991266666666665,0.09455886301873005,0.011608520440295735,396.14207728563156,1169151
162.14,1171001,165,7076,7852,1235.56009301,-789.2957359267159,0.000219468,0.09590399352136565,2.2726942523856835,395.1568536114839,1169818
162.48,1171596,165,7089,7856,1231.3549082700001,-793.3605101761544,0.00021902066666666664,0.09620229610402113,0.44200455838707603,393.8130143281001,1170489
160.15,1172159,165,7101,7860,1210.0069310200001,-797.2337793622698,0.00021862000000000004,0.09624274667086345,-0.9474277288786003,394.69038527352467,1171090
157.11,1172637,164,7110,7864,1176.44807424,-797.3776815771088,0.00021832733333333333,0.09486713926724302,-1.7249150712315628,384.37598078037666,1171529
155.16,1173106,164,7119,7868,1157.96263266,-798.93701171875,0.00021801666666666664,0.09372561530520519,1.392345636089643,383.58266321818036,1171995
154.53,1173658,164,7130,7872,1123.62103321,-799.9176311764107,0.00021764399999999996,0.09404640326991466,-0.6264835042411118,389.3427857313111,1172554
153.09,1174221,164,7141,7876,1096.5705868100001,-797.435656403842,0.00021727799999999998,0.09377747437317077,1.5371965688385376,394.4567434232529,1173103
150.14,1174725,164,7151,7880,1053.26328384,-802.8498139928599,0.0002169333333333333,0.09466521979355422,1.404388965641866,399.5705001080622,1173620
148.62,1175157,164,7160,7884,1005.0780555399998,-808.3706042231346,0.00021660533333333332,0.09622555195677038,0.40020994061515447,426.8614047303492,1174112
146.09,1175654,163,7169,7888,937.72875992,-806.9222117220418,0.00021634333333333335,0.09532365680075763,-0.8255736010797908,410.9965775736262,1174505
143.9,1176078,163,7178,7892,908.61258026,-805.6435778387662,0.000216016,0.09548888424004631,0.15222674676741677,410.06595585264006,1174996
144.1,1176754,163,7191,7896,925.3610126999998,-812.1425425211588,0.00021559399999999997,0.0952985833088557,1.6485172705008433,444.4121293288011,1175629
146.12,1177488,163,7204,7900,937.9066594999999,-806.2678211757114,0.00021516733333333337,0.09568737127951213,-0.6131205654570034,409.6334292093913,1176269
147.66,1178319,163,7221,7904,948.2098399900001,-808.4112643481576,0.00021460199999999996,0.09456873135292594,0.5350421035990995,421.0898606407451,1177117
147.95,1179126,162,7238,7908,962.04577165,-801.9205185910489,0.0002140346666666667,0.09285156194992522,-0.7356463098462592,403.98967677988907,1177968
149.04,1179852,162,7253,7912,981.0368347100001,-805.1477899066473,0.00021355400000000002,0.09349430621848942,0.8911810891102936,402.8504452462924,1178689
153.71,1180667,162,7269,7916,1015.2843121100002,-797.9249468635111,0.00021300399999999998,0.09396763990322748,0.2481602668762207,412.9691643210018,1179514
158.94,1181549,162,7287,7920,1068.0589684699999,-791.1033382775648,0.000212414,0.09418126951973393,-1.1761828411300228,385.53549251916274,1180399
159.22,1182263,161,7301,7924,1136.19377996,-786.0340878295898,0.00021194599999999997,0.09342011362314225,-0.33771979838609695,383.736499710083,1181101
160.76,1183039,161,7315,7928,1175.95883306,-786.5499576182848,0.0002114773333333333,0.09365126118063927,-0.1959394481074944,384.80552956227507,1181804
166.83,1184001,161,7334,7932,1196.36805318,-789.8916710334096,0.00021083533333333338,0.09349988788608612,0.5073338344814332,377.4915854601356,1182767
166.22,1184553,161,7347,7936,1162.97417271,-790.2098519128698,0.00021038266666666673,0.0930278773867447,0.37403389333768655,370.1880302138001,1183446
164.4,1185101,161,7358,7940,1095.44099465,-792.2830586433411,0.00021004333333333336,0.0932469925028272,-1.097008304670453,387.7784278392792,1183955
162.33,1185685,160,7370,7944,1028.9257936000001,-798.6425299792556,0.000209642,0.09441945817529784,1.5103338905002759,394.4647076529746,1184557
161.28,1186424,160,7385,7948,960.29690387,-793.3606986053719,0.0002091346666666667,0.09514135510221985,-0.9122475198477753,422.619940387316,1185318
160.09,1187010,160,7397,7952,941.3773587,-789.5426786239833,0.000208746,0.0956467779429808,0.5508430596083811,383.9696312473245,1185901
161.26,1187722,160,7411,7956,969.2005826099999,-794.0885259789156,0.00020828733333333338,0.095173808375755,-0.8870046792260136,373.57651473815184,1186589
163.1,1188469,160,7425,7960,985.3058755800001,-795.4839946314231,0.00020781133333333334,0.09386206026544276,0.07111231998069999,400.1395309290935,1187303
165.27,1189164,159,7440,7964,1002.7096671300001,-796.0150298297708,0.00020731733333333337,0.09407787422086987,-0.30628134756523945,399.25968305713633,1188044
167.05,1189811,159,7453,7968,1024.7568968799999,-795.0982661247253,0.0002068766666666667,0.09512349200667813,2.29713963996619,397.79277634620667,1188705
167.02,1190360,159,7464,7972,1043.82368999,-799.732825756073,0.000206534,0.09843681735219434,2.4918309822678566,411.3048801422119,1189219
166.43,1190864,159,7475,7976,1053.2609522700002,-796.6797720487001,0.00020615799999999996,0.09882934464782965,0.6441370795984738,434.32615511534647,1189783
168.37,1191562,159,7489,7980,1080.1833113900002,-800.9850369747554,0.00020571666666666666,0.09786980153522759,-1.4611420428084436,403.6630114974263,1190445
171.64,1192321,158,7503,7984,1122.76038229,-807.687508216271,0.00020526599999999996,0.09867984233185267,1.3657204921428974,403.33512037228314,1191121
173.28,1192982,158,7517,7988,1169.81020454,-814.6742769129136,0.00020478799999999996,0.09854481456910863,0.8576848096707288,444.3912807688994,1191838
175.64,1193642,158,7531,7992,1193.7706688800001,-822.5876051823896,0.00020435266666666663,0.09997283179957167,1.0091619366093685,435.45994326942844,1192491
177.05,1194459,158,7546,7996,1188.8906414,-823.765042698637,0.00020385066666666664,0.10216470249789826,1.8643881125653043,476.80773484250335,1193244
177.19,1195207,158,7561,8000,1181.51188942,-835.0841895413686,0.00020331,0.10497426457074752,1.6327561017978622,471.45565593673524,1194055
176.83,1196002,157,7577,8004,1174.91796323,-838.1342998303866,0.00020277999999999995,0.10887785829030551,1.5129114828611676,457.0718266413762,1194850
176.14,1196740,157,7592,8008,1156.84448884,-841.1009941101074,0.00020230333333333327,0.10539673834752578,-2.333985770551058,464.86491907559906,1195565
179.13,1197765,157,7610,8012,1161.3935795099999,-857.7369339187424,0.00020168600000000005,0.10176895728165453,-0.3055565614591945,476.4656381978617,1196491
178.55,1198522,157,7625,8016,1167.37928649,-866.7529707928093,0.00020119600000000006,0.10350963645646362,1.0760034699829257,460.8575362640173,1197226
177.24,1199273,156,7642,8020,1149.87452743,-864.3801060061483,0.00020062400000000002,0.10476087293857654,-0.3484104744781404,462.21394411346614,1198084
180.2,1200283,156,7661,8024,1140.6048224899998,-865.6705816477416,0.00020000799999999997,0.10288173255891453,-0.6172046562438069,477.9697118596992,1199008
180.49,1201088,156,7679,8028,1129.82003372,-852.8612951330236,0.00019941600000000003,0.1028211406255896,-0.013541758463189408,461.4352920119827,1199896
179.17,1201918,156,7696,8032,1089.11362199,-853.4357957409275,0.00019882333333333336,0.10380877460683546,-0.11346472617118589,483.823250555223,1200785
178.99,1202452,155,7708,8036,1079.1471591299999,-851.4074992961712,0.00019843866666666667,0.1046741757172722,-0.03419875991237056,455.6878758335973,1201362
179.64,1203065,155,7720,8040,1078.82710044,-848.0091694206592,0.0001980626666666667,0.10471473999370802,-0.01192379787268228,455.67905228974803,1201926
178.67,1203552,155,7730,8044,1100.43133966,-845.3181758832328,0.000197708,0.10543973720337771,-0.018613920558857012,443.6482711985141,1202458
177.68,1204192,155,7743,8048,1126.8011336299999,-838.5368359375,0.00019727200000000002,0.1061198041694505,1.3970240374973841,444.48862636021204,1203112
176.13,1204623,155,7752,8052,1126.3566465899999,-834.2795723025538,0.0001969873333333333,0.10583676554325248,-0.8774563645114418,440.98074699850645,1203539
175.41,1205263,155,7764,8056,1097.0842402,-822.372296460102,0.000196592,0.10451698854479487,-3.024515805216883,437.6869833179981,1204132
173.56,1205825,155,7776,8060,1094.81878514,-825.3190087890625,0.00019619600000000004,0.10355588525533677,-1.6327062902450562,505.35586010742185,1204726
172.48,1206412,154,7787,8064,1098.0460892199999,-820.5442672869481,0.00019582400000000001,0.10309187360449669,0.9204905776802553,473.3670780286876,1205284
173.52,1207163,154,7801,8068,1092.1144691699997,-818.0728232173597,0.00019537666666666665,0.10353635706133761,-0.20831651876201737,443.8074321854586,1205955
175.37,1207897,154,7816,8072,1091.1796985499998,-812.8929270970002,0.00019489199999999995,0.10275811423327176,-0.4800706687774367,435.17226543863313,1206682
177.95,1208659,154,7832,8076,1106.42135846,-811.579711303711,0.00019436066666666664,0.10271580044180155,-0.4454650491476059,444.8809181213379,1207479
178.65,1209427,154,7848,8080,1120.66474745,-803.5360785590278,0.00019382600000000005,0.10109854493327815,-1.449555291972979,457.84819508562185,1208281
178.89,1210210,153,7863,8084,1131.16798338,-797.744488819536,0.00019331133333333329,0.09847785554916026,-0.5708165240575032,448.0517456790051,1209053
179.27,1210909,153,7878,8088,1138.5572293000002,-793.1922883934737,0.00019282066666666665,0.0977227883773614,0.7929876967029676,448.22374038274774,1209789
180.71,1211713,153,7893,8092,1161.67343863,-786.4927837895412,0.00019233999999999996,0.0977902437615044,0.354395816431326,425.661777122348,1210510
179.74,1212433,153,7908,8096,1181.50863927,-788.1844749450684,0.00019180399999999998,0.0990917770541273,-0.4897329043596983,449.24356293678284,1211314
179.99,1213206,153,7923,8100,1196.7494143600002,-785.7056839792352,0.000191322,0.09864861024053473,-0.6592104287523972,471.410572734632,1212037
179.14,1213916,152,7938,8104,1193.1873996400002,-787.8789129942162,0.00019082600000000006,0.0983967171024881,0.4740343693211592,440.76702847138296,1212781
178.24,1214564,152,7951,8108,1197.5051248000002,-790.1454765022575,0.0001903933333333333,0.09896945247015396,-0.36220211022860044,419.8861097856001,1213430
174.82,1215247,152,7964,8112,1190.3373318300003,-798.5347653343564,0.00018994666666666672,0.099794860308369,2.4480281997294653,445.79554494222003,1214100
172.85,1215807,152,7976,8116,1176.33520499,-804.2379851005446,0.000189554,0.10165565791474261,2.4485804673651574,444.84967922156966,1214689
172.49,1216522,152,7990,8120,1179.50128109,-804.0304127952267,0.00018908599999999998,0.10466490087309324,0.9939206749028553,475.3277764292811,1215391
168.59,1217142,152,8003,8124,1161.04490288,-806.6708294096447,0.0001886646666666667,0.10361651406579074,-0.3184679555041449,439.8408560979934,1216023
168.71,1217959,151,8019,8128,1177.33365623,-806.6772738842254,0.00018814333333333334,0.1017619917684413,-1.2642906001273622,449.61266998940323,1216805
166.36,1218554,151,8031,8132,1219.16094428,-808.3261072019867,0.000187724,0.10132185211836897,0.1946781763177834,455.0570345240713,1217434
167.26,1219178,151,8044,8136,1252.84697959,-808.1706493685705,0.0001872986666666666,0.1022618773468533,-1.2852315976752997,463.1547665803329,1218072
165.73,1219638,151,8051,8140,1262.91811736,-807.5803978329614,0.00018702799999999997,0.10216342338493892,2.0540271259489513,549.7439197358631,1218478
167.66,1220318,151,8065,8144,1244.38426161,-806.3055015472045,0.00018653133333333338,0.1034663361328912,-0.10902036564895906,503.12203152208446,1219223
170.1,1221202,151,8082,8148,1261.19159025,-801.4820077704471,0.0001859966666666667,0.10254666615616191,0.1995441257668454,470.0868137487384,1220025
173.67,1221990,150,8097,8152,1310.3295734899998,-805.1950504078585,0.00018547533333333332,0.10259580777376485,-0.33363861843471615,467.18952327400314,1220807
175.73,1222836,150,8113,8156,1335.4180216999998,-810.9551668427681,0.00018496199999999997,0.1030730627110747,0.5119775748643719,525.3432223627476,1221577
178.32,1223657,150,8130,8160,1354.6182171400003,-817.8138133457729,0.0001843866666666667,0.10364032878230016,-0.8134398524250303,512.0536221095493,1222440
181.17,1224529,150,8147,8164,1360.6734050099997,-817.4332396725574,0.0001837873333333333,0.10435372469834535,0.9967866087534342,505.52162041721573,1223339
181.07,1225270,150,8163,8168,1358.2744321199998,-823.4881823309537,0.00018326200000000004,0.10645388061630315,0.9232366989398825,504.9300375050512,1224127
179.82,1225879,149,8176,8172,1349.7599967399997,-828.9273767663328,0.000182828,0.10602986032530766,-0.09275876355651241,507.6408943329881,1224778
179.22,1226581,149,8190,8176,1339.8195690700002,-826.8630139427463,0.00018237400000000004,0.10395818475606668,0.6386079522815064,481.1296495869212,1225459
178.85,1227312,149,8203,8180,1315.66834912,-821.7992274324658,0.00018196066666666667,0.10364450734685844,-0.41261826602505963,475.2057998012489,1226079
177.7,1227980,149,8217,8184,1302.5802193499999,-812.5191539012602,0.00018147333333333338,0.10210729776507746,-2.0129303031594215,472.758863908531,1226810
177.97,1228706,149,8232,8188,1286.59342513,-804.4753287179129,0.00018096599999999996,0.0995711973887317,-1.6473262827007138,509.33722717907966,1227571
176.05,1229318,149,8246,8192,1265.8849843399998,-805.6985191634939,0.0001805133333333333,0.09893829045416433,0.7622537084772617,500.94133768202386,1228250
175.36,1229969,148,8258,8196,1220.10621514,-805.6600547655095,0.00018012533333333338,0.0991464673855601,-0.5664245574432012,465.98513414732804,1228832
174.3,1230636,148,8272,8200,1202.47361241,-802.8106120403548,0.00017967733333333337,0.09803419112038791,-1.0233696259950336,457.61097155119245,1229504
174.05,1231321,148,8285,8204,1190.78659293,-804.6555556524368,0.00017924533333333337,0.09864236570539929,-0.4244527618090312,475.88448210216706,1230152
171.97,1231761,148,8294,8208,1140.16601054,-806.5551900863647,0.00017892666666666668,0.09930992289446294,1.0605003871023655,496.05610609054565,1230630
170.34,1232281,148,8305,8212,1094.9035351399998,-802.8216772612577,0.00017854733333333328,0.100249784472196,0.5115676522254944,486.86894652562114,1231199
169.09,1232716,148,8314,8216,1058.53627181,-807.0247583633815,0.000178276,0.10029615882115486,-0.11645791698724796,468.66258904872797,1231606
166.9,1233212,148,8324,8220,1017.3696037500001,-810.3674720501077,0.00017793533333333334,0.09978409368416359,-0.7825913252501652,495.21873779296874,1232117
166.2,1233762,148,8334,8224,1004.17123504,-804.1393658927317,0.00017758933333333337,0.10087339203344302,2.258781210090337,518.2712349195159,1232636
165.32,1234491,147,8349,8228,1001.9197403600001,-799.3189593174661,0.00017711,0.1036238027519958,0.9996945700904195,481.7779268959696,1233355
167.72,1235326,147,8366,8232,1018.3504840700001,-798.76730374173,0.00017655266666666668,0.10304378724849976,-1.4332804132152248,487.0163414757531,1234191
168.01,1235979,147,8379,8236,1036.06305818,-804.6545533104767,0.00017613400000000002,0.10170734148445747,0.6245718113810038,499.0240359958127,1234819
171.64,1236802,147,8396,8240,1089.18349363,-800.3678057121508,0.0001755673333333333,0.10263316491336534,0.6885005931059519,501.6438101566199,1235669
171.55,1237473,147,8409,8244,1148.32664689,-807.8926973342896,0.00017512399999999994,0.10416350467130542,0.474610371204714,483.0042824745178,1236334
169.3,1238132,146,8423,8248,1133.62616542,-813.7759824117024,0.00017463399999999995,0.10471144815286,0.45859244937698046,510.9093406677246,1237069
167.14,1238704,146,8434,8252,1091.0876827,-816.2638313987038,0.0001742866666666667,0.10655313148868806,1.582144674478155,478.57476829760003,1237590
165.02,1239338,146,8446,8256,1057.4567347000002,-824.0459634656104,0.0001739033333333333,0.10665488660892594,0.677275870447961,488.3635308096342,1238165
161.86,1239843,146,8458,8260,1017.6802827400002,-822.4945946103051,0.00017350066666666663,0.10610897917123067,-0.07206077802748907,490.44081013997396,1238769
158.62,1240391,146,8468,8264,994.53516747,-825.8346047750333,0.00017315933333333333,0.10590611012061922,0.6389391171496089,494.22176249434307,1239281
157.78,1241048,146,8481,8268,991.2153010899998,-828.5515266793673,0.0001727466666666667,0.10478592891999282,-0.676013652744189,472.1186960355832,1239900
155.8,1241459,146,8490,8272,972.2887229800002,-827.3899860997354,0.00017240066666666666,0.10289259375103059,-1.2857666361716487,527.1058256087765,1240419
151.48,1241729,146,8496,8276,931.85710821,-835.1619745298874,0.0001722246666666667,0.10236022794662519,-0.8498606584792914,478.91428783328035,1240683
146.71,1241983,146,8501,8280,893.96768304,-830.5620549128606,0.00017205266666666663,0.1017754017160489,-0.8066632412947141,479.2914283165565,1240941
142.82,1242262,146,8507,8284,852.3125380500001,-831.873255266462,0.00017187466666666662,0.10152039996215276,-0.5779961722237723,459.53504856654575,1241208
138.78,1242584,145,8513,8288,818.9468614900001,-829.3769222861843,0.00017166000000000005,0.10135168009682706,-0.2112688190058658,524.127044035259,1241530
140.25,1243343,145,8526,8292,817.66851175,-828.5082073302931,0.00017122933333333336,0.10207366098484924,0.22169577447991623,533.818382445705,1242176
140.12,1243981,145,8540,8296,846.29379694,-830.1358238807092,0.00017077,0.10185801191971852,0.3222323546042809,509.18843743739984,1242865
140.49,1244685,145,8553,8300,856.6626393199999,-833.7292046908675,0.0001703393333333333,0.10189548494486973,-0.09397891965405694,519.4692347033271,1243511
141.29,1245450,145,8569,8304,872.88646083,-832.2421850087692,0.00016981066666666667,0.10377104219277294,-0.1896716097787935,523.4786062435228,1244304
143.23,1246084,145,8581,8308,912.4135339199997,-842.8216326856237,0.00016944666666666663,0.10404304720050707,0.05611758110091442,512.4673781507597,1244850
143.42,1246623,145,8593,8312,950.2733469399999,-841.0621715283576,0.00016901066666666665,0.1043560084609585,-1.810893952846527,532.9730492511778,1245504
144.9,1247206,144,8605,8316,984.63371903,-849.4875605334975,0.0001686213333333333,0.10507293611969033,-0.2567467305758228,529.5403120485071,1246088
146.07,1247819,144,8617,8320,1010.3583452299999,-846.8436855740017,0.0001682313333333333,0.1072126177633986,0.517595492027424,536.1038767496744,1246673
148.84,1248646,144,8633,8324,1022.5220148799999,-851.6162505278717,0.00016768933333333335,0.10635757600670462,0.157345483431945,576.3374570554441,1247486
148.76,1249367,144,8649,8328,1009.60256396,-860.7453365325928,0.00016718333333333335,0.10539376623928547,0.1662358783185482,545.3464906692504,1248245
146.22,1249948,144,8660,8332,994.7272028399999,-856.3702821221971,0.0001667926666666667,0.10515875721933278,0.8356362444753865,558.3347279788884,1248831
145.12,1250491,144,8670,8336,992.6419283799999,-861.7545468537704,0.00016646533333333335,0.10558350138042284,-0.6883833978487097,543.5552806024966,1249322
142.59,1251061,144,8682,8340,981.08533148,-862.1961237919795,0.00016605199999999997,0.10605610229752281,1.9103276272872827,547.4923117501395,1249942
141.06,1251579,143,8693,8344,970.75561014,-861.250256082286,0.0001657073333333333,0.10676393571539201,-0.13082676262095355,546.9434683979422,1250459
140.0,1252132,143,8703,8348,988.5381021999998,-868.5138970179273,0.0001653513333333333,0.10616873629045802,-0.010646222442980633,553.2357284849053,1250993
140.7,1252774,143,8716,8352,1014.9753459000001,-872.7787235144413,0.00016492666666666667,0.10680833260218302,0.8039322874762795,523.0921151825876,1251630
141.21,1253459,143,8730,8356,1047.0708762,-868.6903427478879,0.00016448066666666672,0.10689627093284629,-0.6337959440641625,561.9529234420421,1252299
143.07,1254150,143,8744,8360,1085.6705337500002,-870.8288024902344,0.00016402399999999995,0.1074766258983051,0.21122329690877129,538.1621063232421,1252984
144.9,1254881,143,8759,8364,1116.04854628,-874.9903312965675,0.00016353666666666666,0.10615265476344912,-0.4768155755268203,531.2005551656088,1253715
147.8,1255828,143,8776,8368,1138.3266301400001,-871.1337704054654,0.000162972,0.10637905900915637,-0.3872529965821312,549.4707361746042,1254562
150.06,1256465,142,8790,8372,1163.7410468899998,-874.5697245695153,0.00016250600000000003,0.10642624228280417,0.8541234816823687,528.2637631163306,1255261
154.37,1257166,142,8805,8376,1201.0075894,-873.3536151206657,0.00016199466666666664,0.10755297975385025,0.6506005909344922,542.4633605120933,1256028
157.9,1257773,142,8818,8380,1225.1516600300001,-876.0417162214006,0.00016157733333333336,0.10882830433547497,-0.965307315332549,534.5445877075196,1256654
161.84,1258446,142,8831,8384,1242.43161054,-870.2923578058632,0.00016113999999999996,0.10777646874629178,-1.4616071275137004,572.4011606753451,1257310
164.24,1259008,142,8842,8388,1242.0844612,-865.1560080237423,0.00016077133333333338,0.10605050982735681,-1.6463947845688949,540.9104300424563,1257863
162.16,1259559,142,8854,8392,1210.6544784599998,-861.534002173038,0.00016037999999999998,0.10433047606062343,0.15332453168985496,575.0646206222418,1258450
162.69,1260250,142,8867,8396,1180.89268388,-857.7001311833957,0.00015994866666666662,0.10638077072970878,1.149720832499491,566.5873819518199,1259097
162.48,1260933,141,8881,8400,1168.0742923799999,-856.6534887862532,0.00015949999999999997,0.10818627139885131,0.1809248691552306,591.0502285892017,1259770
161.88,1261638,141,8896,8404,1162.56756023,-855.4881303836138,0.00015900266666666663,0.10895231541914818,-0.6528513694420839,545.9463291266026,1260516
162.13,1262297,141,8909,8408,1164.9990909800001,-855.0805942076039,0.0001585606666666667,0.10752941753851805,-2.9993138878133285,539.511485314494,1261179
164.02,1263025,141,8923,8412,1175.7283231899999,-854.2607010551121,0.0001581026666666666,0.10454870302877996,-0.22251300286987555,574.7984735240107,1261866
165.19,1263725,141,8937,8416,1188.3754593299998,-853.0886222164647,0.00015761199999999998,0.10528568421699563,1.7946558988013235,632.0205042832563,1262602
165.75,1264394,141,8950,8420,1207.6305852,-856.9979468236995,0.00015717333333333338,0.10643878088721746,-0.19786303556418117,558.5517446783524,1263260
164.58,1265104,141,8965,8424,1219.2400815199999,-860.6178521050347,0.00015666733333333338,0.10746064605155667,0.5642152472017369,569.2424628597566,1264019
163.9,1265757,140,8978,8428,1230.92019498,-864.7573714430315,0.00015625800000000002,0.10842794870590641,0.9876052785093767,599.0136536090043,1264633
164.15,1266363,140,8990,8432,1230.2747439599998,-867.9131917495395,0.00015585133333333336,0.10953748906153259,1.3096550281391395,602.5728793081759,1265243
163.43,1266834,140,9000,8436,1211.49025607,-868.6308291055323,0.00015551733333333328,0.11182459189397533,0.5006820767875609,623.460679465193,1265744
162.28,1267289,140,9009,8440,1190.50302339,-875.8011995368048,0.0001552206666666667,0.11276790820950762,0.9847131355093159,594.6227607377078,1266189
161.4,1267719,140,9018,8444,1169.97060283,-868.7770812988281,0.00015492533333333336,0.11280830028382215,-0.47645627802068535,643.9487890070135,1266632
161.46,1268278,140,9029,8448,1147.8772523599998,-881.8920343572444,0.00015456533333333333,0.11289082301303374,0.24903703327021323,601.2473018425555,1267172
161.52,1268926,140,9041,8452,1118.58322565,-883.8301803686057,0.00015415066666666667,0.11246738122527007,0.28002559151619105,619.9793353232609,1267794
160.87,1269546,140,9054,8456,1075.99918262,-882.9511983708818,0.00015373133333333334,0.11282204074221988,-1.0350102740664815,643.1383761620336,1268423
161.61,1270311,140,9066,8460,1057.0547363199998,-887.32685546875,0.00015337333333333337,0.11210184309345025,-0.6332489352959852,664.7575286865234,1268960
160.22,1270903,139,9081,8464,1026.34859087,-891.0267958103266,0.00015281866666666665,0.11206371398796712,0.5051390569012865,619.9272761524172,1269792
156.3,1271458,139,9092,8468,1006.25784383,-900.4431909872285,0.00015245733333333334,0.11295146252035249,1.0818021403136828,693.757401919534,1270334
155.69,1272034,139,9104,8472,1003.7465566200001,-893.2175316146657,0.0001520773333333333,0.11351397841037074,-0.16707699510115612,619.0023141209083,1270904
156.96,1272862,139,9119,8476,1016.1664667299999,-890.048458030007,0.000151594,0.11392846635796806,-0.6999451919035478,650.8630676269531,1271629
159.26,1273699,139,9136,8480,1036.20890612,-885.010681640625,0.0001510273333333333,0.11247991505265235,-1.7358780546188355,641.7008765869141,1272479
161.58,1274604,139,9153,8484,1057.3990603500001,-889.02784376878,0.00015047600000000005,0.11219961745425677,-1.574861032840533,604.0032745752579,1273306
166.49,1275657,138,9177,8488,1085.23368334,-888.7719923753004,0.00014963000000000004,0.11096502531033296,1.3012062366192156,646.2097646859976,1274575
166.79,1276238,138,9188,8492,1075.40015666,-902.654561688823,0.0001493093333333333,0.11309467003710809,0.7859374419335396,656.0893037857547,1275056
164.27,1276677,138,9198,8496,1062.4881719400003,-900.2436510852932,0.00014894733333333332,0.11455296225769003,1.1305953006154483,701.3701974141229,1275599
161.77,1277110,138,9207,8500,1038.4995937400001,-900.0127537867406,0.00014866066666666667,0.11490629410201852,0.44664030058400617,710.9943286388904,1276029
161.36,1277774,138,9219,8504,1002.96309997,-902.9741847649761,0.000148246,0.11568242326329317,1.2651859010968889,688.7505319791775,1276651
161.61,1278458,138,9233,8508,972.01249794,-920.3040215252655,0.00014781733333333336,0.11840114837943627,2.2165142783684098,711.4498530044931,1277294
161.31,1279156,138,9247,8512,950.5681502599999,-920.3683209587546,0.00014732999999999996,0.12169047028702848,1.6202617364771226,739.8302937227137,1278025
160.6,1279785,138,9260,8516,933.61728212,-919.0618993786798,0.00014690800000000004,0.12207448763259943,0.3396264334087786,678.4637926626897,1278658
160.43,1280437,138,9273,8520,905.5591684399999,-907.7569678961897,0.00014646800000000005,0.12054814627217181,-1.819441721426042,666.1720250305517,1279318
159.28,1281032,137,9285,8524,878.62437456,-900.1920331248921,0.00014606200000000003,0.11786499372503376,-1.6803440412105117,661.9519467854368,1279927
158.8,1281637,137,9297,8528,859.2941175400001,-895.0891217082536,0.00014570799999999995,0.11679827356014122,2.1333297997915825,683.6996935370828,1280458
160.1,1282373,137,9312,8532,859.1756907200001,-896.1421127664557,0.00014520599999999994,0.11751231487115583,-0.07571834946110238,698.9527147388027,1281211
163.7,1283204,137,9328,8536,882.2080636300001,-891.7705247905892,0.00014466266666666671,0.11855366847044985,-0.9987155709048392,678.6002404656209,1282026
166.59,1283948,137,9344,8540,914.8572577399999,-886.986483299126,0.000144142,0.11628871897267083,-1.5677200798260964,685.4747751526913,1282807
168.71,1284590,137,9357,8544,935.2291301500002,-892.2854610828871,0.0001436993333333333,0.1140852655085285,-0.8056875808855121,665.0959592669197,1283471
170.05,1285283,137,9371,8548,956.1715775200001,-894.7919961465371,0.00014325733333333336,0.11390773452617027,0.013944631009488492,691.3784636626373,1284134
171.59,1286085,137,9386,8552,978.2857616599999,-892.4825372820858,0.00014277933333333337,0.11523402534327652,1.1451125189206486,696.0428969204165,1284851
172.89,1286835,136,9401,8556,1001.6146127000002,-887.3286916371939,0.00014225333333333336,0.11727911264107034,0.8556741400881931,653.8486950848553,1285640
170.53,1287364,136,9413,8560,989.26669408,-892.8476698694151,0.00014182933333333337,0.11847986527218306,-0.4201084631533662,671.4513481707612,1286276
170.48,1287951,136,9425,8564,992.0772271999999,-876.4767056688851,0.00014146000000000004,0.11816905544679841,-1.1240457314767955,697.2818264431423,1286830
172.16,1288674,136,9440,8568,994.95779012,-869.5061612810407,0.00014096333333333332,0.11572222418284842,-1.0637993050206984,740.6032642636981,1287575
171.63,1289197,136,9450,8572,999.2633129999999,-862.2529480949281,0.00014061599999999996,0.11443796239438511,-0.14695630754743302,701.737306140718,1288096
168.95,1289757,136,9462,8576,977.36790744,-853.9467618172629,0.00014024000000000003,0.11240058091648839,-1.5342750141495152,660.0254187332956,1288660
165.06,1290205,136,9471,8580,959.10116452,-850.6779244559152,0.00013994666666666667,0.11074252703360149,-1.176702312060765,659.5604974655878,1289100
161.29,1290733,136,9481,8584,948.99400033,-842.0232243691721,0.00013958800000000006,0.11019060838847392,-0.5375984676422612,684.526853992093,1289638
156.0,1291257,136,9491,8588,948.84895504,-840.2335014052063,0.00013926533333333336,0.10911028530761485,-0.3783029008457679,624.5943307658188,1290122
156.45,1291883,135,9504,8592,999.8460344000002,-837.7368867971601,0.0001388773333333333,0.10917236666827307,0.19262485565060247,636.63702793539,1290704
158.4,1292517,135,9517,8596,1049.43033397,-835.3571159217008,0.00013842,0.1093410513108703,-1.087061642841169,636.665961587505,1291390
162.02,1293312,135,9532,8600,1085.19342906,-838.6853087874483,0.0001379206666666667,0.10996680029413917,1.817194736447216,619.6819889289288,1292139
162.11,1293985,135,9547,8604,1109.93153343,-833.1118839148319,0.00013738799999999995,0.10940063692102528,-1.8356610461316927,638.8707149004696,1292938
159.96,1294454,135,9556,8608,1115.7299632900001,-830.9445454705622,0.00013710999999999997,0.10872804212201502,-0.04562542364769375,621.564266558775,1293355
160.33,1295189,135,9571,8612,1096.1125477500002,-831.1568393049569,0.00013661,0.10898716682104315,0.19304528295765436,648.242345349542,1294105
159.75,1295760,135,9582,8616,1114.35645217,-828.7035496209257,0.0001362353333333334,0.1091390064246552,1.0133385962696486,627.3236210320586,1294667
158.12,1296249,135,9592,8620,1146.15547449,-828.5938058035714,0.00013590933333333332,0.10819133323218141,-1.2247769108840398,654.7736478533063,1295156
157.14,1296746,135,9602,8624,1163.7485617400002,-826.753638373481,0.00013560466666666672,0.1078262572625169,0.14730173514948952,665.1902943363896,1295613
156.46,1297283,134,9613,8628,1182.9765809300002,-832.432058750898,0.0001352213333333333,0.10853428903153572,-0.3376798612632971,633.878977808459,1296188
153.66,1297739,134,9622,8632,1193.18777473,-834.9199591742622,0.00013491466666666662,0.10898338996425823,1.7109823171739225,694.3915283768265,1296648
149.79,1298183,134,9631,8636,1189.87545159,-836.0137664794922,0.0001346193333333333,0.11029748457173506,1.7020936677853267,642.5381317138672,1297091
148.23,1298771,134,9642,8640,1179.2809965400002,-842.4738823484979,0.00013427733333333335,0.11243275869946454,2.1284640773883843,657.7992474466398,1297604
148.33,1299423,134,9655,8644,1169.36857646,-843.6177539196643,0.000133842,0.11377861633241831,0.8136700404869331,682.9917735005473,1298257
147.73,1300056,134,9669,8648,1174.1487996999997,-830.7863736152649,0.00013336266666666663,0.11349972308380529,-0.2614542501978576,708.5163531303406,1298976
146.25,1300710,134,9682,8652,1164.88680025,-833.544872605657,0.00013295866666666666,0.11347317394901471,-0.7968953531908701,672.4189225162369,1299582
146.37,1301472,134,9696,8656,1172.24847004,-825.9398009560325,0.0001324993333333333,0.11259672638367522,-2.06008037247441,623.8798815987327,1300271
149.42,1302306,134,9714,8660,1190.97756238,-826.1806251415308,0.0001318853333333333,0.11117739446353221,-0.12447570717853049,675.1065485857536,1301192
151.99,1303150,133,9730,8664,1209.48724103,-817.3776461406819,0.00013137066666666662,0.10952122408209496,-1.1847252423323473,640.9841671545529,1301964
151.77,1303851,133,9745,8668,1213.1673380500001,-820.5069112017111,0.0001308866666666667,0.10817481490549134,-0.44065641771796293,649.4894792989719,1302690
155.88,1304785,133,9762,8672,1231.8936469599998,-815.8450409353596,0.00013030200000000003,0.10806865568302537,0.8645807052856167,676.5731669386772,1303567
156.39,1305396,133,9775,8676,1246.57719458,-814.6304626464844,0.0001298433333333333,0.1086563663902106,1.74970118591079,655.5003961633753,1304255
157.38,1305943,133,9786,8680,1258.5105250000001,-819.4424442836216,0.00012947133333333338,0.10949106152568544,1.025628525018692,667.1265912737165,1304813
156.81,1306414,133,9796,8684,1259.16227064,-817.3131169380902,0.00012914266666666662,0.11037050423433455,1.1377927167810125,680.8477418748595,1305306
156.99,1306956,133,9807,8688,1258.39066024,-814.0368588096217,0.00012879600000000003,0.11064921414717696,0.47396788650885563,644.6021187000705,1305826
156.16,1307499,133,9818,8692,1240.57655106,-816.6260087650978,0.00012841466666666668,0.11240817958409069,1.1252304754374218,652.2314117993313,1306398
155.99,1308116,133,9830,8696,1219.2703422099999,-823.5998162422471,0.0001280133333333333,0.11361267559855949,0.05212422363630688,744.206598179941,1307000
153.44,1308656,132,9841,8700,1205.70143098,-828.6251868905947,0.00012765266666666663,0.11287077464336573,-0.7459282847337945,671.3471968303355,1307541
152.64,1309249,132,9853,8704,1219.28747049,-829.9374987792969,0.00012726266666666664,0.11198054934541385,-1.061261062224706,685.7620007324218,1308126
152.99,1309753,132,9864,8708,1250.2863762599998,-834.1098645528158,0.00012690199999999997,0.11148450513266855,-0.6486313028468026,666.1683362325033,1308667
151.77,1310366,132,9876,8712,1283.66417444,-847.1388778066247,0.00012651466666666666,0.11256645329114867,1.8446638928196295,785.5585974716558,1309248
152.33,1310993,132,9889,8716,1271.9007854899999,-849.9692841926508,0.000126062,0.11381076922458885,0.8247858744806948,767.539285305327,1309927
153.6,1311609,132,9900,8720,1255.47628372,-844.5951099884816,0.000125718,0.11463740242597384,0.46942283923809347,710.9247485038562,1310443
152.09,1311955,132,9909,8724,1225.6529305400002,-844.8084318199936,0.00012540466666666672,0.1154285097608761,-0.23923877307346889,766.5218206911671,1310913
149.87,1312270,132,9913,8728,1184.30337377,-840.7919152832031,0.00012526466666666668,0.11515487447381019,-0.17747689962387084,843.3443542480469,1311123
147.36,1312475,132,9919,8732,1138.0506895899998,-847.1882373046875,0.00012505133333333329,0.11523717537522316,0.5807515549659729,707.3091192626953,1311443
144.97,1312680,132,9923,8736,1093.28239084,-845.0584046606924,0.00012491333333333334,0.11548784901114072,0.8072913885116577,681.0022481282552,1311650
141.86,1312957,132,9929,8740,1049.56776347,-855.132967348452,0.00012473066666666665,0.1158975419346933,-1.2878713254575376,786.0479431152344,1311924
139.3,1313353,132,9937,8744,1016.75501506,-852.7623748779297,0.0001244806666666667,0.11530459439381957,0.1757762124761939,785.8565602302551,1312299
137.0,1313756,132,9943,8748,976.38281413,-855.6040387834821,0.0001242913333333333,0.11557796022721699,1.1579739723886762,750.6174691336496,1312583
136.43,1314353,132,9955,8752,963.50672686,-854.4820584595658,0.00012389266666666665,0.1159558603326783,0.12206666706172564,726.5897247081494,1313181
135.5,1315022,131,9969,8756,952.96589441,-861.8990718653945,0.00012345399999999995,0.1164005385314832,0.456756997629593,904.4196031914382,1313839
134.27,1315733,131,9984,8760,943.0668294199999,-860.4405606897866,0.00012294933333333337,0.1155759606782983,-1.5353033339105002,723.4100589286991,1314596
135.29,1316679,131,10003,8764,937.1035843400001,-860.2409217314909,0.00012232200000000004,0.11360190795420745,-1.4825259876507584,745.1919791929183,1315537
137.39,1317590,131,10020,8768,943.90027238,-850.984120646321,0.00012176533333333328,0.1115360494806947,-0.8829617977617271,748.89215221633,1316372
140.76,1318861,131,10048,8772,929.7818841400002,-841.2393385569254,0.0001208366666666667,0.1096075550885871,0.5118441035350164,708.77845398585,1317765
139.61,1319357,131,10057,8776,920.6321250599999,-846.3291580765335,0.000120506,0.10988801154825423,-0.416737147613808,662.5842759874132,1318261
140.55,1319998,131,10069,8780,931.4985515000001,-837.9655875069755,0.00012012999999999996,0.11006217338144779,0.3602331497839519,703.14379599435,1318825
142.67,1320681,130,10082,8784,932.6385796800001,-836.4714120400919,0.00011970133333333333,0.11020286542338294,1.2259551081303004,656.7488124950512,1319468
142.32,1321188,130,10095,8788,915.8491505599999,-832.764457476021,0.00011926533333333334,0.1107839438879844,1.4186063579993673,717.7737215249846,1320122
143.12,1321811,130,10107,8792,911.9441650000001,-842.6476765653513,0.00011888133333333328,0.11211130186154024,1.5075385988193706,735.1450438116589,1320698
144.27,1322543,130,10120,8796,908.98946104,-841.4370804338266,0.00011845399999999995,0.11320756819863982,-1.808514664109969,701.0484995052515,1321339
146.16,1323272,130,10135,8800,915.9186022600001,-828.0076397537091,0.00011795266666666671,0.11283066243343397,-1.848407645017729,698.3062100191729,1322091
147.9,1324039,130,10152,8804,915.1861878999999,-828.6197257408729,0.00011740866666666672,0.11181292711542203,-0.4256802745736562,716.0744608365573,1322907
150.23,1324776,130,10166,8808,913.1980358999998,-826.4814817043538,0.00011692599999999997,0.11133750986325348,-0.136541163417655,675.619990818937,1323631
150.89,1325455,130,10179,8812,929.2991450899999,-820.6137596336571,0.0001165006666666667,0.11070018110645784,-0.8791910756278682,665.8191449964369,1324269
152.8,1326273,130,10196,8816,959.7032471499999,-814.6777015099159,0.000115942,0.11047072927434962,-0.625409842371107,685.2656905167586,1325107
154.7,1327079,129,10211,8820,984.0638114800001,-808.9985765729632,0.00011546199999999996,0.10985481568745205,-0.5850156579698835,723.6482942853655,1325827
161.2,1328075,129,10228,8824,1022.17872811,-817.4802239037663,0.00011490733333333336,0.10908344263113992,-0.5267336165284835,659.4206890481056,1326659
166.31,1328901,129,10249,8828,1071.5301757000002,-815.1072167290581,0.00011416666666666665,0.10791129228614625,-1.6378299331381208,672.2561846536304,1327770
171.62,1329637,129,10264,8832,1123.3228779600001,-818.9730544122274,0.00011367133333333335,0.10632408530320098,-0.32156859868324844,671.7424355321283,1328513
178.27,1330507,129,10281,8836,1171.64268365,-816.0952822171724,0.00011313600000000002,0.10629074599307317,0.045135897627243626,710.2795729417068,1329316
183.25,1331282,129,10298,8840,1218.6795276100002,-816.9155979386295,0.0001125626666666667,0.1074387840477817,0.17694094501824742,732.2092668770787,1330176
186.83,1332036,129,10312,8844,1253.5740835699999,-822.8810824690194,0.00011207066666666666,0.10909188086616582,0.47842169013516656,688.2838349441002,1330914
188.71,1332627,129,10324,8848,1275.4267074099998,-826.4754507559317,0.00011168999999999996,0.10907136428135412,0.40685194465849134,711.828757957176,1331485
188.89,1333242,128,10337,8852,1287.77457735,-827.5288095625621,0.00011125933333333337,0.10899430927303103,0.04308873320382739,690.3980303567554,1332131
187.98,1333820,128,10348,8856,1283.6156682500002,-826.5752743508318,0.00011090066666666665,0.10921395344914292,0.7320284028705075,694.0096215995953,1332669
187.03,1334436,128,10361,8860,1279.8702278999997,-827.5669763958643,0.00011047866666666662,0.11089211057812448,0.9830555140026032,687.0939813038659,1333302
183.39,1335018,128,10373,8864,1256.75749411,-824.0838515337775,0.00011008733333333331,0.11212560979007673,0.5953320174657998,681.442919819295,1333889
181.72,1335762,128,10387,8868,1236.9941056599998,-825.1898781342032,0.00010960666666666663,0.11293277222448618,-0.2587647203999664,699.9220152849927,1334610
175.27,1336388,128,10401,8872,1235.81905338,-827.8425919966264,0.00010914666666666662,0.11229016327045181,-0.4969143732027574,696.3056884765625,1335300
176.94,1337051,128,10414,8876,1250.69065817,-831.357797504943,0.00010872000000000004,0.11107253407438596,-0.9524102277225919,679.6541785722898,1335940
176.79,1337677,128,10426,8880,1252.6273895800002,-828.5075041827033,0.00010832266666666668,0.11021750140935183,-1.355151915374924,693.0644558177274,1336536
177.33,1338414,128,10441,8884,1276.9266022000002,-820.1027697695499,0.00010785333333333336,0.10923925819294304,-1.6687074845487422,657.6675743577583,1337240
179.16,1339104,128,10455,8888,1307.6368190599999,-814.2469970703125,0.00010735399999999995,0.10762643769786165,-1.6763786863636325,672.102321480416,1337989
178.2,1339631,127,10466,8892,1288.56562664,-817.2880490997134,0.00010699133333333333,0.10791507059124095,1.3329372585877863,709.791888174926,1338533
175.14,1340057,127,10475,8896,1254.8259140300001,-820.4343312581381,0.00010670466666666667,0.10901723514931898,1.2266451331476371,703.3082799911499,1338963
172.06,1340478,127,10484,8900,1210.4766267,-820.3429490882932,0.00010640799999999995,0.11007262140739965,2.0025164735226233,692.148365515789,1339408
169.04,1340943,127,10493,8904,1164.6984839899999,-819.229548367587,0.00010610266666666668,0.1123462523418394,2.723901093006134,692.0871495333585,1339866
167.12,1341488,127,10504,8908,1117.3046858899997,-824.5249233903556,0.00010574600000000001,0.1144581902558091,1.6016921260576138,739.3755202019352,1340401
166.25,1342080,127,10515,8912,1069.5504210699999,-828.3824814872507,0.00010537466666666663,0.11528372462907452,0.13323073226250023,732.0524014900067,1340958
162.92,1342565,127,10526,8916,1019.7463496399998,-825.0339069499836,0.00010503333333333332,0.11544080865341466,-1.1137198772463766,750.3263703459627,1341470
158.55,1342934,127,10533,8920,982.9536547899999,-826.7861915870949,0.00010477199999999998,0.11557020587317737,2.3694266537089406,784.4108042775849,1341862
152.58,1343333,127,10541,8924,950.4917223699999,-821.2825920952691,0.00010450533333333334,0.1162781797349453,-0.4783671696980794,767.5949211968316,1342262
147.81,1343682,127,10548,8928,914.1445144099999,-830.2543691570839,0.00010427200000000003,0.11704525175724137,1.3858481203572135,783.448430779275,1342612
144.09,1344046,127,10556,8932,880.5247291599999,-821.6794668344351,0.00010402866666666666,0.11841965245676565,1.3026561638811132,716.3873029436384,1342977
139.38,1344445,127,10564,8936,850.9023631999999,-830.457219794245,0.00010376933333333338,0.11978898418716866,1.4943176384019379,800.8055178198484,1343366
137.71,1345053,127,10574,8940,829.5715151700001,-826.2502717238206,0.00010342266666666667,0.12079780806715672,1.2326792868284078,788.6583891648513,1343886
134.73,1345509,127,10585,8944,827.3112766600002,-826.8507019592835,0.00010307,0.12150846314322841,-0.778316724944759,747.0034976993595,1344415
134.69,1346096,127,10596,8948,838.72856132,-831.8390639623007,0.00010270066666666667,0.12079778301995248,-1.724839240933458,775.9959769248962,1344969
136.56,1346898,126,10613,8952,856.8896907899999,-835.8386985377261,0.00010216466666666669,0.1186899721557111,-1.4811143749638607,764.256666484632,1345773
137.22,1347542,126,10625,8956,870.163777,-849.542583984375,0.00010175266666666672,0.11788696736097336,0.3807699756622314,852.1386186523438,1346391
135.25,1347961,126,10634,8960,871.8012339300002,-849.3648264306223,0.00010145199999999999,0.11765908736449021,1.2251201694847171,800.9525441226796,1346842
136.26,1348644,126,10647,8964,887.97415629,-857.7777743869358,0.00010106000000000004,0.11811849655527057,1.4376515390897038,859.4819616452612,1347430
136.79,1349441,126,10664,8968,884.2530160599999,-863.5704744594303,0.00010048333333333337,0.11880979117915386,1.3654832990150751,787.1190618079478,1348295
136.73,1350061,126,10676,8972,869.37236116,-857.757597767223,0.00010009599999999997,0.11942886649207636,1.1683576096187938,814.8240184437145,1348876
137.07,1350758,126,10690,8976,842.9395883799999,-850.943103227459,9.960666666666662e-05,0.11879755208482508,-0.8263884465225407,792.2121692094646,1349610
136.73,1351350,126,10703,8980,820.11719111,-847.867924387862,9.920333333333331e-05,0.11877522684209715,-0.26941222727783326,781.5627823496253,1350215
134.89,1351903,126,10714,8984,788.73477125,-848.2597540878668,9.884000000000004e-05,0.11795823194268273,-0.8812368824714567,786.0744617741283,1350760
134.08,1352512,126,10727,8988,776.81730855,-854.3673076014364,9.839600000000004e-05,0.11821945091729523,0.8123319251562959,803.5112222651,1351426
132.83,1352914,126,10734,8992,791.7546914199999,-856.4805439988228,9.815200000000002e-05,0.11891524769263724,0.8844056178445685,742.0825797303082,1351792
132.67,1353324,125,10743,8996,822.6775983599998,-854.3605529785157,9.784933333333335e-05,0.11924777643548118,1.9124688413408069,773.7485544840495,1352246
133.01,1353779,125,10752,9000,853.83578295,-859.1640056535309,9.759200000000001e-05,0.11989320968003835,0.386383466276468,778.9681549072266,1352632
133.34,1354277,125,10762,9004,890.1000240100001,-855.9579091698232,9.723466666666669e-05,0.11965913302970654,0.512167833068154,744.4544659238873,1353168
133.81,1354869,125,10774,9008,931.1596886000001,-852.5224695205688,9.684533333333335e-05,0.1199121781392023,-0.6409859315802654,804.1320565541586,1353752
132.99,1355379,125,10785,9012,957.90362891,-843.9998433611034,9.649399999999997e-05,0.11907842669603044,-1.5874806294399024,796.986546609254,1354279
137.03,1356268,125,10800,9016,988.3611637500002,-837.9137627415403,9.598399999999995e-05,0.1184674311407219,-0.04966590214057787,851.7497439412675,1355044
141.5,1357084,125,10817,9020,1014.3670568699999,-832.780861198128,9.54166666666667e-05,0.1190052708828604,-0.6650932690539917,776.8184937316101,1355895
146.67,1358000,125,10835,9024,1048.14229469,-832.4653897220142,9.484800000000005e-05,0.11751001631016056,-0.5762466793735278,771.7617808999536,1356748
150.35,1358717,125,10852,9028,1067.00854595,-832.3994956878295,9.426733333333337e-05,0.11691266011042767,-0.9856424681154121,807.7523856411976,1357619
151.12,1359158,125,10861,9032,1055.8030074300002,-830.6706163194444,9.397200000000006e-05,0.11653217767123823,-0.6934047151494909,794.0376718026621,1358062
153.35,1359780,125,10872,9036,1057.23021821,-827.0565185546875,9.359733333333331e-05,0.11610658535686862,-0.7908402691368296,727.2251689494157,1358624
152.9,1360343,124,10884,9040,1049.08108399,-825.4854778133026,9.322266666666668e-05,0.1156809830094037,0.095366896423575,742.0599841810252,1359186
157.63,1361272,124,10902,9044,1079.1061939500003,-822.7381242745981,9.262599999999999e-05,0.11591895422139488,0.8055791373070056,784.1986291659906,1360081
160.27,1362123,124,10918,9048,1086.2191950599997,-818.7737404620709,9.209666666666672e-05,0.11627562780299952,-1.0537349217296264,760.038848718831,1360875
159.44,1362842,124,10934,9052,1065.82297743,-821.4408400833972,9.154933333333338e-05,0.11549635368622153,-0.9071098635533105,803.4057879301668,1361696
159.86,1363528,124,10948,9056,1049.83195433,-813.1467693095304,9.107466666666664e-05,0.11426954408537368,-1.4656209282729091,765.5996492346939,1362408
162.62,1364223,124,10961,9060,1035.3463431,-805.956163928767,9.066266666666668e-05,0.11345292286128755,-0.009517709920360783,761.1117835561181,1363026
163.17,1364961,124,10977,9064,1040.46995203,-805.1550839650545,9.010333333333332e-05,0.11298171087777872,-0.7160633525831236,774.779682735745,1363865
161.77,1365618,124,10990,9068,1056.54270951,-799.7339231813108,8.967800000000003e-05,0.11208226159214973,-0.7822770936922594,756.2476683777649,1364503
161.37,1366198,124,11002,9072,1069.4279765299998,-805.2603057533182,8.928133333333332e-05,0.11224345546416058,-0.08311703640927551,777.896232030725,1365098
163.02,1367060,124,11018,9076,1105.18374997,-811.1203911425331,8.878866666666663e-05,0.11316512339675482,2.4688964543804044,768.6506500947311,1365837
165.63,1367913,123,11036,9080,1127.7032338699998,-810.9359511508736,8.818400000000004e-05,0.11477327531063429,1.1011522553300346,814.318098498929,1366744
168.84,1368787,123,11053,9084,1162.55970505,-821.764847335282,8.761933333333339e-05,0.11559291449668524,1.603113537901765,788.5829335459463,1367591
172.42,1369754,123,11072,9088,1188.2028984300002,-820.4810355560124,8.703733333333331e-05,0.11537226176227046,0.009729559658563624,814.5680076197574,1368464
180.08,1370922,123,11094,9092,1214.74240216,-824.3524963378907,8.628199999999997e-05,0.11385982610723551,-0.7004695308559081,792.6428296257468,1369597
183.37,1371661,123,11111,9096,1227.57066799,-829.6743137951203,8.570199999999995e-05,0.11255336082714765,-0.20428946502705947,827.6124784908193,1370467
184.38,1372217,123,11124,9100,1217.73033381,-826.2887013056506,8.528266666666661e-05,0.11255443749362476,1.13926403326531,937.4245220863655,1371096
185.01,1372778,123,11134,9104,1180.89325136,-824.4877874655801,8.495799999999998e-05,0.11351585113367096,1.6991638038002077,786.1656786809202,1371583
184.43,1373312,123,11146,9108,1137.5127894299999,-830.790170288086,8.454933333333337e-05,0.11636835988610983,4.521236672997475,853.9962173461914,1372196
183.2,1373699,123,11154,9112,1102.0589151800002,-823.8112015262727,8.428733333333338e-05,0.11860088595459538,2.490801368990252,850.3480529785156,1372589
179.14,1374182,123,11164,9116,1061.3495645599999,-820.0287993726113,8.392466666666665e-05,0.1204581800446236,1.9755246562065838,785.4025729611623,1373133
174.14,1374498,123,11171,9120,1014.6044586099998,-823.8072786771335,8.370666666666671e-05,0.12115721885974591,2.326810685487894,799.836569918119,1373460
169.0,1374900,122,11178,9124,968.68939289,-823.0975911185245,8.34813333333333e-05,0.12127312217782808,0.3507547718566536,819.9515544712143,1373798
165.82,1375299,122,11187,9128,924.13526699,-817.319200572401,8.318933333333334e-05,0.12122981287170165,-1.5324328736503525,777.8778426670792,1374236
165.62,1375720,122,11195,9132,917.56385175,-816.3807601090316,8.293066666666672e-05,0.12061326852539084,-1.2957838695127886,815.5356230683379,1374624
164.05,1376185,122,11203,9136,902.09412012,-829.1270257568359,8.265400000000001e-05,0.12037659227848053,-0.9565783941745758,756.912744140625,1375039
165.54,1376897,122,11217,9140,926.2187973700001,-825.1615821882996,8.219733333333335e-05,0.12044571684292185,0.9032961018601356,807.3545603612711,1375724
163.01,1377573,122,11232,9144,900.8805537499998,-823.2725019724355,8.173466666666663e-05,0.11950279549185165,-1.9974770589736894,823.2238097110037,1376418
164.82,1378605,122,11252,9148,907.7501041799999,-817.2542728388642,8.107133333333339e-05,0.1170364590621216,-2.7451426348080945,790.7501599574606,1377413
166.87,1379529,122,11269,9152,931.88363669,-807.3264615885416,8.052933333333335e-05,0.11492001728879081,-1.324912610054016,768.9415313042534,1378226
168.71,1380399,122,11288,9156,954.55291605,-801.9308260599772,7.988866666666673e-05,0.11348825149858992,-0.17651055306196212,774.5571605682374,1379187
167.51,1380974,122,11301,9160,955.4836732000003,-800.212506182782,7.944533333333337e-05,0.11276026878070522,-0.9258755681576667,744.0969143161526,1379852
167.63,1381724,122,11316,9164,949.9171951699999,-802.7171530934562,7.896533333333333e-05,0.11347073009979408,1.2957161709798122,794.8540891124084,1380572
169.86,1382604,122,11332,9168,946.3276502999998,-801.0940090121352,7.844733333333331e-05,0.11379776426075679,0.4947882421730739,786.4950310566703,1381349
172.75,1383473,121,11350,9172,940.64658254,-795.2682814164596,7.78553333333334e-05,0.11371234587647698,-0.3746354436332529,764.1949876265093,1382237
172.27,1384287,121,11367,9176,923.2474797599998,-796.4889291231749,7.726999999999996e-05,0.11321614951383872,-0.10439282313722079,774.807484611136,1383115
170.74,1384987,121,11382,9180,919.9707100599999,-788.5301228617574,7.679400000000002e-05,0.11278482493790952,-0.7620992843921368,769.172101031293,1383829
169.82,1385769,121,11397,9184,911.5852152000001,-779.9014669202038,7.629333333333333e-05,0.11325080984646511,-0.9143709724711389,706.3658201866543,1384580
168.64,1386618,121,11414,9188,898.7928256299998,-780.0605612953941,7.572333333333337e-05,0.11370956803579907,0.9020885543508844,742.3759371579348,1385435
166.3,1387552,121,11433,9192,889.52158889,-782.9234497482712,7.511999999999997e-05,0.11346599132426687,-0.7446887652213509,725.199142043655,1386340
167.02,1388363,121,11450,9196,901.84505494,-778.7661693431713,7.45433333333333e-05,0.11254629111952252,-1.128207602765825,766.3940149377894,1387205
170.09,1389226,121,11467,9200,931.66645981,-767.9430229267889,7.396466666666668e-05,0.11220746858591747,-1.4060269472034577,739.7468563659452,1388073
173.38,1390116,121,11484,9204,987.3366909399999,-761.885944590849,7.3426e-05,0.11128671409781365,-0.9311540957321139,684.7911711300121,1388881
175.87,1390899,120,11501,9208,1048.5574899499998,-759.2627901117852,7.284533333333332e-05,0.10987946256361109,-1.6166226090268885,690.8209650567237,1389752
180.03,1391702,120,11517,9212,1106.1140875299998,-743.4817319245932,7.233400000000002e-05,0.10821484633579781,-2.6467194537962637,710.619873187509,1390519
183.6,1392542,120,11534,9216,1165.7812714799998,-741.2107032953306,7.17606666666667e-05,0.1058752060283062,-1.5310907374980838,681.4388328374819,1391379
189.67,1393465,120,11551,9220,1217.7028196699998,-736.9074288212605,7.121800000000001e-05,0.10477184837832111,-0.6774841975966258,680.4077700052301,1392193
195.56,1394456,120,11572,9224,1251.16580925,-731.6070609257139,7.051533333333337e-05,0.1053912865447587,0.9913210517373579,710.4936779153758,1393247
199.84,1395283,120,11589,9228,1303.6371620199998,-729.9756622314453,6.992133333333328e-05,0.10565732634973292,0.12729842902398578,688.0260133930282,1394138
201.88,1395908,120,11602,9232,1343.6598604800001,-730.2620831657858,6.950666666666672e-05,0.10673321489902103,3.2191609578974107,737.9940616383273,1394760
204.17,1396602,120,11616,9236,1374.52482872,-728.5686263591923,6.903400000000004e-05,0.10819858547888304,0.06468107756118328,732.1453782466419,1395469
202.61,1397158,120,11627,9240,1367.0293914799997,-728.94779183524,6.866133333333336e-05,0.10859726316162518,0.3928650643144335,751.4982086181641,1396028
202.75,1397848,120,11640,9244,1364.1815555399996,-733.0790776631918,6.824933333333339e-05,0.10927857795214078,1.549690793795758,749.884154721915,1396646
198.19,1398424,119,11653,9248,1338.72549856,-727.5536037347256,6.780200000000003e-05,0.10996740000943343,1.8523556421964595,715.4114788740109,1397317
196.27,1399156,119,11667,9252,1319.95342871,-727.219923981523,6.735400000000003e-05,0.11062907444032948,0.8231604642572656,729.982291567642,1397989
195.05,1399904,119,11682,9256,1313.50679035,-730.5725292222469,6.688266666666664e-05,0.11106424202825305,0.16201161817692253,723.3850524102756,1398696
195.14,1400488,119,11694,9260,1321.68912875,-736.6210102282072,6.644666666666666e-05,0.11137777326026357,1.4312471841510974,736.6098095886689,1399350
191.68,1400892,119,11703,9264,1311.4683842500003,-743.1685725386425,6.613800000000004e-05,0.11178658445996623,0.42514238306271135,737.2548644363239,1399813
189.98,1401602,119,11716,9268,1308.61260562,-750.1036235530202,6.573666666666666e-05,0.11173187064506658,0.23813838130090295,754.3503764082745,1400415
185.03,1401976,119,11726,9272,1289.65590123,-754.7408130122166,6.539799999999996e-05,0.11177610379515909,0.2369056636211919,736.1531264361213,1400923
181.54,1402441,119,11735,9276,1278.5535263099998,-759.8957610515334,6.511666666666671e-05,0.11172976691900573,0.31271560740026627,776.9292551360516,1401345
177.81,1402768,119,11742,9280,1241.3865021600002,-758.6505374392948,6.487333333333333e-05,0.1120538662212926,0.4281429132899722,756.6137753048458,1401710
173.44,1403113,119,11749,9284,1205.4459259900002,-765.2239368145282,6.463933333333338e-05,0.1121169335137193,0.0638778221148711,757.4422208345853,1402061
169.46,1403564,119,11757,9288,1180.7584637500001,-764.4104874069626,6.436399999999998e-05,0.11245056951569544,0.8467389115610638,773.3455441449139,1402474
165.59,1404111,119,11768,9292,1176.3596838500002,-772.1401298924496,6.401266666666672e-05,0.1127578828385786,-0.006586680678944839,771.6363750256991,1403001
164.92,1404855,119,11782,9296,1185.9491681,-773.945917672822,6.354266666666664e-05,0.11282548299341491,-0.03678870345606949,809.0281864050663,1403706
162.25,1405451,119,11794,9300,1184.82401358,-780.341703527114,6.313800000000003e-05,0.1129714631858994,-0.9903223218127368,787.6364184700869,1404313
160.3,1406146,119,11808,9304,1181.12133161,-783.7422574081085,6.269133333333332e-05,0.11298356536726595,-0.7662384447022157,808.4442267732999,1404983
157.67,1406666,118,11820,9308,1157.65236934,-783.7011421399238,6.226399999999999e-05,0.11245040652843621,1.3349284674876776,826.6868172670022,1405624
153.72,1407074,118,11829,9312,1103.11391826,-784.7409849676467,6.198933333333334e-05,0.11223378407818671,-2.0128874869747015,839.4834860299379,1406036
147.62,1407304,118,11833,9316,1040.48811752,-778.6384528664981,6.184333333333336e-05,0.11170665656819063,-2.8758083348180734,859.4312780043658,1406255
140.94,1407559,118,11838,9320,988.5026227200001,-784.3453852665889,6.166799999999995e-05,0.11087949922332516,-1.9711364043223394,822.0284035422585,1406518
133.59,1407815,118,11843,9324,948.3132828100001,-785.9779510498047,6.150066666666665e-05,0.11045622442136793,-0.7546688879237455,784.9152841007008,1406769
131.1,1408393,118,11855,9328,904.7434941500002,-782.3226957949336,6.111999999999996e-05,0.11027688889981743,0.1671689554245886,883.961864905443,1407340
131.65,1409073,118,11867,9332,906.47119056,-783.290467657437,6.075933333333339e-05,0.11039450472395723,0.10151869157401237,839.2373134549811,1407881
131.48,1409750,118,11881,9336,908.0268777699999,-787.9963385802878,6.02746666666667e-05,0.11084985632007405,1.3138108950550274,831.0360231561176,1408608
132.36,1410394,118,11895,9340,906.9172409,-798.5856233190318,5.979999999999996e-05,0.11172611563583541,2.189440829180629,873.0486717015667,1409320
133.27,1411175,118,11909,9344,918.12402701,-802.0541844602491,5.934266666666666e-05,0.11277177960413401,1.110646777221414,860.1532034952132,1410006
138.12,1412236,118,11928,9348,947.85332436,-797.3582863596688,5.874466666666667e-05,0.11314442028514052,-0.30819532776300884,854.0225310199029,1410903
140.74,1413230,118,11950,9352,969.6615620399998,-789.9855055033867,5.799733333333335e-05,0.11194169238723557,-1.9342843464442663,833.1838550285753,1412024
143.82,1414286,118,11971,9356,991.11503015,-789.9752244215745,5.730733333333338e-05,0.11085825234651565,-0.5416407719025245,854.198345665565,1413059
145.84,1415072,118,11988,9360,1006.32296298,-788.8626735715101,5.672600000000005e-05,0.11067012338525187,0.23936095942545982,824.4622388408131,1413931
148.68,1415760,117,12001,9364,1016.2796155299999,-785.0552823084482,5.62826666666667e-05,0.11087537223693006,-0.1730062421064199,822.2525054742091,1414596
148.94,1416496,117,12017,9368,1020.93870452,-786.9569447076143,5.576800000000004e-05,0.11120373711212357,1.307358539371348,857.7343458488806,1415368
153.13,1417289,117,12032,9372,1056.30549037,-779.3145028977167,5.5270000000000045e-05,0.1107843444194822,-1.3471010650197666,824.6564349219913,1416115
155.97,1418038,117,12048,9376,1074.88228946,-771.8213731297907,5.472399999999999e-05,0.11098012781508688,-0.4633132300849231,824.4169567755933,1416934
160.02,1418770,117,12062,9380,1104.2322950699997,-770.3017395019531,5.4282000000000054e-05,0.11061761922513445,-0.15452865213155748,823.8043383280436,1417597
163.03,1419416,117,12077,9384,1115.07199673,-762.8571308135986,5.3771333333333284e-05,0.11047849743627011,-0.30374256558716295,824.953511428833,1418363
162.51,1419815,117,12085,9388,1093.19989798,-761.0537194022297,5.3508e-05,0.11048899416940926,0.14833920236921658,801.5916315900148,1418758
161.08,1420219,117,12093,9392,1057.38775141,-752.5823344569052,5.323666666666671e-05,0.11096762889815916,1.2346671358231576,832.4060314547631,1419165
157.78,1420633,117,12101,9396,995.55014965,-754.3453926627092,5.296400000000001e-05,0.11149013676042632,0.8965413847307521,811.4190745916892,1419574
156.23,1421074,117,12110,9400,945.85577255,-748.1336881849501,5.2665999999999993e-05,0.1121323734211425,1.7208988153272204,823.4265242682563,1420021
154.78,1421624,117,12120,9404,897.1824828100001,-744.9151741115526,5.2342e-05,0.11271061482785762,0.16190634171168009,821.5667563252065,1420507
153.66,1422032,117,12129,9408,867.8530258599998,-746.8783787318638,5.2053333333333284e-05,0.11294628027826548,1.2125290930271149,819.8986184256418,1420940
155.07,1422581,117,12140,9412,884.5834467799999,-744.0590414629725,5.1683999999999954e-05,0.112907662630795,0.7083358853876948,832.846256461686,1421494
157.77,1423081,117,12149,9416,905.7095507600002,-743.8480573381696,5.1401999999999946e-05,0.11292451473751239,-0.6075808964669704,923.2084285191128,1421917
161.17,1423676,117,12162,9420,923.3801107099998,-739.7210336604588,5.09506666666667e-05,0.11336413944061373,0.71490192791106,845.1003267529985,1422594
164.69,1424284,116,12174,9424,942.82519708,-744.4057373046875,5.057333333333336e-05,0.1136613904134087,1.263088842060255,898.5519754161005,1423160
164.72,1424865,116,12185,9428,964.11029391,-738.7616125392163,5.0222666666666636e-05,0.11373562664966884,-0.440724603773102,878.1943647730069,1423686
164.46,1425519,116,12199,9432,951.48162283,-746.8653709967405,4.974199999999995e-05,0.11438984941962539,1.4505705967644194,798.1276629113204,1424407
163.63,1426113,116,12210,9436,945.0545304399999,-748.3953521105708,4.936866666666662e-05,0.11505480186671627,-0.17130899348226533,884.2402163135762,1424967
163.88,1426782,116,12225,9440,947.8225308899999,-755.084321085612,4.8908666666666716e-05,0.11549306466347642,-0.26839235259426963,854.6466298421224,1425657
162.17,1427392,116,12237,9444,946.39882181,-758.0070687626185,4.850133333333329e-05,0.11565313764502493,-0.2497135420863548,898.0274692492538,1426268
159.09,1428145,116,12251,9448,933.83739107,-760.2924908262311,4.803199999999996e-05,0.11547485612558596,-0.8309029478015322,855.1024273496686,1426972
159.22,1429152,116,12270,9452,941.13931945,-762.9973955758011,4.7413999999999956e-05,0.11528854015507276,0.21723051413202085,905.3055025897448,1427899
156.47,1429933,116,12288,9456,936.25146211,-763.7370500324153,4.681066666666667e-05,0.11503703995537357,-0.7657395343319708,905.9360313094965,1428804
155.08,1430580,116,12301,9460,943.6075618599998,-768.276998721852,4.6383333333333334e-05,0.1147490762612399,0.1703239216524012,873.7009629193474,1429445
155.8,1431340,116,12316,9464,961.7795270999999,-768.2576443598821,4.5886666666666635e-05,0.11424510958246313,-0.8878698354730239,919.2250691927396,1430190
155.54,1432050,116,12330,9468,977.5376035500001,-771.1802997789885,4.542533333333332e-05,0.11379279627611763,-2.2120465391560606,879.7849782843339,1430882
155.53,1432842,116,12345,9472,982.3308942399999,-772.1093911468668,4.493999999999998e-05,0.1129448403599401,-2.462458038771594,894.822750031002,1431610
155.48,1433586,115,12360,9476,978.85608173,-770.8894687652588,4.4418666666666716e-05,0.11180100552737712,-0.6190735399723053,890.9308055877685,1432392
154.68,1434238,115,12374,9480,979.2124008000001,-764.4597655339028,4.3965333333333304e-05,0.11112342558022756,-2.0839057226679216,862.2744978719683,1433072
153.97,1434813,115,12387,9484,980.06899715,-772.3101185944121,4.3528000000000014e-05,0.11067612772270785,-0.20502998465198582,894.318615412308,1433728
154.29,1435244,115,12396,9488,998.04793892,-771.4588187081473,4.321733333333333e-05,0.11053287368509676,0.6808676564848268,868.6796712503805,1434194
155.6,1435779,115,12406,9492,1012.59220162,-772.7214732228974,4.289866666666664e-05,0.11080703010529648,2.2114773164560764,903.8132158444251,1434672
154.41,1436074,115,12413,9496,1033.38338834,-769.3889737063892,4.266599999999998e-05,0.11106613921384288,1.150871067830961,903.9689481552333,1435021
153.44,1436418,115,12419,9500,1054.72870122,-769.663939420842,4.243666666666668e-05,0.11120434579524127,0.5293728891483023,890.1211058561466,1435365
153.4,1436964,115,12430,9504,1076.1158758499998,-766.4235556997904,4.210400000000003e-05,0.11104121899641142,-0.9807967503623265,900.7560235000238,1435864
155.5,1437582,115,12442,9508,1107.2505476,-757.7171748234675,4.1684666666666705e-05,0.11080012523702212,-0.4545733882830693,873.9396479679988,1436493
158.38,1438419,115,12458,9512,1127.43477889,-763.3518608940972,4.1199333333333364e-05,0.11104406547491197,1.3955064556664891,919.3664302119503,1437221
161.74,1439255,115,12474,9516,1159.59606573,-758.7555182734623,4.0698666666666664e-05,0.11133900322491609,1.4021681547164917,885.299944141243,1437972
164.53,1440129,115,12491,9520,1201.38870848,-755.9005895543982,4.012400000000005e-05,0.11137261635885037,-1.1342837775825823,867.8259832795966,1438834
168.89,1441173,115,12512,9524,1239.59386987,-749.0692041876033,3.9451333333333286e-05,0.10986116538357629,-2.574919748148729,892.1070580839586,1439843
173.33,1442198,115,12534,9528,1280.01840018,-746.0758541090072,3.868266666666664e-05,0.10775194818262562,-2.6513000796194035,866.7008092221657,1440996
177.2,1443239,114,12555,9532,1312.07952693,-751.6025055493313,3.797533333333336e-05,0.10683705781135092,-1.4685964814724366,867.4709650519435,1442057
181.22,1444235,114,12575,9536,1343.6809941200002,-748.844998124717,3.7323333333333376e-05,0.10621234189341033,-1.5553720954535664,863.8028044327446,1443035
182.38,1445020,114,12591,9540,1352.88670688,-751.3837443265048,3.67966666666667e-05,0.1058606464331123,0.031077075749635696,878.6548843383789,1443825
184.24,1445816,114,12607,9544,1352.9179568799998,-753.5788420879195,3.624000000000005e-05,0.10595689816721554,0.5191825792707246,896.8477693003387,1444660
183.67,1446512,114,12622,9548,1350.3975782099997,-757.2418762207031,3.575466666666671e-05,0.10635496294673752,2.4486867056173436,902.3297542796415,1445388
182.21,1447373,114,12639,9552,1330.70855684,-752.9899765662705,3.5211333333333374e-05,0.10691602087964422,1.8690169324746002,942.7627707227317,1446203
180.17,1447950,114,12651,9556,1310.82729783,-752.081714147809,3.4768000000000024e-05,0.10751862044649563,2.288310699421784,890.1472687118355,1446868
181.19,1448699,114,12666,9560,1302.71203902,-751.5679518902888,3.43053333333333e-05,0.1081818737639267,1.4747967446436647,910.485288025903,1447562
179.39,1449279,114,12678,9564,1298.6488703699997,-740.5158280806108,3.388266666666662e-05,0.10861823689756972,1.5436735478314487,942.7136629971591,1448196
176.31,1449681,114,12686,9568,1272.50039199,-738.5534902245107,3.3614000000000034e-05,0.10883721498527912,1.2090452590374032,919.8286539713541,1448599
173.72,1450214,114,12697,9572,1239.5199025499999,-723.2711940301913,3.326533333333337e-05,0.10902043306660429,0.1802102706142675,862.704398752373,1449122
170.21,1450607,114,12705,9576,1218.11036013,-729.6834035773027,3.299533333333338e-05,0.10921428454549689,0.5016761321770518,846.6218962016859,1449527
168.24,1451062,114,12714,9580,1205.11916019,-724.8663382123607,3.2702000000000006e-05,0.10920165427202402,0.12116625974344652,884.0270650701005,1449967
168.14,1451627,114,12725,9584,1212.53516462,-713.1043497721354,3.232333333333337e-05,0.10906837997026742,-0.12681503562877575,877.336023012797,1450535
169.66,1452210,114,12736,9588,1228.43559792,-713.9628590175083,3.195333333333328e-05,0.10911053729554017,0.4952972595180784,863.6924587431408,1451090
172.64,1453043,113,12752,9592,1258.0837943300003,-706.8973949266517,3.145533333333328e-05,0.1089076258485084,-1.8026220772577368,883.9772770093834,1451837
177.67,1453841,113,12769,9596,1271.90188368,-707.7585799307193,3.088066666666667e-05,0.10849091045136722,-1.3497667625265302,909.8330378694354,1452699
180.21,1454439,113,12781,9600,1291.63736875,-703.9271747486011,3.049400000000002e-05,0.10812304199144647,-1.3381706733961363,900.02546032055,1453279
182.19,1455183,113,12796,9604,1307.6882396800002,-701.6706188261821,3.0000666666666676e-05,0.10768952540546188,-1.4812545127269485,896.2436350877373,1454019
183.94,1455976,113,12812,9608,1318.0561991499999,-700.104188444469,2.9460000000000043e-05,0.10727065213969056,-2.571191235327385,893.787158375055,1454830
183.15,1456734,113,12826,9612,1324.65148675,-695.2424030303955,2.9021999999999994e-05,0.10646307235583663,-2.916098660603166,893.7488899230957,1455487
182.72,1457527,113,12843,9616,1314.0230566399998,-689.4468370733414,2.8462666666666637e-05,0.10549897214467513,-3.1570409520424625,885.620328689004,1456326
182.95,1458424,113,12860,9620,1308.45771187,-681.922565190479,2.7887333333333377e-05,0.104321744782154,-3.8168351337163133,850.7056505607836,1457189
181.94,1459367,113,12879,9624,1311.67563398,-678.4080047607422,2.7254e-05,0.10297806150579857,-4.380470605724949,884.5999088610633,1458139
181.81,1460379,113,12900,9628,1313.61383497,-671.663765390539,2.6561333333333326e-05,0.10151429782880035,-5.946066493504898,848.5779287195415,1459178
182.01,1461440,113,12922,9632,1324.2065118799999,-670.1207050606417,2.5824666666666718e-05,0.10015715633892952,-3.829017420558978,829.9117473787663,1460283
180.74,1462309,113,12940,9636,1314.80074745,-668.3571614583333,2.5256666666666706e-05,0.09923649895936251,-3.2579800993204118,844.05453414917,1461135
181.08,1463128,112,12956,9640,1329.0832989499997,-661.1532686121324,2.473066666666668e-05,0.09862630390653424,-3.0006671489453782,862.0455097273284,1461924
180.45,1463861,112,12971,9644,1344.14388954,-655.5254420374965,2.4217333333333312e-05,0.09810684477021028,-2.6879580729716532,837.4681000580658,1462694
181.96,1464708,112,12987,9648,1358.8544940900001,-651.4854451497396,2.3726666666666674e-05,0.09760904090874123,-3.2814017288612596,805.1519346294981,1463430
179.51,1465324,112,13002,9652,1368.4697400799998,-646.3820315197687,2.319400000000005e-05,0.097156613077248,-0.9148804123889017,860.6651048186076,1464229
181.25,1466075,112,13017,9656,1384.2178969299996,-645.6043012065272,2.272933333333338e-05,0.09684806272456173,-1.699287552438024,852.4659606652326,1464926
180.74,1466773,112,13031,9660,1371.6413462999997,-642.6086000042197,2.226399999999995e-05,0.09666418132406694,-0.5808809476870077,877.5947951328608,1465624
184.85,1467764,112,13048,9664,1383.8358292099997,-635.589215274461,2.170933333333336e-05,0.09661858411725431,-0.4040228060759832,857.6050689564001,1466456
187.97,1468478,112,13065,9668,1394.9052273700001,-637.1729636270492,2.1120666666666676e-05,0.0967380533636105,0.9870160138997875,851.4407361140017,1467339
188.12,1469026,112,13077,9672,1392.12525762,-627.7512322920787,2.0723999999999966e-05,0.09688056647023068,4.322397355791889,955.1338895000989,1467934
190.44,1469651,112,13089,9676,1404.84446441,-626.5977043383049,2.033066666666672e-05,0.09711359944436457,0.605746058416573,858.7207350957962,1468524
190.19,1470081,112,13097,9680,1389.84469416,-625.4465708856998,2.0066000000000028e-05,0.09722316550171893,0.8593973750653474,905.034253460428,1468921
187.57,1470384,112,13105,9684,1357.3286715200002,-617.8833180303159,1.9791333333333382e-05,0.09733172894819923,0.437197753916616,876.3133239746094,1469333
185.13,1470723,112,13112,9688,1324.0674557500001,-618.5240794590542,1.956800000000003e-05,0.0974264248673405,1.4868811475379127,936.8075932094029,1469668
181.86,1471229,112,13121,9692,1283.0514654199999,-614.3057750912767,1.9259333333333297e-05,0.09758983503783768,1.7788725037071573,872.7764941651617,1470131
178.44,1471685,112,13131,9696,1259.42173452,-609.1651228362439,1.8956666666666624e-05,0.09778387764213133,1.7936865067949481,914.4705798579197,1470585
175.98,1472037,112,13139,9700,1223.42225238,-607.0925522605971,1.8683333333333385e-05,0.0979701307150397,3.407188387200384,904.2435218131188,1470995
172.67,1472450,111,13146,9704,1191.22954538,-609.1416912841797,1.84226666666667e-05,0.09820175468921662,2.1978088033199312,896.6292156982422,1471386
169.76,1472952,111,13156,9708,1160.37535667,-604.603278750465,1.8137999999999988e-05,0.09838652817739381,1.5925796277939328,885.1700139121403,1471813
166.77,1473411,111,13165,9712,1130.29659262,-608.4138093171297,1.7808666666666695e-05,0.09863703946272533,1.563215110037062,895.6062407316984,1472307
164.0,1473927,111,13175,9716,1101.78010369,-604.0317897153705,1.7471333333333282e-05,0.09894294208020307,2.4038132767329055,916.6082184180784,1472813
160.51,1474475,111,13187,9720,1065.58514147,-603.5061616596423,1.7098666666666707e-05,0.09931668003923015,3.387604665128808,890.9793322111431,1473372
156.02,1474969,111,13196,9724,1025.26202301,-609.4850141323678,1.6773333333333307e-05,0.09968658348893732,4.195206572369831,909.6090028344131,1473860
150.91,1475470,111,13207,9728,981.7996478399998,-605.7550980208756,1.64266666666667e-05,0.10005587895775771,4.321326078532578,924.7390315068233,1474380
147.1,1476150,111,13220,9732,937.2880962600003,-604.9821166992188,1.601666666666668e-05,0.10040875483695635,3.1719275047343065,911.1469477197076,1474995
144.03,1476712,111,13231,9736,901.5817531199999,-606.6595499674479,1.5627333333333325e-05,0.10071120596293247,2.714443069515806,910.2055090701941,1475579
144.01,1477529,111,13247,9740,871.82847974,-600.2615864093488,1.5125333333333324e-05,0.10092671562989171,0.7547663286901437,890.4667645967924,1476332
143.97,1478258,111,13262,9744,837.9944831999998,-592.4432260798312,1.4607333333333306e-05,0.10095125907796552,-0.2779191304212329,900.822432243961,1477109
142.87,1478995,111,13277,9748,806.4798576,-591.4206083273585,1.4124666666666674e-05,0.10086628049612045,-1.414141296585904,899.7671628541584,1477833
144.93,1479817,111,13293,9752,786.7367792199999,-589.89765625,1.3612666666666718e-05,0.10064961902193122,-1.9653856254912712,886.4386111697635,1478601
145.39,1480614,111,13308,9756,776.5543978599998,-590.1863621075948,1.3091333333333345e-05,0.10048401126793276,-2.099772279461225,876.3080889383951,1479383
145.32,1481305,111,13323,9760,784.3852189899999,-593.0283991327349,1.261066666666666e-05,0.10028137937681564,-1.8072749384191653,888.7621237647454,1480104
143.12,1482076,111,13338,9764,774.4425994799999,-591.5700310859971,1.2101333333333298e-05,0.10005529537683225,-3.135850430444907,881.9513251617665,1480868
146.41,1483119,111,13358,9768,786.7502937200001,-587.0973184826305,1.1485333333333347e-05,0.09976810077054601,-2.3761972983678183,880.7194196089957,1481792
150.9,1484116,110,13379,9772,834.1212854999999,-582.4061094053989,1.0754000000000041e-05,0.09929834091709745,-3.9623505707380837,875.1517395732004,1482889
152.78,1484929,110,13395,9776,862.9054952499998,-572.6702785117953,1.0205333333333288e-05,0.09887932003567032,-4.625925293155745,865.2828572591146,1483712
157.95,1485876,110,13414,9780,912.71682254,-567.1184615169662,9.62799999999997e-06,0.09850207282357426,-4.421322463985428,866.6234331858685,1484578
163.33,1486717,110,13432,9784,970.57482359,-561.0032428942228,8.995333333333356e-06,0.09804102103961142,-4.369674219896919,856.4199848375822,1485527
169.84,1487707,110,13451,9788,1031.11109656,-561.3676131981007,8.365999999999984e-06,0.09764421115750851,-4.7386395793030225,835.8373015030571,1486471
173.23,1488552,110,13469,9792,1084.82176493,-553.3193758796243,7.755999999999985e-06,0.09718435367240626,-5.264549808759315,865.0008679558249,1487386
178.47,1489532,110,13487,9796,1129.29501208,-553.7716431990914,7.195999999999981e-06,0.09683525662707246,-5.864954773239467,816.9292008109715,1488226
183.49,1490386,110,13506,9800,1181.2766660700001,-552.1210258801779,6.544666666666643e-06,0.09643106395378709,-4.970780584029853,873.1346845626831,1489203
190.6,1491510,110,13525,9804,1226.7967530100002,-552.5483804926698,5.983333333333341e-06,0.09614473997581342,-5.039363420443979,871.0449458442719,1490045
194.98,1492450,110,13547,9808,1279.2634233600002,-545.380089686467,5.181333333333371e-06,0.09575110584354171,-5.914006429796036,852.0661356999324,1491248
202.7,1493681,110,13572,9812,1330.3937584799999,-543.2682510970475,4.358666666666622e-06,0.09543227210834429,-5.7581694056461386,859.575577574891,1492482
206.3,1494557,109,13590,9816,1365.9727854900002,-539.2096787994983,3.7620000000000433e-06,0.09521158755409952,-6.314478549887152,909.7309689989277,1493377
211.33,1495608,109,13612,9820,1395.7487119000004,-537.6248531341553,3.027333333333382e-06,0.09500398576658751,-6.7168946633381506,909.2520384107318,1494479
216.1,1496579,109,13630,9824,1423.38502134,-533.6407675127093,2.4393333333333487e-06,0.09485451181967293,-6.053674467157519,928.3513753060519,1495361
221.53,1497623,109,13652,9828,1467.0788829500002,-529.1168623299434,1.7326666666667157e-06,0.09472596259980366,-5.675692458137823,908.3300339271283,1496421
224.44,1498594,109,13669,9832,1496.3554749,-523.3535434384889,1.164000000000054e-06,0.09464592349868786,-7.24525034767163,968.5402727730667,1497274
228.01,1499513,109,13690,9836,1536.0881175099996,-524.2902048746745,4.813333333333337e-07,0.09459238067269325,-6.110597929954529,949.0178499348958,1498298
